/*!40103 SET @OLD_TIME_ZONE=@@TIME_ZONE */;
/*!40103 SET TIME_ZONE='+00:00' */;
/*!40014 SET @OLD_UNIQUE_CHECKS=@@UNIQUE_CHECKS, UNIQUE_CHECKS=0 */;
/*!40014 SET @OLD_FOREIGN_KEY_CHECKS=@@FOREIGN_KEY_CHECKS, FOREIGN_KEY_CHECKS=0 */;
/*!40101 SET @OLD_SQL_MODE=@@SQL_MODE, SQL_MODE='NO_AUTO_VALUE_ON_ZERO' */;
/*!40111 SET @OLD_SQL_NOTES=@@SQL_NOTES, SQL_NOTES=0 */;

DROP TABLE IF EXISTS `actions`;
CREATE TABLE `actions` (
  `aid` varchar(255) NOT NULL DEFAULT '0',
  `type` varchar(32) NOT NULL DEFAULT '',
  `callback` varchar(255) NOT NULL DEFAULT '',
  `parameters` longtext NOT NULL,
  `description` varchar(255) NOT NULL DEFAULT '0',
  PRIMARY KEY (`aid`)
) ENGINE=InnoDB DEFAULT CHARSET=utf8;

LOCK TABLES `actions` WRITE;
/*!40000 ALTER TABLE `actions` DISABLE KEYS */;
INSERT INTO `actions` VALUES ('comment_publish_action','comment','comment_publish_action','','Publish comment');
INSERT INTO `actions` VALUES ('comment_unpublish_action','comment','comment_unpublish_action','','Unpublish comment');
INSERT INTO `actions` VALUES ('guides_helpers_publish_action','node','guides_helpers_publish_action','','Publish guide card');
INSERT INTO `actions` VALUES ('node_make_sticky_action','node','node_make_sticky_action','','Make post sticky');
INSERT INTO `actions` VALUES ('node_make_unsticky_action','node','node_make_unsticky_action','','Make post unsticky');
INSERT INTO `actions` VALUES ('node_promote_action','node','node_promote_action','','Promote post to front page');
INSERT INTO `actions` VALUES ('node_publish_action','node','node_publish_action','','Publish post');
INSERT INTO `actions` VALUES ('node_save_action','node','node_save_action','','Save post');
INSERT INTO `actions` VALUES ('node_unpromote_action','node','node_unpromote_action','','Remove post from front page');
INSERT INTO `actions` VALUES ('node_unpublish_action','node','node_unpublish_action','','Unpublish post');
INSERT INTO `actions` VALUES ('user_block_ip_action','user','user_block_ip_action','','Ban IP address of current user');
INSERT INTO `actions` VALUES ('user_block_user_action','user','user_block_user_action','','Block current user');
/*!40000 ALTER TABLE `actions` ENABLE KEYS */;
UNLOCK TABLES;

DROP TABLE IF EXISTS `actions_aid`;
CREATE TABLE `actions_aid` (
  `aid` int(10) unsigned NOT NULL AUTO_INCREMENT,
  PRIMARY KEY (`aid`)
) ENGINE=InnoDB DEFAULT CHARSET=utf8;

LOCK TABLES `actions_aid` WRITE;
/*!40000 ALTER TABLE `actions_aid` DISABLE KEYS */;
INSERT INTO `actions_aid` VALUES (1);
/*!40000 ALTER TABLE `actions_aid` ENABLE KEYS */;
UNLOCK TABLES;

DROP TABLE IF EXISTS `authmap`;
CREATE TABLE `authmap` (
  `aid` int(10) unsigned NOT NULL AUTO_INCREMENT,
  `uid` int(11) NOT NULL DEFAULT '0',
  `authname` varchar(128) NOT NULL DEFAULT '',
  `module` varchar(128) NOT NULL DEFAULT '',
  PRIMARY KEY (`aid`),
  UNIQUE KEY `authname` (`authname`)
) ENGINE=InnoDB DEFAULT CHARSET=utf8;

LOCK TABLES `authmap` WRITE;
/*!40000 ALTER TABLE `authmap` DISABLE KEYS */;
INSERT INTO `authmap` VALUES (1,2,'174935446','twitter');
INSERT INTO `authmap` VALUES (2,4,'16111045','twitter');
/*!40000 ALTER TABLE `authmap` ENABLE KEYS */;
UNLOCK TABLES;

DROP TABLE IF EXISTS `batch`;
CREATE TABLE `batch` (
  `bid` int(10) unsigned NOT NULL AUTO_INCREMENT,
  `token` varchar(64) NOT NULL,
  `timestamp` int(11) NOT NULL,
  `batch` longtext,
  PRIMARY KEY (`bid`),
  KEY `token` (`token`)
) ENGINE=InnoDB DEFAULT CHARSET=utf8;

LOCK TABLES `batch` WRITE;
/*!40000 ALTER TABLE `batch` DISABLE KEYS */;
INSERT INTO `batch` VALUES (3,'88fc60b3cc36bd86d4526da2302c108a',1290424539,'a:8:{s:4:\"sets\";a:1:{i:0;a:11:{s:7:\"sandbox\";a:0:{}s:7:\"results\";a:0:{}s:7:\"success\";b:0;s:5:\"title\";s:19:\"Running SimpleTests\";s:10:\"operations\";a:1:{i:0;a:2:{i:0;s:27:\"_simpletest_batch_operation\";i:1;a:2:{i:0;a:1:{i:0;s:20:\"FeaturesUserTestCase\";}i:1;s:1:\"3\";}}}s:8:\"finished\";s:26:\"_simpletest_batch_finished\";s:16:\"progress_message\";s:0:\"\";s:3:\"css\";a:1:{i:0;s:43:\"sites/all/modules/simpletest/simpletest.css\";}s:12:\"init_message\";s:61:\"Processing test 1 of 1 - <em>Component tests</em>.<br/>&nbsp;\";s:13:\"error_message\";s:22:\"An error has occurred.\";s:5:\"total\";i:1;}}s:11:\"current_set\";i:0;s:11:\"progressive\";b:1;s:3:\"url\";s:5:\"batch\";s:11:\"source_page\";s:19:\"admin/build/testing\";s:8:\"redirect\";s:29:\"admin/build/testing/results/3\";s:2:\"id\";s:1:\"3\";s:13:\"error_message\";s:75:\"Please continue to <a href=\"/batch?id=3&amp;op=finished\">the error page</a>\";}');
/*!40000 ALTER TABLE `batch` ENABLE KEYS */;
UNLOCK TABLES;

DROP TABLE IF EXISTS `better_formats_defaults`;
CREATE TABLE `better_formats_defaults` (
  `rid` int(10) unsigned NOT NULL,
  `type` varchar(255) NOT NULL,
  `format` mediumint(8) unsigned NOT NULL,
  `type_weight` tinyint(3) unsigned NOT NULL DEFAULT '0',
  `weight` tinyint(4) NOT NULL DEFAULT '0',
  PRIMARY KEY (`rid`,`type`)
) ENGINE=InnoDB DEFAULT CHARSET=utf8;

LOCK TABLES `better_formats_defaults` WRITE;
/*!40000 ALTER TABLE `better_formats_defaults` DISABLE KEYS */;
INSERT INTO `better_formats_defaults` VALUES (1,'block',0,1,25);
INSERT INTO `better_formats_defaults` VALUES (1,'comment',0,1,0);
INSERT INTO `better_formats_defaults` VALUES (1,'node',0,1,0);
INSERT INTO `better_formats_defaults` VALUES (2,'block',0,1,25);
INSERT INTO `better_formats_defaults` VALUES (2,'comment',0,1,0);
INSERT INTO `better_formats_defaults` VALUES (2,'node',0,1,0);
INSERT INTO `better_formats_defaults` VALUES (3,'block',0,1,25);
INSERT INTO `better_formats_defaults` VALUES (3,'comment',0,1,25);
INSERT INTO `better_formats_defaults` VALUES (3,'node',0,1,25);
/*!40000 ALTER TABLE `better_formats_defaults` ENABLE KEYS */;
UNLOCK TABLES;

DROP TABLE IF EXISTS `blocks`;
CREATE TABLE `blocks` (
  `bid` int(11) NOT NULL AUTO_INCREMENT,
  `module` varchar(64) NOT NULL DEFAULT '',
  `delta` varchar(32) NOT NULL DEFAULT '0',
  `theme` varchar(64) NOT NULL DEFAULT '',
  `status` tinyint(4) NOT NULL DEFAULT '0',
  `weight` tinyint(4) NOT NULL DEFAULT '0',
  `region` varchar(64) NOT NULL DEFAULT '',
  `custom` tinyint(4) NOT NULL DEFAULT '0',
  `throttle` tinyint(4) NOT NULL DEFAULT '0',
  `visibility` tinyint(4) NOT NULL DEFAULT '0',
  `pages` text NOT NULL,
  `title` varchar(64) NOT NULL DEFAULT '',
  `cache` tinyint(4) NOT NULL DEFAULT '1',
  PRIMARY KEY (`bid`),
  UNIQUE KEY `tmd` (`theme`,`module`,`delta`),
  KEY `list` (`theme`,`status`,`region`,`weight`,`module`)
) ENGINE=InnoDB DEFAULT CHARSET=utf8;

LOCK TABLES `blocks` WRITE;
/*!40000 ALTER TABLE `blocks` DISABLE KEYS */;
INSERT INTO `blocks` VALUES (1,'user','0','garland',1,0,'left',0,0,0,'','',-1);
INSERT INTO `blocks` VALUES (2,'user','1','garland',1,0,'left',0,0,0,'','',-1);
INSERT INTO `blocks` VALUES (3,'system','0','garland',1,-7,'footer',0,0,0,'','',-1);
INSERT INTO `blocks` VALUES (4,'comment','0','garland',0,-6,'',0,0,0,'','',1);
INSERT INTO `blocks` VALUES (5,'menu','primary-links','garland',0,-8,'',0,0,0,'','',-1);
INSERT INTO `blocks` VALUES (6,'menu','secondary-links','garland',0,-5,'',0,0,0,'','',-1);
INSERT INTO `blocks` VALUES (7,'node','0','garland',0,0,'',0,0,0,'','',-1);
INSERT INTO `blocks` VALUES (8,'user','2','garland',0,2,'',0,0,0,'','',1);
INSERT INTO `blocks` VALUES (9,'user','3','garland',0,3,'',0,0,0,'','',-1);
INSERT INTO `blocks` VALUES (12,'privatemsg','privatemsg-menu','garland',0,-7,'',0,0,0,'','',-1);
INSERT INTO `blocks` VALUES (13,'privatemsg','privatemsg-new','garland',0,-9,'',0,0,0,'','',-1);
INSERT INTO `blocks` VALUES (14,'twitter_signin','0','garland',0,-4,'',0,0,0,'','',1);
INSERT INTO `blocks` VALUES (15,'search','0','garland',0,-3,'',0,0,0,'','',-1);
INSERT INTO `blocks` VALUES (16,'views','guides-block_1','garland',1,-10,'right',0,0,0,'','',-1);
INSERT INTO `blocks` VALUES (17,'views','tweets-block','garland',0,1,'',0,0,0,'','',-1);
INSERT INTO `blocks` VALUES (18,'views','guides-block_2','garland',1,-9,'right',0,0,0,'','',-1);
INSERT INTO `blocks` VALUES (19,'gmaps','0','garland',0,-2,'',0,0,0,'','',-1);
INSERT INTO `blocks` VALUES (20,'gmaps','1','garland',0,-1,'',0,0,0,'','',-1);
INSERT INTO `blocks` VALUES (21,'views','testimonials-block_1','garland',1,-8,'right',0,0,0,'','',-1);
INSERT INTO `blocks` VALUES (22,'comment','0','zen',0,-4,'',0,0,0,'','',1);
INSERT INTO `blocks` VALUES (23,'gmaps','0','zen',0,1,'',0,0,0,'','',-1);
INSERT INTO `blocks` VALUES (24,'gmaps','1','zen',0,3,'',0,0,0,'','',-1);
INSERT INTO `blocks` VALUES (25,'menu','primary-links','zen',0,-6,'',0,0,0,'','',-1);
INSERT INTO `blocks` VALUES (26,'menu','secondary-links','zen',0,-3,'',0,0,0,'','',-1);
INSERT INTO `blocks` VALUES (27,'node','0','zen',0,4,'',0,0,0,'','',-1);
INSERT INTO `blocks` VALUES (28,'privatemsg','privatemsg-menu','zen',0,-5,'',0,0,0,'','',-1);
INSERT INTO `blocks` VALUES (29,'privatemsg','privatemsg-new','zen',0,-8,'',0,0,0,'','',-1);
INSERT INTO `blocks` VALUES (30,'search','0','zen',0,-1,'',0,0,0,'','',-1);
INSERT INTO `blocks` VALUES (31,'system','0','zen',1,-7,'footer',0,0,0,'','',-1);
INSERT INTO `blocks` VALUES (32,'twitter_signin','0','zen',0,-2,'',0,0,0,'','',1);
INSERT INTO `blocks` VALUES (33,'user','0','zen',0,0,'',0,0,0,'','',-1);
INSERT INTO `blocks` VALUES (34,'user','1','zen',0,-11,'',0,0,0,'','',-1);
INSERT INTO `blocks` VALUES (35,'user','2','zen',0,6,'',0,0,0,'','',1);
INSERT INTO `blocks` VALUES (36,'user','3','zen',0,7,'',0,0,0,'','',-1);
INSERT INTO `blocks` VALUES (37,'views','guides-block_1','zen',0,-9,'',0,0,0,'','',-1);
INSERT INTO `blocks` VALUES (38,'views','guides-block_2','zen',0,-7,'',0,0,0,'','',-1);
INSERT INTO `blocks` VALUES (39,'views','testimonials-block_1','zen',0,-10,'',0,0,0,'','',-1);
INSERT INTO `blocks` VALUES (40,'views','tweets-block','zen',0,5,'',0,0,0,'','',-1);
INSERT INTO `blocks` VALUES (41,'views','news-block_1','zen',0,2,'',0,0,0,'','',-1);
INSERT INTO `blocks` VALUES (42,'block','1','zen',1,-11,'header',0,0,0,'','',-1);
INSERT INTO `blocks` VALUES (43,'block','1','garland',0,0,'',0,0,0,'','',-1);
INSERT INTO `blocks` VALUES (44,'block','2','zen',1,0,'header',0,0,0,'','',-1);
INSERT INTO `blocks` VALUES (45,'block','2','garland',0,0,'',0,0,0,'','',-1);
/*!40000 ALTER TABLE `blocks` ENABLE KEYS */;
UNLOCK TABLES;

DROP TABLE IF EXISTS `blocks_roles`;
CREATE TABLE `blocks_roles` (
  `module` varchar(64) NOT NULL,
  `delta` varchar(32) NOT NULL,
  `rid` int(10) unsigned NOT NULL,
  PRIMARY KEY (`module`,`delta`,`rid`),
  KEY `rid` (`rid`)
) ENGINE=InnoDB DEFAULT CHARSET=utf8;

LOCK TABLES `blocks_roles` WRITE;
/*!40000 ALTER TABLE `blocks_roles` DISABLE KEYS */;
INSERT INTO `blocks_roles` VALUES ('block','1',1);
/*!40000 ALTER TABLE `blocks_roles` ENABLE KEYS */;
UNLOCK TABLES;

DROP TABLE IF EXISTS `boxes`;
CREATE TABLE `boxes` (
  `bid` int(10) unsigned NOT NULL AUTO_INCREMENT,
  `body` longtext,
  `info` varchar(128) NOT NULL DEFAULT '',
  `format` smallint(6) NOT NULL DEFAULT '0',
  PRIMARY KEY (`bid`),
  UNIQUE KEY `info` (`info`)
) ENGINE=InnoDB DEFAULT CHARSET=utf8;

LOCK TABLES `boxes` WRITE;
/*!40000 ALTER TABLE `boxes` DISABLE KEYS */;
INSERT INTO `boxes` VALUES (1,'<a href=\'/twitter/redirect\'><img alt=\"\" src=\"http://twitter-badges.s3.amazonaws.com/twitter-a.png\"></a> <a href=\'/user/login\'>Войти</a> / <a href=\'/user/register\'>Зарегистрироваться</a> / <a href=\'/node/add/guide\'>Стать гидом</a>','Приглашение к регистрации/вход',2);
INSERT INTO `boxes` VALUES (2,'<?php\r\nif(function_exists(\"guides_helpers_get_card\"))\r\n{\r\nif($nid=guides_helpers_get_card())\r\n{\r\necho l(\"Моя карточка гида\", \"node/\".$nid);\r\n}\r\nelse\r\n{\r\necho l(\"Стань гидом!\", \"node/add/guide\");\r\n}\r\n}\r\n?>','Карточка гида',3);
/*!40000 ALTER TABLE `boxes` ENABLE KEYS */;
UNLOCK TABLES;

DROP TABLE IF EXISTS `contemplate`;
CREATE TABLE `contemplate` (
  `type` varchar(32) NOT NULL DEFAULT '',
  `teaser` text NOT NULL,
  `body` text NOT NULL,
  `rss` text NOT NULL,
  `enclosure` varchar(128) NOT NULL,
  `flags` int(10) unsigned NOT NULL DEFAULT '7',
  KEY `type` (`type`)
) ENGINE=InnoDB DEFAULT CHARSET=utf8;

LOCK TABLES `contemplate` WRITE;
/*!40000 ALTER TABLE `contemplate` DISABLE KEYS */;
INSERT INTO `contemplate` VALUES ('guide','<?php print $node->field_photo[0][\'view\'] ?><?php print $node->title?>','<div class=\"field field-type-filefield field-field-photo\">\n  <h3 class=\"field-label\">Фото</h3>\n  <div class=\"field-items\">\n      <div class=\"field-item\"><?php print $node->field_photo[0][\'view\'] ?></div>\n  </div>\n</div>\n\n<div class=\"field field-type-text field-field-addinfo\">\n  <h3 class=\"field-label\">Дополнительная информация</h3>\n  <div class=\"field-items\">\n      <div class=\"field-item\"><?php print $node->field_addinfo[0][\'view\'] ?></div>\n  </div>\n</div>\n\n<div class=\"field field-type-text field-field-phone\">\n  <h3 class=\"field-label\">Телефон</h3>\n  <div class=\"field-items\">\n      <div class=\"field-item\"><?php print $node->field_phone[0][\'view\'] ?></div>\n  </div>\n</div>\n\n<div class=\"field field-type-email field-field-mail\">\n  <h3 class=\"field-label\">E-mail</h3>\n  <div class=\"field-items\">\n      <div class=\"field-item\"><?php print $node->field_mail[0][\'view\'] ?></div>\n  </div>\n</div>\n\n<div class=\"field field-type-text field-field-skype\">\n  <h3 class=\"field-label\">Skype</h3>\n  <div class=\"field-items\">\n      <div class=\"field-item\"><?php print $node->field_skype[0][\'view\'] ?></div>\n  </div>\n</div>\n\n<div class=\"field field-type-gmaps-address field-field-place\">\n  <h3 class=\"field-label\">Место</h3>\n  <div class=\"field-items\">\n    <?php foreach ((array)$node->field_place as $item) { ?>\n      <div class=\"field-item\"><?php print $item[\'view\'] ?></div>\n    <?php } ?>\n  </div>\n</div>\n','<div class=\"field field-type-filefield field-field-photo\">\n  <h3 class=\"field-label\">Фото</h3>\n  <div class=\"field-items\">\n      <div class=\"field-item\"><?php print $node->field_photo[0][\'view\'] ?></div>\n  </div>\n</div>\n\n<div class=\"field field-type-text field-field-addinfo\">\n  <h3 class=\"field-label\">Дополнительная информация</h3>\n  <div class=\"field-items\">\n      <div class=\"field-item\"><?php print $node->field_addinfo[0][\'view\'] ?></div>\n  </div>\n</div>\n\n<div class=\"field field-type-text field-field-phone\">\n  <h3 class=\"field-label\">Телефон</h3>\n  <div class=\"field-items\">\n      <div class=\"field-item\"><?php print $node->field_phone[0][\'view\'] ?></div>\n  </div>\n</div>\n\n<div class=\"field field-type-email field-field-mail\">\n  <h3 class=\"field-label\">E-mail</h3>\n  <div class=\"field-items\">\n      <div class=\"field-item\"><?php print $node->field_mail[0][\'view\'] ?></div>\n  </div>\n</div>\n\n<div class=\"field field-type-text field-field-skype\">\n  <h3 class=\"field-label\">Skype</h3>\n  <div class=\"field-items\">\n      <div class=\"field-item\"><?php print $node->field_skype[0][\'view\'] ?></div>\n  </div>\n</div>\n\n<div class=\"field field-type-gmaps-address field-field-place\">\n  <h3 class=\"field-label\">Место</h3>\n  <div class=\"field-items\">\n    <?php foreach ((array)$node->field_place as $item) { ?>\n      <div class=\"field-item\"><?php print $item[\'view\'] ?></div>\n    <?php } ?>\n  </div>\n</div>\n','',0);
/*!40000 ALTER TABLE `contemplate` ENABLE KEYS */;
UNLOCK TABLES;

DROP TABLE IF EXISTS `contemplate_files`;
CREATE TABLE `contemplate_files` (
  `site` varchar(255) NOT NULL,
  `data` longblob NOT NULL,
  UNIQUE KEY `site` (`site`)
) ENGINE=InnoDB DEFAULT CHARSET=utf8;

LOCK TABLES `contemplate_files` WRITE;
/*!40000 ALTER TABLE `contemplate_files` DISABLE KEYS */;
INSERT INTO `contemplate_files` VALUES ('sites/default','a:0:{}');
/*!40000 ALTER TABLE `contemplate_files` ENABLE KEYS */;
UNLOCK TABLES;

DROP TABLE IF EXISTS `content_group`;
CREATE TABLE `content_group` (
  `group_type` varchar(32) NOT NULL DEFAULT 'standard',
  `type_name` varchar(32) NOT NULL DEFAULT '',
  `group_name` varchar(32) NOT NULL DEFAULT '',
  `label` varchar(255) NOT NULL DEFAULT '',
  `settings` mediumtext NOT NULL,
  `weight` int(11) NOT NULL DEFAULT '0',
  PRIMARY KEY (`type_name`,`group_name`)
) ENGINE=InnoDB DEFAULT CHARSET=utf8;

LOCK TABLES `content_group` WRITE;
/*!40000 ALTER TABLE `content_group` DISABLE KEYS */;
INSERT INTO `content_group` VALUES ('standard','guide','group_contacts','Контакты','a:2:{s:4:\"form\";a:2:{s:5:\"style\";s:8:\"fieldset\";s:11:\"description\";s:0:\"\";}s:7:\"display\";a:6:{s:6:\"weight\";s:1:\"0\";s:5:\"label\";s:5:\"above\";s:6:\"teaser\";a:2:{s:6:\"format\";s:8:\"fieldset\";s:7:\"exclude\";i:1;}s:4:\"full\";a:2:{s:6:\"format\";s:8:\"fieldset\";s:7:\"exclude\";i:1;}s:11:\"description\";s:0:\"\";i:4;a:2:{s:6:\"format\";s:8:\"fieldset\";s:7:\"exclude\";i:0;}}}',0);
/*!40000 ALTER TABLE `content_group` ENABLE KEYS */;
UNLOCK TABLES;

DROP TABLE IF EXISTS `content_group_fields`;
CREATE TABLE `content_group_fields` (
  `type_name` varchar(32) NOT NULL DEFAULT '',
  `group_name` varchar(32) NOT NULL DEFAULT '',
  `field_name` varchar(32) NOT NULL DEFAULT '',
  PRIMARY KEY (`type_name`,`group_name`,`field_name`)
) ENGINE=InnoDB DEFAULT CHARSET=utf8;

LOCK TABLES `content_group_fields` WRITE;
/*!40000 ALTER TABLE `content_group_fields` DISABLE KEYS */;
INSERT INTO `content_group_fields` VALUES ('guide','group_contacts','field_mail');
INSERT INTO `content_group_fields` VALUES ('guide','group_contacts','field_phone');
INSERT INTO `content_group_fields` VALUES ('guide','group_contacts','field_skype');
/*!40000 ALTER TABLE `content_group_fields` ENABLE KEYS */;
UNLOCK TABLES;

DROP TABLE IF EXISTS `content_node_field`;
CREATE TABLE `content_node_field` (
  `field_name` varchar(32) NOT NULL DEFAULT '',
  `type` varchar(127) NOT NULL DEFAULT '',
  `global_settings` mediumtext NOT NULL,
  `required` tinyint(4) NOT NULL DEFAULT '0',
  `multiple` tinyint(4) NOT NULL DEFAULT '0',
  `db_storage` tinyint(4) NOT NULL DEFAULT '1',
  `module` varchar(127) NOT NULL DEFAULT '',
  `db_columns` mediumtext NOT NULL,
  `active` tinyint(4) NOT NULL DEFAULT '0',
  `locked` tinyint(4) NOT NULL DEFAULT '0',
  PRIMARY KEY (`field_name`)
) ENGINE=InnoDB DEFAULT CHARSET=utf8;

LOCK TABLES `content_node_field` WRITE;
/*!40000 ALTER TABLE `content_node_field` DISABLE KEYS */;
INSERT INTO `content_node_field` VALUES ('field_addinfo','text','a:4:{s:15:\"text_processing\";s:1:\"1\";s:10:\"max_length\";s:0:\"\";s:14:\"allowed_values\";s:0:\"\";s:18:\"allowed_values_php\";s:0:\"\";}',0,0,1,'text','a:2:{s:5:\"value\";a:5:{s:4:\"type\";s:4:\"text\";s:4:\"size\";s:3:\"big\";s:8:\"not null\";b:0;s:8:\"sortable\";b:1;s:5:\"views\";b:1;}s:6:\"format\";a:4:{s:4:\"type\";s:3:\"int\";s:8:\"unsigned\";b:1;s:8:\"not null\";b:0;s:5:\"views\";b:0;}}',1,0);
INSERT INTO `content_node_field` VALUES ('field_guide','nodereference','a:3:{s:19:\"referenceable_types\";a:5:{s:5:\"guide\";s:5:\"guide\";s:4:\"page\";i:0;s:5:\"story\";i:0;s:4:\"news\";i:0;s:11:\"testimonial\";i:0;}s:13:\"advanced_view\";s:2:\"--\";s:18:\"advanced_view_args\";s:0:\"\";}',1,0,1,'nodereference','a:1:{s:3:\"nid\";a:4:{s:4:\"type\";s:3:\"int\";s:8:\"unsigned\";b:1;s:8:\"not null\";b:0;s:5:\"index\";b:1;}}',1,0);
INSERT INTO `content_node_field` VALUES ('field_mail','email','a:0:{}',0,0,1,'email','a:1:{s:5:\"email\";a:4:{s:4:\"type\";s:7:\"varchar\";s:6:\"length\";i:255;s:8:\"not null\";b:0;s:8:\"sortable\";b:1;}}',1,0);
INSERT INTO `content_node_field` VALUES ('field_phone','text','a:4:{s:15:\"text_processing\";s:1:\"0\";s:10:\"max_length\";s:0:\"\";s:14:\"allowed_values\";s:0:\"\";s:18:\"allowed_values_php\";s:0:\"\";}',0,0,1,'text','a:1:{s:5:\"value\";a:5:{s:4:\"type\";s:4:\"text\";s:4:\"size\";s:3:\"big\";s:8:\"not null\";b:0;s:8:\"sortable\";b:1;s:5:\"views\";b:1;}}',1,0);
INSERT INTO `content_node_field` VALUES ('field_photo','filefield','a:3:{s:10:\"list_field\";s:1:\"0\";s:12:\"list_default\";i:1;s:17:\"description_field\";s:1:\"0\";}',0,0,1,'filefield','a:3:{s:3:\"fid\";a:3:{s:4:\"type\";s:3:\"int\";s:8:\"not null\";b:0;s:5:\"views\";b:1;}s:4:\"list\";a:4:{s:4:\"type\";s:3:\"int\";s:4:\"size\";s:4:\"tiny\";s:8:\"not null\";b:0;s:5:\"views\";b:1;}s:4:\"data\";a:3:{s:4:\"type\";s:4:\"text\";s:9:\"serialize\";b:1;s:5:\"views\";b:1;}}',1,0);
INSERT INTO `content_node_field` VALUES ('field_skype','text','a:4:{s:15:\"text_processing\";s:1:\"0\";s:10:\"max_length\";s:0:\"\";s:14:\"allowed_values\";s:0:\"\";s:18:\"allowed_values_php\";s:0:\"\";}',0,0,1,'text','a:1:{s:5:\"value\";a:5:{s:4:\"type\";s:4:\"text\";s:4:\"size\";s:3:\"big\";s:8:\"not null\";b:0;s:8:\"sortable\";b:1;s:5:\"views\";b:1;}}',1,0);
/*!40000 ALTER TABLE `content_node_field` ENABLE KEYS */;
UNLOCK TABLES;

DROP TABLE IF EXISTS `content_node_field_instance`;
CREATE TABLE `content_node_field_instance` (
  `field_name` varchar(32) NOT NULL DEFAULT '',
  `type_name` varchar(32) NOT NULL DEFAULT '',
  `weight` int(11) NOT NULL DEFAULT '0',
  `label` varchar(255) NOT NULL DEFAULT '',
  `widget_type` varchar(32) NOT NULL DEFAULT '',
  `widget_settings` mediumtext NOT NULL,
  `display_settings` mediumtext NOT NULL,
  `description` mediumtext NOT NULL,
  `widget_module` varchar(127) NOT NULL DEFAULT '',
  `widget_active` tinyint(4) NOT NULL DEFAULT '0',
  PRIMARY KEY (`field_name`,`type_name`)
) ENGINE=InnoDB DEFAULT CHARSET=utf8;

LOCK TABLES `content_node_field_instance` WRITE;
/*!40000 ALTER TABLE `content_node_field_instance` DISABLE KEYS */;
INSERT INTO `content_node_field_instance` VALUES ('field_addinfo','guide',-1,'Дополнительная информация','text_textarea','a:4:{s:4:\"rows\";s:1:\"5\";s:4:\"size\";i:60;s:13:\"default_value\";a:1:{i:0;a:2:{s:5:\"value\";s:0:\"\";s:14:\"_error_element\";s:45:\"default_value_widget][field_addinfo][0][value\";}}s:17:\"default_value_php\";N;}','a:6:{s:6:\"weight\";s:2:\"-1\";s:6:\"parent\";s:0:\"\";s:5:\"label\";a:1:{s:6:\"format\";s:5:\"above\";}s:6:\"teaser\";a:2:{s:6:\"format\";s:7:\"default\";s:7:\"exclude\";i:1;}s:4:\"full\";a:2:{s:6:\"format\";s:7:\"default\";s:7:\"exclude\";i:1;}i:4;a:2:{s:6:\"format\";s:7:\"default\";s:7:\"exclude\";i:0;}}','','text',1);
INSERT INTO `content_node_field_instance` VALUES ('field_guide','testimonial',31,'Гид','nodereference_url','a:7:{s:18:\"autocomplete_match\";s:11:\"starts_with\";s:4:\"size\";s:2:\"60\";s:13:\"default_value\";a:1:{i:0;a:2:{s:3:\"nid\";N;s:14:\"_error_element\";s:46:\"default_value_widget][field_guide][0][nid][nid\";}}s:17:\"default_value_php\";N;s:9:\"node_link\";a:5:{s:6:\"teaser\";i:0;s:4:\"full\";i:1;s:5:\"title\";s:27:\"Написать отзыв\";s:11:\"hover_title\";s:117:\"Вы пользовались услугами этого гида? Расскажите о впечатлениях!\";s:11:\"destination\";s:7:\"default\";}s:8:\"fallback\";s:14:\"page_not_found\";s:13:\"edit_fallback\";i:0;}','a:4:{s:5:\"label\";a:2:{s:6:\"format\";s:5:\"above\";s:7:\"exclude\";i:0;}s:6:\"teaser\";a:2:{s:6:\"format\";s:7:\"default\";s:7:\"exclude\";i:0;}s:4:\"full\";a:2:{s:6:\"format\";s:7:\"default\";s:7:\"exclude\";i:0;}i:4;a:2:{s:6:\"format\";s:7:\"default\";s:7:\"exclude\";i:0;}}','','nodereference_url',1);
INSERT INTO `content_node_field_instance` VALUES ('field_mail','guide',35,'E-mail','email_textfield','a:3:{s:4:\"size\";s:2:\"60\";s:13:\"default_value\";a:1:{i:0;a:1:{s:5:\"email\";s:0:\"\";}}s:17:\"default_value_php\";N;}','a:6:{s:6:\"weight\";s:2:\"35\";s:6:\"parent\";s:14:\"group_contacts\";s:5:\"label\";a:1:{s:6:\"format\";s:5:\"above\";}s:6:\"teaser\";a:2:{s:6:\"format\";s:7:\"default\";s:7:\"exclude\";i:1;}s:4:\"full\";a:2:{s:6:\"format\";s:7:\"default\";s:7:\"exclude\";i:1;}i:4;a:2:{s:6:\"format\";s:7:\"default\";s:7:\"exclude\";i:0;}}','','email',1);
INSERT INTO `content_node_field_instance` VALUES ('field_phone','guide',34,'Телефон','text_textfield','a:4:{s:4:\"rows\";i:5;s:4:\"size\";s:2:\"60\";s:13:\"default_value\";a:1:{i:0;a:2:{s:5:\"value\";s:0:\"\";s:14:\"_error_element\";s:43:\"default_value_widget][field_phone][0][value\";}}s:17:\"default_value_php\";N;}','a:6:{s:6:\"weight\";s:2:\"34\";s:6:\"parent\";s:14:\"group_contacts\";s:5:\"label\";a:1:{s:6:\"format\";s:5:\"above\";}s:6:\"teaser\";a:2:{s:6:\"format\";s:7:\"default\";s:7:\"exclude\";i:1;}s:4:\"full\";a:2:{s:6:\"format\";s:7:\"default\";s:7:\"exclude\";i:1;}i:4;a:2:{s:6:\"format\";s:7:\"default\";s:7:\"exclude\";i:0;}}','','text',1);
INSERT INTO `content_node_field_instance` VALUES ('field_photo','guide',-3,'Фото','imagefield_widget','a:14:{s:15:\"file_extensions\";s:16:\"png gif jpg jpeg\";s:9:\"file_path\";s:13:\"guides-photos\";s:18:\"progress_indicator\";s:3:\"bar\";s:21:\"max_filesize_per_file\";s:4:\"300K\";s:21:\"max_filesize_per_node\";s:0:\"\";s:14:\"max_resolution\";s:7:\"800x800\";s:14:\"min_resolution\";s:0:\"\";s:3:\"alt\";s:0:\"\";s:10:\"custom_alt\";i:0;s:5:\"title\";s:0:\"\";s:12:\"custom_title\";i:0;s:10:\"title_type\";s:9:\"textfield\";s:13:\"default_image\";N;s:17:\"use_default_image\";i:1;}','a:6:{s:6:\"weight\";s:2:\"-3\";s:6:\"parent\";s:0:\"\";s:5:\"label\";a:1:{s:6:\"format\";s:5:\"above\";}s:6:\"teaser\";a:2:{s:6:\"format\";s:14:\"userpic_linked\";s:7:\"exclude\";i:1;}s:4:\"full\";a:2:{s:6:\"format\";s:18:\"guide_face_default\";s:7:\"exclude\";i:1;}i:4;a:2:{s:6:\"format\";s:11:\"image_plain\";s:7:\"exclude\";i:0;}}','','imagefield',1);
INSERT INTO `content_node_field_instance` VALUES ('field_skype','guide',36,'Skype','text_textfield','a:4:{s:4:\"rows\";i:5;s:4:\"size\";s:2:\"60\";s:13:\"default_value\";a:1:{i:0;a:2:{s:5:\"value\";s:0:\"\";s:14:\"_error_element\";s:43:\"default_value_widget][field_skype][0][value\";}}s:17:\"default_value_php\";N;}','a:6:{s:6:\"weight\";s:2:\"36\";s:6:\"parent\";s:14:\"group_contacts\";s:5:\"label\";a:1:{s:6:\"format\";s:5:\"above\";}s:6:\"teaser\";a:2:{s:6:\"format\";s:7:\"default\";s:7:\"exclude\";i:1;}s:4:\"full\";a:2:{s:6:\"format\";s:7:\"default\";s:7:\"exclude\";i:1;}i:4;a:2:{s:6:\"format\";s:7:\"default\";s:7:\"exclude\";i:0;}}','','text',1);
/*!40000 ALTER TABLE `content_node_field_instance` ENABLE KEYS */;
UNLOCK TABLES;

DROP TABLE IF EXISTS `custom_link`;
CREATE TABLE `custom_link` (
  `lid` int(10) unsigned NOT NULL AUTO_INCREMENT,
  `link_key` varchar(64) NOT NULL DEFAULT '',
  `node_type` varchar(64) NOT NULL DEFAULT '',
  `title` varchar(255) NOT NULL DEFAULT '',
  `path` varchar(255) DEFAULT NULL,
  `viewer_perm` varchar(64) DEFAULT '',
  `author_perm` varchar(64) DEFAULT '',
  `check_html` smallint(6) NOT NULL DEFAULT '1',
  `display` smallint(6) NOT NULL DEFAULT '2',
  `query` varchar(255) DEFAULT 'AND',
  `fragment` varchar(255) DEFAULT 'AND',
  PRIMARY KEY (`lid`)
) ENGINE=InnoDB DEFAULT CHARSET=utf8;

LOCK TABLES `custom_link` WRITE;
/*!40000 ALTER TABLE `custom_link` DISABLE KEYS */;
INSERT INTO `custom_link` VALUES (1,'privatemsg_guide','guide','Написать личное сообщение','messages/new/[author-uid]','write privatemsg','',0,2,'destination=node/[nid]','');
/*!40000 ALTER TABLE `custom_link` ENABLE KEYS */;
UNLOCK TABLES;

DROP TABLE IF EXISTS `filter_formats`;
CREATE TABLE `filter_formats` (
  `format` int(11) NOT NULL AUTO_INCREMENT,
  `name` varchar(255) NOT NULL DEFAULT '',
  `roles` varchar(255) NOT NULL DEFAULT '',
  `cache` tinyint(4) NOT NULL DEFAULT '0',
  PRIMARY KEY (`format`),
  UNIQUE KEY `name` (`name`)
) ENGINE=InnoDB DEFAULT CHARSET=utf8;

LOCK TABLES `filter_formats` WRITE;
/*!40000 ALTER TABLE `filter_formats` DISABLE KEYS */;
INSERT INTO `filter_formats` VALUES (1,'Filtered HTML',',1,2,',1);
INSERT INTO `filter_formats` VALUES (2,'Full HTML','',1);
INSERT INTO `filter_formats` VALUES (3,'PHP code','',0);
/*!40000 ALTER TABLE `filter_formats` ENABLE KEYS */;
UNLOCK TABLES;

DROP TABLE IF EXISTS `filters`;
CREATE TABLE `filters` (
  `fid` int(11) NOT NULL AUTO_INCREMENT,
  `format` int(11) NOT NULL DEFAULT '0',
  `module` varchar(64) NOT NULL DEFAULT '',
  `delta` tinyint(4) NOT NULL DEFAULT '0',
  `weight` tinyint(4) NOT NULL DEFAULT '0',
  PRIMARY KEY (`fid`),
  UNIQUE KEY `fmd` (`format`,`module`,`delta`),
  KEY `list` (`format`,`weight`,`module`,`delta`)
) ENGINE=InnoDB DEFAULT CHARSET=utf8;

LOCK TABLES `filters` WRITE;
/*!40000 ALTER TABLE `filters` DISABLE KEYS */;
INSERT INTO `filters` VALUES (1,1,'filter',2,0);
INSERT INTO `filters` VALUES (2,1,'filter',0,1);
INSERT INTO `filters` VALUES (3,1,'filter',1,2);
INSERT INTO `filters` VALUES (4,1,'filter',3,10);
INSERT INTO `filters` VALUES (5,2,'filter',2,0);
INSERT INTO `filters` VALUES (6,2,'filter',1,1);
INSERT INTO `filters` VALUES (7,2,'filter',3,10);
INSERT INTO `filters` VALUES (8,3,'php',0,0);
/*!40000 ALTER TABLE `filters` ENABLE KEYS */;
UNLOCK TABLES;

DROP TABLE IF EXISTS `flag_types`;
CREATE TABLE `flag_types` (
  `fid` smallint(5) unsigned NOT NULL DEFAULT '0',
  `type` varchar(32) NOT NULL DEFAULT '',
  KEY `fid` (`fid`)
) ENGINE=InnoDB DEFAULT CHARSET=utf8;

LOCK TABLES `flag_types` WRITE;
/*!40000 ALTER TABLE `flag_types` DISABLE KEYS */;
INSERT INTO `flag_types` VALUES (1,'guide');
/*!40000 ALTER TABLE `flag_types` ENABLE KEYS */;
UNLOCK TABLES;

DROP TABLE IF EXISTS `flags`;
CREATE TABLE `flags` (
  `fid` smallint(5) unsigned NOT NULL AUTO_INCREMENT,
  `content_type` varchar(32) NOT NULL DEFAULT '',
  `name` varchar(32) DEFAULT '',
  `title` varchar(255) DEFAULT '',
  `roles` varchar(255) DEFAULT '',
  `global` tinyint(4) DEFAULT '0',
  `options` text,
  PRIMARY KEY (`fid`),
  UNIQUE KEY `name` (`name`)
) ENGINE=InnoDB DEFAULT CHARSET=utf8;

LOCK TABLES `flags` WRITE;
/*!40000 ALTER TABLE `flags` DISABLE KEYS */;
INSERT INTO `flags` VALUES (1,'node','bookmarks','Записная книжка','2',0,'a:13:{s:10:\"flag_short\";s:18:\"Запомнить\";s:9:\"flag_long\";s:67:\"Добавить гида в свою записную книжку\";s:12:\"flag_message\";s:118:\"Теперь вы можете всегда найти этого гида в своей записной книжке\";s:17:\"flag_confirmation\";s:0:\"\";s:12:\"unflag_short\";s:12:\"Забыть\";s:11:\"unflag_long\";s:56:\"Убрать гида из записной книжки\";s:14:\"unflag_message\";s:81:\"Этот гид был удален из вашей записной книжки\";s:19:\"unflag_confirmation\";s:0:\"\";s:9:\"link_type\";s:6:\"toggle\";s:12:\"show_on_page\";i:1;s:14:\"show_on_teaser\";i:0;s:12:\"show_on_form\";i:1;s:4:\"i18n\";i:0;}');
/*!40000 ALTER TABLE `flags` ENABLE KEYS */;
UNLOCK TABLES;

DROP TABLE IF EXISTS `gmaps_user_settings`;
CREATE TABLE `gmaps_user_settings` (
  `uid` int(10) unsigned NOT NULL,
  `length` varchar(255) NOT NULL DEFAULT '',
  `address` varchar(255) NOT NULL DEFAULT '',
  `coordinate` varchar(255) NOT NULL DEFAULT '',
  PRIMARY KEY (`uid`)
) ENGINE=InnoDB DEFAULT CHARSET=utf8;

LOCK TABLES `gmaps_user_settings` WRITE;
/*!40000 ALTER TABLE `gmaps_user_settings` DISABLE KEYS */;
/*!40000 ALTER TABLE `gmaps_user_settings` ENABLE KEYS */;
UNLOCK TABLES;

DROP TABLE IF EXISTS `imagecache_action`;
CREATE TABLE `imagecache_action` (
  `actionid` int(10) unsigned NOT NULL AUTO_INCREMENT,
  `presetid` int(10) unsigned NOT NULL DEFAULT '0',
  `weight` int(11) NOT NULL DEFAULT '0',
  `module` varchar(255) NOT NULL,
  `action` varchar(255) NOT NULL,
  `data` longtext NOT NULL,
  PRIMARY KEY (`actionid`),
  KEY `presetid` (`presetid`)
) ENGINE=InnoDB DEFAULT CHARSET=utf8;

LOCK TABLES `imagecache_action` WRITE;
/*!40000 ALTER TABLE `imagecache_action` DISABLE KEYS */;
INSERT INTO `imagecache_action` VALUES (1,1,0,'imagecache','imagecache_scale','a:3:{s:5:\"width\";s:3:\"300\";s:6:\"height\";s:3:\"300\";s:7:\"upscale\";i:0;}');
INSERT INTO `imagecache_action` VALUES (2,2,0,'imagecache','imagecache_scale_and_crop','a:2:{s:5:\"width\";s:2:\"80\";s:6:\"height\";s:2:\"80\";}');
/*!40000 ALTER TABLE `imagecache_action` ENABLE KEYS */;
UNLOCK TABLES;

DROP TABLE IF EXISTS `imagecache_preset`;
CREATE TABLE `imagecache_preset` (
  `presetid` int(10) unsigned NOT NULL AUTO_INCREMENT,
  `presetname` varchar(255) NOT NULL,
  PRIMARY KEY (`presetid`)
) ENGINE=InnoDB DEFAULT CHARSET=utf8;

LOCK TABLES `imagecache_preset` WRITE;
/*!40000 ALTER TABLE `imagecache_preset` DISABLE KEYS */;
INSERT INTO `imagecache_preset` VALUES (1,'guide_face');
INSERT INTO `imagecache_preset` VALUES (2,'userpic');
/*!40000 ALTER TABLE `imagecache_preset` ENABLE KEYS */;
UNLOCK TABLES;

DROP TABLE IF EXISTS `languages`;
CREATE TABLE `languages` (
  `language` varchar(12) NOT NULL DEFAULT '',
  `name` varchar(64) NOT NULL DEFAULT '',
  `native` varchar(64) NOT NULL DEFAULT '',
  `direction` int(11) NOT NULL DEFAULT '0',
  `enabled` int(11) NOT NULL DEFAULT '0',
  `plurals` int(11) NOT NULL DEFAULT '0',
  `formula` varchar(128) NOT NULL DEFAULT '',
  `domain` varchar(128) NOT NULL DEFAULT '',
  `prefix` varchar(128) NOT NULL DEFAULT '',
  `weight` int(11) NOT NULL DEFAULT '0',
  `javascript` varchar(32) NOT NULL DEFAULT '',
  PRIMARY KEY (`language`),
  KEY `list` (`weight`,`name`)
) ENGINE=InnoDB DEFAULT CHARSET=utf8;

LOCK TABLES `languages` WRITE;
/*!40000 ALTER TABLE `languages` DISABLE KEYS */;
INSERT INTO `languages` VALUES ('en','English','English',0,1,0,'','','',0,'');
/*!40000 ALTER TABLE `languages` ENABLE KEYS */;
UNLOCK TABLES;

DROP TABLE IF EXISTS `locales_source`;
CREATE TABLE `locales_source` (
  `lid` int(11) NOT NULL AUTO_INCREMENT,
  `location` varchar(255) NOT NULL DEFAULT '',
  `textgroup` varchar(255) NOT NULL DEFAULT 'default',
  `source` blob NOT NULL,
  `version` varchar(20) NOT NULL DEFAULT 'none',
  PRIMARY KEY (`lid`),
  KEY `source` (`source`(30))
) ENGINE=InnoDB DEFAULT CHARSET=utf8;

LOCK TABLES `locales_source` WRITE;
/*!40000 ALTER TABLE `locales_source` DISABLE KEYS */;
INSERT INTO `locales_source` VALUES (1,'misc/drupal.js','default','Unspecified error','none');
INSERT INTO `locales_source` VALUES (2,'misc/drupal.js','default','An error occurred. \\n@uri\\n@text','none');
INSERT INTO `locales_source` VALUES (3,'misc/drupal.js','default','An error occurred. \\n@uri\\n(no information available).','none');
INSERT INTO `locales_source` VALUES (4,'misc/drupal.js','default','An HTTP error @status occurred. \\n@uri','none');
INSERT INTO `locales_source` VALUES (5,'sites/all/modules/l10n_client/l10n_client.js','default','Translate Text','none');
INSERT INTO `locales_source` VALUES (6,'sites/all/modules/l10n_client/l10n_client.js','default','An HTTP error @status occured.','none');
INSERT INTO `locales_source` VALUES (7,'sites/all/modules/lightbox2/js/lightbox.js','default','Previous','none');
INSERT INTO `locales_source` VALUES (8,'sites/all/modules/lightbox2/js/lightbox.js','default','Next','none');
INSERT INTO `locales_source` VALUES (9,'sites/all/modules/lightbox2/js/lightbox.js','default','Close','none');
INSERT INTO `locales_source` VALUES (10,'sites/all/modules/lightbox2/js/lightbox.js','default','Pause Slideshow','none');
INSERT INTO `locales_source` VALUES (11,'sites/all/modules/lightbox2/js/lightbox.js','default','Play Slideshow','none');
INSERT INTO `locales_source` VALUES (12,'misc/tableselect.js','default','Select all rows in this table','none');
INSERT INTO `locales_source` VALUES (13,'misc/tableselect.js','default','Deselect all rows in this table','none');
INSERT INTO `locales_source` VALUES (14,'misc/tabledrag.js','default','Drag to re-order','none');
INSERT INTO `locales_source` VALUES (15,'misc/tabledrag.js','default','Changes made in this table will not be saved until the form is submitted.','none');
INSERT INTO `locales_source` VALUES (16,'sites/all/modules/filefield/filefield.js','default','The selected file %filename cannot be uploaded. Only files with the following extensions are allowed: %extensions.','none');
INSERT INTO `locales_source` VALUES (17,'misc/teaser.js','default','Split summary at cursor','none');
INSERT INTO `locales_source` VALUES (18,'misc/teaser.js','default','Join summary','none');
INSERT INTO `locales_source` VALUES (19,'sites/all/modules/gmaps/misc/gmaps.js','default','This field is required.','none');
INSERT INTO `locales_source` VALUES (20,'sites/all/modules/gmaps/misc/gmaps.js','default','!title: !required','none');
INSERT INTO `locales_source` VALUES (21,'sites/all/modules/gmaps/misc/gmaps-map.js','default','No valid map types had been configured.','none');
INSERT INTO `locales_source` VALUES (22,'sites/all/modules/gmaps/misc/gmaps-address-element.js','default','Invalid country.','none');
INSERT INTO `locales_source` VALUES (23,'sites/all/modules/gmaps/misc/gmaps-geocoder-element.js','default','Invalid or missing query.','none');
INSERT INTO `locales_source` VALUES (24,'sites/all/modules/gmaps/misc/gmaps-geocoder-element.js','default','The Geocoder occured an internal server error.','none');
INSERT INTO `locales_source` VALUES (25,'sites/all/modules/gmaps/misc/gmaps-geocoder-element.js','default','No location found.','none');
INSERT INTO `locales_source` VALUES (26,'sites/all/modules/gmaps/misc/gmaps-geocoder-element.js','default','Access denied to location.','none');
INSERT INTO `locales_source` VALUES (27,'sites/all/modules/gmaps/misc/gmaps-geocoder-element.js','default','Invalid API key.','none');
INSERT INTO `locales_source` VALUES (28,'sites/all/modules/gmaps/misc/gmaps-geocoder-element.js','default','Service temporarly unavaliable, because the given key has gone over the requests limit.','none');
INSERT INTO `locales_source` VALUES (29,'sites/all/modules/gmaps/misc/gmaps-geocoder-element.js','default','Restrict search to viewport','none');
INSERT INTO `locales_source` VALUES (30,'sites/all/modules/gmaps/misc/gmaps-geocoder-element.js','default','Enable reverse search','none');
/*!40000 ALTER TABLE `locales_source` ENABLE KEYS */;
UNLOCK TABLES;

DROP TABLE IF EXISTS `locales_target`;
CREATE TABLE `locales_target` (
  `lid` int(11) NOT NULL DEFAULT '0',
  `translation` blob NOT NULL,
  `language` varchar(12) NOT NULL DEFAULT '',
  `plid` int(11) NOT NULL DEFAULT '0',
  `plural` int(11) NOT NULL DEFAULT '0',
  PRIMARY KEY (`language`,`lid`,`plural`),
  KEY `lid` (`lid`),
  KEY `plid` (`plid`),
  KEY `plural` (`plural`)
) ENGINE=InnoDB DEFAULT CHARSET=utf8;

LOCK TABLES `locales_target` WRITE;
/*!40000 ALTER TABLE `locales_target` DISABLE KEYS */;
/*!40000 ALTER TABLE `locales_target` ENABLE KEYS */;
UNLOCK TABLES;

DROP TABLE IF EXISTS `menu_custom`;
CREATE TABLE `menu_custom` (
  `menu_name` varchar(32) NOT NULL DEFAULT '',
  `title` varchar(255) NOT NULL DEFAULT '',
  `description` text,
  PRIMARY KEY (`menu_name`)
) ENGINE=InnoDB DEFAULT CHARSET=utf8;

LOCK TABLES `menu_custom` WRITE;
/*!40000 ALTER TABLE `menu_custom` DISABLE KEYS */;
INSERT INTO `menu_custom` VALUES ('features','Features','Menu items for any enabled features.');
INSERT INTO `menu_custom` VALUES ('navigation','Navigation','The navigation menu is provided by Drupal and is the main interactive menu for any site. It is usually the only menu that contains personalized links for authenticated users, and is often not even visible to anonymous users.');
INSERT INTO `menu_custom` VALUES ('primary-links','Primary links','Primary links are often used at the theme layer to show the major sections of a site. A typical representation for primary links would be tabs along the top.');
INSERT INTO `menu_custom` VALUES ('secondary-links','Secondary links','Secondary links are often used for pages like legal notices, contact details, and other secondary navigation items that play a lesser role than primary links');
/*!40000 ALTER TABLE `menu_custom` ENABLE KEYS */;
UNLOCK TABLES;

DROP TABLE IF EXISTS `menu_links`;
CREATE TABLE `menu_links` (
  `menu_name` varchar(32) NOT NULL DEFAULT '',
  `mlid` int(10) unsigned NOT NULL AUTO_INCREMENT,
  `plid` int(10) unsigned NOT NULL DEFAULT '0',
  `link_path` varchar(255) NOT NULL DEFAULT '',
  `router_path` varchar(255) NOT NULL DEFAULT '',
  `link_title` varchar(255) NOT NULL DEFAULT '',
  `options` text,
  `module` varchar(255) NOT NULL DEFAULT 'system',
  `hidden` smallint(6) NOT NULL DEFAULT '0',
  `external` smallint(6) NOT NULL DEFAULT '0',
  `has_children` smallint(6) NOT NULL DEFAULT '0',
  `expanded` smallint(6) NOT NULL DEFAULT '0',
  `weight` int(11) NOT NULL DEFAULT '0',
  `depth` smallint(6) NOT NULL DEFAULT '0',
  `customized` smallint(6) NOT NULL DEFAULT '0',
  `p1` int(10) unsigned NOT NULL DEFAULT '0',
  `p2` int(10) unsigned NOT NULL DEFAULT '0',
  `p3` int(10) unsigned NOT NULL DEFAULT '0',
  `p4` int(10) unsigned NOT NULL DEFAULT '0',
  `p5` int(10) unsigned NOT NULL DEFAULT '0',
  `p6` int(10) unsigned NOT NULL DEFAULT '0',
  `p7` int(10) unsigned NOT NULL DEFAULT '0',
  `p8` int(10) unsigned NOT NULL DEFAULT '0',
  `p9` int(10) unsigned NOT NULL DEFAULT '0',
  `updated` smallint(6) NOT NULL DEFAULT '0',
  PRIMARY KEY (`mlid`),
  KEY `path_menu` (`link_path`(128),`menu_name`),
  KEY `menu_plid_expand_child` (`menu_name`,`plid`,`expanded`,`has_children`),
  KEY `menu_parents` (`menu_name`,`p1`,`p2`,`p3`,`p4`,`p5`,`p6`,`p7`,`p8`,`p9`),
  KEY `router_path` (`router_path`(128))
) ENGINE=InnoDB DEFAULT CHARSET=utf8;

LOCK TABLES `menu_links` WRITE;
/*!40000 ALTER TABLE `menu_links` DISABLE KEYS */;
INSERT INTO `menu_links` VALUES ('navigation',1,0,'batch','batch','','a:0:{}','system',-1,0,0,0,0,1,0,1,0,0,0,0,0,0,0,0,0);
INSERT INTO `menu_links` VALUES ('navigation',2,0,'admin','admin','Administer','a:0:{}','system',0,0,1,0,9,1,0,2,0,0,0,0,0,0,0,0,0);
INSERT INTO `menu_links` VALUES ('navigation',3,0,'node','node','Content','a:0:{}','system',-1,0,0,0,0,1,0,3,0,0,0,0,0,0,0,0,0);
INSERT INTO `menu_links` VALUES ('navigation',4,0,'logout','logout','Log out','a:0:{}','system',0,0,0,0,10,1,0,4,0,0,0,0,0,0,0,0,0);
INSERT INTO `menu_links` VALUES ('navigation',5,0,'rss.xml','rss.xml','RSS feed','a:0:{}','system',-1,0,0,0,0,1,0,5,0,0,0,0,0,0,0,0,0);
INSERT INTO `menu_links` VALUES ('navigation',6,0,'user','user','User account','a:0:{}','system',-1,0,0,0,0,1,0,6,0,0,0,0,0,0,0,0,0);
INSERT INTO `menu_links` VALUES ('navigation',7,0,'node/%','node/%','','a:0:{}','system',-1,0,0,0,0,1,0,7,0,0,0,0,0,0,0,0,0);
INSERT INTO `menu_links` VALUES ('navigation',8,2,'admin/compact','admin/compact','Compact mode','a:0:{}','system',-1,0,0,0,0,2,0,2,8,0,0,0,0,0,0,0,0);
INSERT INTO `menu_links` VALUES ('navigation',9,0,'filter/tips','filter/tips','Compose tips','a:0:{}','system',1,0,0,0,0,1,0,9,0,0,0,0,0,0,0,0,0);
INSERT INTO `menu_links` VALUES ('navigation',10,2,'admin/content','admin/content','Content management','a:1:{s:10:\"attributes\";a:1:{s:5:\"title\";s:27:\"Manage your site\'s content.\";}}','system',0,0,1,0,-10,2,0,2,10,0,0,0,0,0,0,0,0);
INSERT INTO `menu_links` VALUES ('navigation',11,0,'node/add','node/add','Create content','a:0:{}','system',0,0,1,0,1,1,0,11,0,0,0,0,0,0,0,0,0);
INSERT INTO `menu_links` VALUES ('navigation',12,0,'comment/delete','comment/delete','Delete comment','a:0:{}','system',-1,0,0,0,0,1,0,12,0,0,0,0,0,0,0,0,0);
INSERT INTO `menu_links` VALUES ('navigation',13,0,'comment/edit','comment/edit','Edit comment','a:0:{}','system',-1,0,0,0,0,1,0,13,0,0,0,0,0,0,0,0,0);
INSERT INTO `menu_links` VALUES ('navigation',14,0,'system/files','system/files','File download','a:0:{}','system',-1,0,0,0,0,1,0,14,0,0,0,0,0,0,0,0,0);
INSERT INTO `menu_links` VALUES ('navigation',15,2,'admin/help','admin/help','Help','a:0:{}','system',0,0,0,0,9,2,0,2,15,0,0,0,0,0,0,0,0);
INSERT INTO `menu_links` VALUES ('navigation',16,2,'admin/reports','admin/reports','Reports','a:1:{s:10:\"attributes\";a:1:{s:5:\"title\";s:59:\"View reports from system logs and other status information.\";}}','system',0,0,1,0,5,2,0,2,16,0,0,0,0,0,0,0,0);
INSERT INTO `menu_links` VALUES ('navigation',17,2,'admin/build','admin/build','Site building','a:1:{s:10:\"attributes\";a:1:{s:5:\"title\";s:38:\"Control how your site looks and feels.\";}}','system',0,0,1,0,-10,2,0,2,17,0,0,0,0,0,0,0,0);
INSERT INTO `menu_links` VALUES ('navigation',18,2,'admin/settings','admin/settings','Site configuration','a:1:{s:10:\"attributes\";a:1:{s:5:\"title\";s:40:\"Adjust basic site configuration options.\";}}','system',0,0,1,0,-5,2,0,2,18,0,0,0,0,0,0,0,0);
INSERT INTO `menu_links` VALUES ('navigation',19,0,'user/autocomplete','user/autocomplete','User autocomplete','a:0:{}','system',-1,0,0,0,0,1,0,19,0,0,0,0,0,0,0,0,0);
INSERT INTO `menu_links` VALUES ('navigation',20,2,'admin/user','admin/user','User management','a:1:{s:10:\"attributes\";a:1:{s:5:\"title\";s:61:\"Manage your site\'s users, groups and access to site features.\";}}','system',0,0,1,0,0,2,0,2,20,0,0,0,0,0,0,0,0);
INSERT INTO `menu_links` VALUES ('navigation',21,0,'user/%','user/%','My account','a:0:{}','system',0,0,0,0,0,1,0,21,0,0,0,0,0,0,0,0,0);
INSERT INTO `menu_links` VALUES ('navigation',22,20,'admin/user/rules','admin/user/rules','Access rules','a:1:{s:10:\"attributes\";a:1:{s:5:\"title\";s:80:\"List and create rules to disallow usernames, e-mail addresses, and IP addresses.\";}}','system',0,0,0,0,0,3,0,2,20,22,0,0,0,0,0,0,0);
INSERT INTO `menu_links` VALUES ('navigation',23,18,'admin/settings/actions','admin/settings/actions','Actions','a:1:{s:10:\"attributes\";a:1:{s:5:\"title\";s:41:\"Manage the actions defined for your site.\";}}','system',0,0,0,0,0,3,0,2,18,23,0,0,0,0,0,0,0);
INSERT INTO `menu_links` VALUES ('navigation',24,18,'admin/settings/admin','admin/settings/admin','Administration theme','a:1:{s:10:\"attributes\";a:1:{s:5:\"title\";s:55:\"Settings for how your administrative pages should look.\";}}','system',0,0,0,0,0,3,0,2,18,24,0,0,0,0,0,0,0);
INSERT INTO `menu_links` VALUES ('navigation',25,17,'admin/build/block','admin/build/block','Blocks','a:1:{s:10:\"attributes\";a:1:{s:5:\"title\";s:79:\"Configure what block content appears in your site\'s sidebars and other regions.\";}}','system',0,0,0,0,0,3,0,2,17,25,0,0,0,0,0,0,0);
INSERT INTO `menu_links` VALUES ('navigation',26,18,'admin/settings/clean-urls','admin/settings/clean-urls','Clean URLs','a:1:{s:10:\"attributes\";a:1:{s:5:\"title\";s:43:\"Enable or disable clean URLs for your site.\";}}','system',0,0,0,0,0,3,0,2,18,26,0,0,0,0,0,0,0);
INSERT INTO `menu_links` VALUES ('navigation',27,10,'admin/content/comment','admin/content/comment','Comments','a:1:{s:10:\"attributes\";a:1:{s:5:\"title\";s:61:\"List and edit site comments and the comment moderation queue.\";}}','system',0,0,0,0,0,3,0,2,10,27,0,0,0,0,0,0,0);
INSERT INTO `menu_links` VALUES ('navigation',28,10,'admin/content/node','admin/content/node','Content','a:1:{s:10:\"attributes\";a:1:{s:5:\"title\";s:43:\"View, edit, and delete your site\'s content.\";}}','system',0,0,0,0,0,3,0,2,10,28,0,0,0,0,0,0,0);
INSERT INTO `menu_links` VALUES ('navigation',29,10,'admin/content/types','admin/content/types','Content types','a:1:{s:10:\"attributes\";a:1:{s:5:\"title\";s:82:\"Manage posts by content type, including default status, front page promotion, etc.\";}}','system',0,0,0,0,0,3,0,2,10,29,0,0,0,0,0,0,0);
INSERT INTO `menu_links` VALUES ('navigation',30,18,'admin/settings/date-time','admin/settings/date-time','Date and time','a:1:{s:10:\"attributes\";a:1:{s:5:\"title\";s:89:\"Settings for how Drupal displays date and time, as well as the system\'s default timezone.\";}}','system',0,0,0,0,0,3,0,2,18,30,0,0,0,0,0,0,0);
INSERT INTO `menu_links` VALUES ('navigation',31,0,'node/%/delete','node/%/delete','Delete','a:0:{}','system',-1,0,0,0,1,1,0,31,0,0,0,0,0,0,0,0,0);
INSERT INTO `menu_links` VALUES ('navigation',32,21,'user/%/delete','user/%/delete','Delete','a:0:{}','system',-1,0,0,0,0,2,0,21,32,0,0,0,0,0,0,0,0);
INSERT INTO `menu_links` VALUES ('navigation',33,18,'admin/settings/error-reporting','admin/settings/error-reporting','Error reporting','a:1:{s:10:\"attributes\";a:1:{s:5:\"title\";s:93:\"Control how Drupal deals with errors including 403/404 errors as well as PHP error reporting.\";}}','system',0,0,0,0,0,3,0,2,18,33,0,0,0,0,0,0,0);
INSERT INTO `menu_links` VALUES ('navigation',34,18,'admin/settings/file-system','admin/settings/file-system','File system','a:1:{s:10:\"attributes\";a:1:{s:5:\"title\";s:68:\"Tell Drupal where to store uploaded files and how they are accessed.\";}}','system',0,0,0,0,0,3,0,2,18,34,0,0,0,0,0,0,0);
INSERT INTO `menu_links` VALUES ('navigation',35,18,'admin/settings/image-toolkit','admin/settings/image-toolkit','Image toolkit','a:1:{s:10:\"attributes\";a:1:{s:5:\"title\";s:74:\"Choose which image toolkit to use if you have installed optional toolkits.\";}}','system',0,0,0,0,0,3,0,2,18,35,0,0,0,0,0,0,0);
INSERT INTO `menu_links` VALUES ('navigation',36,18,'admin/settings/filters','admin/settings/filters','Input formats','a:1:{s:10:\"attributes\";a:1:{s:5:\"title\";s:127:\"Configure how content input by users is filtered, including allowed HTML tags. Also allows enabling of module-provided filters.\";}}','system',0,0,0,0,0,3,0,2,18,36,0,0,0,0,0,0,0);
INSERT INTO `menu_links` VALUES ('navigation',37,18,'admin/settings/logging','admin/settings/logging','Logging and alerts','a:1:{s:10:\"attributes\";a:1:{s:5:\"title\";s:156:\"Settings for logging and alerts modules. Various modules can route Drupal\'s system events to different destination, such as syslog, database, email, ...etc.\";}}','system',0,0,1,0,0,3,0,2,18,37,0,0,0,0,0,0,0);
INSERT INTO `menu_links` VALUES ('navigation',38,17,'admin/build/menu','admin/build/menu','Menus','a:1:{s:10:\"attributes\";a:1:{s:5:\"title\";s:116:\"Control your site\'s navigation menu, primary links and secondary links. as well as rename and reorganize menu items.\";}}','system',0,0,1,0,0,3,0,2,17,38,0,0,0,0,0,0,0);
INSERT INTO `menu_links` VALUES ('navigation',39,17,'admin/build/modules','admin/build/modules','Modules','a:1:{s:10:\"attributes\";a:1:{s:5:\"title\";s:47:\"Enable or disable add-on modules for your site.\";}}','system',0,0,0,0,0,3,0,2,17,39,0,0,0,0,0,0,0);
INSERT INTO `menu_links` VALUES ('navigation',40,18,'admin/settings/performance','admin/settings/performance','Performance','a:1:{s:10:\"attributes\";a:1:{s:5:\"title\";s:101:\"Enable or disable page caching for anonymous users and set CSS and JS bandwidth optimization options.\";}}','system',0,0,0,0,0,3,0,2,18,40,0,0,0,0,0,0,0);
INSERT INTO `menu_links` VALUES ('navigation',41,20,'admin/user/permissions','admin/user/permissions','Permissions','a:1:{s:10:\"attributes\";a:1:{s:5:\"title\";s:64:\"Determine access to features by selecting permissions for roles.\";}}','system',0,0,0,0,0,3,0,2,20,41,0,0,0,0,0,0,0);
INSERT INTO `menu_links` VALUES ('navigation',42,10,'admin/content/node-settings','admin/content/node-settings','Post settings','a:1:{s:10:\"attributes\";a:1:{s:5:\"title\";s:126:\"Control posting behavior, such as teaser length, requiring previews before posting, and the number of posts on the front page.\";}}','system',0,0,0,0,0,3,0,2,10,42,0,0,0,0,0,0,0);
INSERT INTO `menu_links` VALUES ('navigation',43,10,'admin/content/rss-publishing','admin/content/rss-publishing','RSS publishing','a:1:{s:10:\"attributes\";a:1:{s:5:\"title\";s:92:\"Configure the number of items per feed and whether feeds should be titles/teasers/full-text.\";}}','system',0,0,0,0,0,3,0,2,10,43,0,0,0,0,0,0,0);
INSERT INTO `menu_links` VALUES ('navigation',44,0,'comment/reply/%','comment/reply/%','Reply to comment','a:0:{}','system',-1,0,0,0,0,1,0,44,0,0,0,0,0,0,0,0,0);
INSERT INTO `menu_links` VALUES ('navigation',45,20,'admin/user/roles','admin/user/roles','Roles','a:1:{s:10:\"attributes\";a:1:{s:5:\"title\";s:30:\"List, edit, or add user roles.\";}}','system',0,0,0,0,0,3,0,2,20,45,0,0,0,0,0,0,0);
INSERT INTO `menu_links` VALUES ('navigation',46,18,'admin/settings/site-information','admin/settings/site-information','Site information','a:1:{s:10:\"attributes\";a:1:{s:5:\"title\";s:107:\"Change basic site information, such as the site name, slogan, e-mail address, mission, front page and more.\";}}','system',0,0,0,0,0,3,0,2,18,46,0,0,0,0,0,0,0);
INSERT INTO `menu_links` VALUES ('navigation',47,18,'admin/settings/site-maintenance','admin/settings/site-maintenance','Site maintenance','a:1:{s:10:\"attributes\";a:1:{s:5:\"title\";s:63:\"Take the site off-line for maintenance or bring it back online.\";}}','system',0,0,0,0,0,3,0,2,18,47,0,0,0,0,0,0,0);
INSERT INTO `menu_links` VALUES ('navigation',48,16,'admin/reports/status','admin/reports/status','Status report','a:1:{s:10:\"attributes\";a:1:{s:5:\"title\";s:74:\"Get a status report about your site\'s operation and any detected problems.\";}}','system',0,0,0,0,10,3,0,2,16,48,0,0,0,0,0,0,0);
INSERT INTO `menu_links` VALUES ('navigation',49,17,'admin/build/themes','admin/build/themes','Themes','a:1:{s:10:\"attributes\";a:1:{s:5:\"title\";s:57:\"Change which theme your site uses or allows users to set.\";}}','system',0,0,0,0,0,3,0,2,17,49,0,0,0,0,0,0,0);
INSERT INTO `menu_links` VALUES ('navigation',50,20,'admin/user/settings','admin/user/settings','User settings','a:1:{s:10:\"attributes\";a:1:{s:5:\"title\";s:101:\"Configure default behavior of users, including registration requirements, e-mails, and user pictures.\";}}','system',0,0,0,0,0,3,0,2,20,50,0,0,0,0,0,0,0);
INSERT INTO `menu_links` VALUES ('navigation',51,20,'admin/user/user','admin/user/user','Users','a:1:{s:10:\"attributes\";a:1:{s:5:\"title\";s:26:\"List, add, and edit users.\";}}','system',0,0,0,0,0,3,0,2,20,51,0,0,0,0,0,0,0);
INSERT INTO `menu_links` VALUES ('navigation',52,15,'admin/help/block','admin/help/block','block','a:0:{}','system',-1,0,0,0,0,3,0,2,15,52,0,0,0,0,0,0,0);
INSERT INTO `menu_links` VALUES ('navigation',54,15,'admin/help/comment','admin/help/comment','comment','a:0:{}','system',-1,0,0,0,0,3,0,2,15,54,0,0,0,0,0,0,0);
INSERT INTO `menu_links` VALUES ('navigation',55,15,'admin/help/filter','admin/help/filter','filter','a:0:{}','system',-1,0,0,0,0,3,0,2,15,55,0,0,0,0,0,0,0);
INSERT INTO `menu_links` VALUES ('navigation',56,15,'admin/help/help','admin/help/help','help','a:0:{}','system',-1,0,0,0,0,3,0,2,15,56,0,0,0,0,0,0,0);
INSERT INTO `menu_links` VALUES ('navigation',57,15,'admin/help/menu','admin/help/menu','menu','a:0:{}','system',-1,0,0,0,0,3,0,2,15,57,0,0,0,0,0,0,0);
INSERT INTO `menu_links` VALUES ('navigation',58,15,'admin/help/node','admin/help/node','node','a:0:{}','system',-1,0,0,0,0,3,0,2,15,58,0,0,0,0,0,0,0);
INSERT INTO `menu_links` VALUES ('navigation',59,15,'admin/help/system','admin/help/system','system','a:0:{}','system',-1,0,0,0,0,3,0,2,15,59,0,0,0,0,0,0,0);
INSERT INTO `menu_links` VALUES ('navigation',60,15,'admin/help/user','admin/help/user','user','a:0:{}','system',-1,0,0,0,0,3,0,2,15,60,0,0,0,0,0,0,0);
INSERT INTO `menu_links` VALUES ('navigation',61,36,'admin/settings/filters/%','admin/settings/filters/%','','a:0:{}','system',-1,0,0,0,0,4,0,2,18,36,61,0,0,0,0,0,0);
INSERT INTO `menu_links` VALUES ('navigation',62,26,'admin/settings/clean-urls/check','admin/settings/clean-urls/check','Clean URL check','a:0:{}','system',-1,0,0,0,0,4,0,2,18,26,62,0,0,0,0,0,0);
INSERT INTO `menu_links` VALUES ('navigation',63,23,'admin/settings/actions/configure','admin/settings/actions/configure','Configure an advanced action','a:0:{}','system',-1,0,0,0,0,4,0,2,18,23,63,0,0,0,0,0,0);
INSERT INTO `menu_links` VALUES ('navigation',64,25,'admin/build/block/configure','admin/build/block/configure','Configure block','a:0:{}','system',-1,0,0,0,0,4,0,2,17,25,64,0,0,0,0,0,0);
INSERT INTO `menu_links` VALUES ('navigation',65,17,'admin/build/menu-customize/%','admin/build/menu-customize/%','Customize menu','a:0:{}','system',-1,0,0,0,0,3,0,2,17,65,0,0,0,0,0,0,0);
INSERT INTO `menu_links` VALUES ('navigation',66,30,'admin/settings/date-time/lookup','admin/settings/date-time/lookup','Date and time lookup','a:0:{}','system',-1,0,0,0,0,4,0,2,18,30,66,0,0,0,0,0,0);
INSERT INTO `menu_links` VALUES ('navigation',67,25,'admin/build/block/delete','admin/build/block/delete','Delete block','a:0:{}','system',-1,0,0,0,0,4,0,2,17,25,67,0,0,0,0,0,0);
INSERT INTO `menu_links` VALUES ('navigation',68,36,'admin/settings/filters/delete','admin/settings/filters/delete','Delete input format','a:0:{}','system',-1,0,0,0,0,4,0,2,18,36,68,0,0,0,0,0,0);
INSERT INTO `menu_links` VALUES ('navigation',69,22,'admin/user/rules/delete','admin/user/rules/delete','Delete rule','a:0:{}','system',-1,0,0,0,0,4,0,2,20,22,69,0,0,0,0,0,0);
INSERT INTO `menu_links` VALUES ('navigation',70,45,'admin/user/roles/edit','admin/user/roles/edit','Edit role','a:0:{}','system',-1,0,0,0,0,4,0,2,20,45,70,0,0,0,0,0,0);
INSERT INTO `menu_links` VALUES ('navigation',71,22,'admin/user/rules/edit','admin/user/rules/edit','Edit rule','a:0:{}','system',-1,0,0,0,0,4,0,2,20,22,71,0,0,0,0,0,0);
INSERT INTO `menu_links` VALUES ('navigation',72,48,'admin/reports/status/php','admin/reports/status/php','PHP','a:0:{}','system',-1,0,0,0,0,4,0,2,16,48,72,0,0,0,0,0,0);
INSERT INTO `menu_links` VALUES ('navigation',73,42,'admin/content/node-settings/rebuild','admin/content/node-settings/rebuild','Rebuild permissions','a:0:{}','system',-1,0,0,0,0,4,0,2,10,42,73,0,0,0,0,0,0);
INSERT INTO `menu_links` VALUES ('navigation',74,23,'admin/settings/actions/orphan','admin/settings/actions/orphan','Remove orphans','a:0:{}','system',-1,0,0,0,0,4,0,2,18,23,74,0,0,0,0,0,0);
INSERT INTO `menu_links` VALUES ('navigation',75,48,'admin/reports/status/run-cron','admin/reports/status/run-cron','Run cron','a:0:{}','system',-1,0,0,0,0,4,0,2,16,48,75,0,0,0,0,0,0);
INSERT INTO `menu_links` VALUES ('navigation',76,48,'admin/reports/status/sql','admin/reports/status/sql','SQL','a:0:{}','system',-1,0,0,0,0,4,0,2,16,48,76,0,0,0,0,0,0);
INSERT INTO `menu_links` VALUES ('navigation',77,23,'admin/settings/actions/delete/%','admin/settings/actions/delete/%','Delete action','a:1:{s:10:\"attributes\";a:1:{s:5:\"title\";s:17:\"Delete an action.\";}}','system',-1,0,0,0,0,4,0,2,18,23,77,0,0,0,0,0,0);
INSERT INTO `menu_links` VALUES ('navigation',78,0,'admin/build/menu-customize/%/delete','admin/build/menu-customize/%/delete','Delete menu','a:0:{}','system',-1,0,0,0,0,1,0,78,0,0,0,0,0,0,0,0,0);
INSERT INTO `menu_links` VALUES ('navigation',79,25,'admin/build/block/list/js','admin/build/block/list/js','JavaScript List Form','a:0:{}','system',-1,0,0,0,0,4,0,2,17,25,79,0,0,0,0,0,0);
INSERT INTO `menu_links` VALUES ('navigation',80,39,'admin/build/modules/list/confirm','admin/build/modules/list/confirm','List','a:0:{}','system',-1,0,0,0,0,4,0,2,17,39,80,0,0,0,0,0,0);
INSERT INTO `menu_links` VALUES ('navigation',81,0,'user/reset/%/%/%','user/reset/%/%/%','Reset password','a:0:{}','system',-1,0,0,0,0,1,0,81,0,0,0,0,0,0,0,0,0);
INSERT INTO `menu_links` VALUES ('navigation',82,39,'admin/build/modules/uninstall/confirm','admin/build/modules/uninstall/confirm','Uninstall','a:0:{}','system',-1,0,0,0,0,4,0,2,17,39,82,0,0,0,0,0,0);
INSERT INTO `menu_links` VALUES ('navigation',83,0,'node/%/revisions/%/delete','node/%/revisions/%/delete','Delete earlier revision','a:0:{}','system',-1,0,0,0,0,1,0,83,0,0,0,0,0,0,0,0,0);
INSERT INTO `menu_links` VALUES ('navigation',84,0,'node/%/revisions/%/revert','node/%/revisions/%/revert','Revert to earlier revision','a:0:{}','system',-1,0,0,0,0,1,0,84,0,0,0,0,0,0,0,0,0);
INSERT INTO `menu_links` VALUES ('navigation',85,0,'node/%/revisions/%/view','node/%/revisions/%/view','Revisions','a:0:{}','system',-1,0,0,0,0,1,0,85,0,0,0,0,0,0,0,0,0);
INSERT INTO `menu_links` VALUES ('navigation',86,38,'admin/build/menu/item/%/delete','admin/build/menu/item/%/delete','Delete menu item','a:0:{}','system',-1,0,0,0,0,4,0,2,17,38,86,0,0,0,0,0,0);
INSERT INTO `menu_links` VALUES ('navigation',87,38,'admin/build/menu/item/%/edit','admin/build/menu/item/%/edit','Edit menu item','a:0:{}','system',-1,0,0,0,0,4,0,2,17,38,87,0,0,0,0,0,0);
INSERT INTO `menu_links` VALUES ('navigation',88,38,'admin/build/menu/item/%/reset','admin/build/menu/item/%/reset','Reset menu item','a:0:{}','system',-1,0,0,0,0,4,0,2,17,38,88,0,0,0,0,0,0);
INSERT INTO `menu_links` VALUES ('navigation',89,38,'admin/build/menu-customize/navigation','admin/build/menu-customize/%','Navigation','a:0:{}','menu',0,0,0,0,0,4,0,2,17,38,89,0,0,0,0,0,0);
INSERT INTO `menu_links` VALUES ('navigation',90,38,'admin/build/menu-customize/primary-links','admin/build/menu-customize/%','Primary links','a:0:{}','menu',0,0,0,0,0,4,0,2,17,38,90,0,0,0,0,0,0);
INSERT INTO `menu_links` VALUES ('navigation',91,38,'admin/build/menu-customize/secondary-links','admin/build/menu-customize/%','Secondary links','a:0:{}','menu',0,0,0,0,0,4,0,2,17,38,91,0,0,0,0,0,0);
INSERT INTO `menu_links` VALUES ('navigation',92,0,'taxonomy/autocomplete','taxonomy/autocomplete','Autocomplete taxonomy','a:0:{}','system',-1,0,0,0,0,1,0,92,0,0,0,0,0,0,0,0,0);
INSERT INTO `menu_links` VALUES ('navigation',93,16,'admin/reports/dblog','admin/reports/dblog','Recent log entries','a:1:{s:10:\"attributes\";a:1:{s:5:\"title\";s:43:\"View events that have recently been logged.\";}}','system',0,0,0,0,-1,3,0,2,16,93,0,0,0,0,0,0,0);
INSERT INTO `menu_links` VALUES ('navigation',94,10,'admin/content/taxonomy','admin/content/taxonomy','Taxonomy','a:1:{s:10:\"attributes\";a:1:{s:5:\"title\";s:67:\"Manage tagging, categorization, and classification of your content.\";}}','system',0,0,0,0,0,3,0,2,10,94,0,0,0,0,0,0,0);
INSERT INTO `menu_links` VALUES ('navigation',95,0,'taxonomy/term/%','taxonomy/term/%','Taxonomy term','a:0:{}','system',-1,0,0,0,0,1,0,95,0,0,0,0,0,0,0,0,0);
INSERT INTO `menu_links` VALUES ('navigation',96,16,'admin/reports/access-denied','admin/reports/access-denied','Top \'access denied\' errors','a:1:{s:10:\"attributes\";a:1:{s:5:\"title\";s:35:\"View \'access denied\' errors (403s).\";}}','system',0,0,0,0,0,3,0,2,16,96,0,0,0,0,0,0,0);
INSERT INTO `menu_links` VALUES ('navigation',97,16,'admin/reports/page-not-found','admin/reports/page-not-found','Top \'page not found\' errors','a:1:{s:10:\"attributes\";a:1:{s:5:\"title\";s:36:\"View \'page not found\' errors (404s).\";}}','system',0,0,0,0,0,3,0,2,16,97,0,0,0,0,0,0,0);
INSERT INTO `menu_links` VALUES ('navigation',98,15,'admin/help/dblog','admin/help/dblog','dblog','a:0:{}','system',-1,0,0,0,0,3,0,2,15,98,0,0,0,0,0,0,0);
INSERT INTO `menu_links` VALUES ('navigation',99,15,'admin/help/taxonomy','admin/help/taxonomy','taxonomy','a:0:{}','system',-1,0,0,0,0,3,0,2,15,99,0,0,0,0,0,0,0);
INSERT INTO `menu_links` VALUES ('navigation',100,37,'admin/settings/logging/dblog','admin/settings/logging/dblog','Database logging','a:1:{s:10:\"attributes\";a:1:{s:5:\"title\";s:169:\"Settings for logging to the Drupal database logs. This is the most common method for small to medium sites on shared hosting. The logs are viewable from the admin pages.\";}}','system',0,0,0,0,0,4,0,2,18,37,100,0,0,0,0,0,0);
INSERT INTO `menu_links` VALUES ('navigation',101,16,'admin/reports/event/%','admin/reports/event/%','Details','a:0:{}','system',-1,0,0,0,0,3,0,2,16,101,0,0,0,0,0,0,0);
INSERT INTO `menu_links` VALUES ('navigation',102,94,'admin/content/taxonomy/%','admin/content/taxonomy/%','List terms','a:0:{}','system',-1,0,0,0,0,4,0,2,10,94,102,0,0,0,0,0,0);
INSERT INTO `menu_links` VALUES ('navigation',103,94,'admin/content/taxonomy/edit/term','admin/content/taxonomy/edit/term','Edit term','a:0:{}','system',-1,0,0,0,0,4,0,2,10,94,103,0,0,0,0,0,0);
INSERT INTO `menu_links` VALUES ('navigation',104,94,'admin/content/taxonomy/edit/vocabulary/%','admin/content/taxonomy/edit/vocabulary/%','Edit vocabulary','a:0:{}','system',-1,0,0,0,0,4,0,2,10,94,104,0,0,0,0,0,0);
INSERT INTO `menu_links` VALUES ('navigation',105,16,'admin/reports/updates','admin/reports/updates','Available updates','a:1:{s:10:\"attributes\";a:1:{s:5:\"title\";s:82:\"Get a status report about available updates for your installed modules and themes.\";}}','system',0,0,0,0,10,3,0,2,16,105,0,0,0,0,0,0,0);
INSERT INTO `menu_links` VALUES ('navigation',106,11,'node/add/page','node/add/page','Page','a:1:{s:10:\"attributes\";a:1:{s:5:\"title\";s:296:\"A <em>page</em>, similar in form to a <em>story</em>, is a simple method for creating and displaying information that rarely changes, such as an \"About us\" section of a website. By default, a <em>page</em> entry does not allow visitor comments and is not featured on the site\'s initial home page.\";}}','system',0,0,0,0,0,2,0,11,106,0,0,0,0,0,0,0,0);
INSERT INTO `menu_links` VALUES ('navigation',107,11,'node/add/story','node/add/story','Story','a:1:{s:10:\"attributes\";a:1:{s:5:\"title\";s:392:\"A <em>story</em>, similar in form to a <em>page</em>, is ideal for creating and displaying content that informs or engages website visitors. Press releases, site announcements, and informal blog-like entries may all be created with a <em>story</em> entry. By default, a <em>story</em> entry is automatically featured on the site\'s initial home page, and provides the ability to post comments.\";}}','system',0,0,0,0,0,2,0,11,107,0,0,0,0,0,0,0,0);
INSERT INTO `menu_links` VALUES ('navigation',108,15,'admin/help/update','admin/help/update','update','a:0:{}','system',-1,0,0,0,0,3,0,2,15,108,0,0,0,0,0,0,0);
INSERT INTO `menu_links` VALUES ('navigation',109,105,'admin/reports/updates/check','admin/reports/updates/check','Manual update check','a:0:{}','system',-1,0,0,0,0,4,0,2,16,105,109,0,0,0,0,0,0);
INSERT INTO `menu_links` VALUES ('navigation',110,10,'admin/content/node-type/page','admin/content/node-type/page','Page','a:0:{}','system',-1,0,0,0,0,3,0,2,10,110,0,0,0,0,0,0,0);
INSERT INTO `menu_links` VALUES ('navigation',111,10,'admin/content/node-type/story','admin/content/node-type/story','Story','a:0:{}','system',-1,0,0,0,0,3,0,2,10,111,0,0,0,0,0,0,0);
INSERT INTO `menu_links` VALUES ('navigation',112,0,'admin/content/node-type/page/delete','admin/content/node-type/page/delete','Delete','a:0:{}','system',-1,0,0,0,0,1,0,112,0,0,0,0,0,0,0,0,0);
INSERT INTO `menu_links` VALUES ('navigation',113,0,'admin/content/node-type/story/delete','admin/content/node-type/story/delete','Delete','a:0:{}','system',-1,0,0,0,0,1,0,113,0,0,0,0,0,0,0,0,0);
INSERT INTO `menu_links` VALUES ('navigation',114,18,'admin/settings/simplemenu','admin/settings/simplemenu','SimpleMenu','a:1:{s:10:\"attributes\";a:1:{s:5:\"title\";s:27:\"Select the menu to display.\";}}','system',0,0,0,0,0,3,0,2,18,114,0,0,0,0,0,0,0);
INSERT INTO `menu_links` VALUES ('navigation',115,15,'admin/help/better_formats','admin/help/better_formats','better_formats','a:0:{}','system',-1,0,0,0,0,3,0,2,15,115,0,0,0,0,0,0,0);
INSERT INTO `menu_links` VALUES ('navigation',116,0,'messages','messages','Messages','a:0:{}','system',0,0,0,0,0,1,0,116,0,0,0,0,0,0,0,0,0);
INSERT INTO `menu_links` VALUES ('navigation',118,116,'messages/user-name-autocomplete','messages/user-name-autocomplete','','a:0:{}','system',-1,0,0,0,-10,2,0,116,118,0,0,0,0,0,0,0,0);
INSERT INTO `menu_links` VALUES ('navigation',120,18,'admin/settings/messages','admin/settings/messages','Private messages','a:1:{s:10:\"attributes\";a:1:{s:5:\"title\";s:37:\"Configure private messaging settings.\";}}','system',0,0,0,0,0,3,0,2,18,120,0,0,0,0,0,0,0);
INSERT INTO `menu_links` VALUES ('navigation',121,116,'messages/undo/action','messages/undo/action','Private messages','a:1:{s:10:\"attributes\";a:1:{s:5:\"title\";s:23:\"Undo last thread action\";}}','system',-1,0,0,0,0,2,0,116,121,0,0,0,0,0,0,0,0);
INSERT INTO `menu_links` VALUES ('navigation',123,116,'messages/delete/%/%','messages/delete/%/%','Delete message','a:0:{}','system',-1,0,0,0,0,2,0,116,123,0,0,0,0,0,0,0,0);
INSERT INTO `menu_links` VALUES ('navigation',125,0,'content/js_add_more','content/js_add_more','','a:0:{}','system',-1,0,0,0,0,1,0,125,0,0,0,0,0,0,0,0,0);
INSERT INTO `menu_links` VALUES ('navigation',126,0,'openid/authenticate','openid/authenticate','OpenID Login','a:0:{}','system',-1,0,0,0,0,1,0,126,0,0,0,0,0,0,0,0,0);
INSERT INTO `menu_links` VALUES ('navigation',127,0,'userreference/autocomplete','userreference/autocomplete','Userreference autocomplete','a:0:{}','system',-1,0,0,0,0,1,0,127,0,0,0,0,0,0,0,0,0);
INSERT INTO `menu_links` VALUES ('navigation',128,116,'messages/filter/tag-autocomplete','messages/filter/tag-autocomplete','','a:0:{}','system',-1,0,0,0,-10,2,0,116,128,0,0,0,0,0,0,0,0);
INSERT INTO `menu_links` VALUES ('navigation',129,116,'messages/filter/user-name-autocomplete','messages/filter/user-name-autocomplete','','a:0:{}','system',-1,0,0,0,0,2,0,116,129,0,0,0,0,0,0,0,0);
INSERT INTO `menu_links` VALUES ('navigation',130,15,'admin/help/content','admin/help/content','content','a:0:{}','system',-1,0,0,0,0,3,0,2,15,130,0,0,0,0,0,0,0);
INSERT INTO `menu_links` VALUES ('navigation',131,15,'admin/help/openid','admin/help/openid','openid','a:0:{}','system',-1,0,0,0,0,3,0,2,15,131,0,0,0,0,0,0,0);
INSERT INTO `menu_links` VALUES ('navigation',132,21,'user/%/openid/delete','user/%/openid/delete','Delete OpenID','a:0:{}','system',-1,0,0,0,0,2,0,21,132,0,0,0,0,0,0,0,0);
INSERT INTO `menu_links` VALUES ('navigation',133,120,'admin/settings/messages/tags/delete/%','admin/settings/messages/tags/delete/%','Add','a:1:{s:10:\"attributes\";a:1:{s:5:\"title\";s:15:\"Configure tags.\";}}','system',-1,0,0,0,0,4,0,2,18,120,133,0,0,0,0,0,0);
INSERT INTO `menu_links` VALUES ('navigation',134,120,'admin/settings/messages/tags/edit/%','admin/settings/messages/tags/edit/%','Add','a:1:{s:10:\"attributes\";a:1:{s:5:\"title\";s:15:\"Configure tags.\";}}','system',-1,0,0,0,0,4,0,2,18,120,134,0,0,0,0,0,0);
INSERT INTO `menu_links` VALUES ('navigation',139,0,'twitter/oauth','twitter/oauth','Twitter','a:0:{}','system',-1,0,0,0,0,1,0,139,0,0,0,0,0,0,0,0,0);
INSERT INTO `menu_links` VALUES ('navigation',140,0,'ctools/autocomplete/node','ctools/autocomplete/node','','a:0:{}','system',-1,0,0,0,0,1,0,140,0,0,0,0,0,0,0,0,0);
INSERT INTO `menu_links` VALUES ('navigation',144,18,'admin/settings/twitter','admin/settings/twitter','Twitter setup','a:1:{s:10:\"attributes\";a:1:{s:5:\"title\";s:23:\"Twitter module settings\";}}','system',0,0,0,0,0,3,0,2,18,144,0,0,0,0,0,0,0);
INSERT INTO `menu_links` VALUES ('navigation',145,0,'ctools/context/ajax/delete','ctools/context/ajax/delete','','a:0:{}','system',-1,0,0,0,0,1,0,145,0,0,0,0,0,0,0,0,0);
INSERT INTO `menu_links` VALUES ('navigation',146,0,'ctools/context/ajax/configure','ctools/context/ajax/configure','','a:0:{}','system',-1,0,0,0,0,1,0,146,0,0,0,0,0,0,0,0,0);
INSERT INTO `menu_links` VALUES ('navigation',147,0,'ctools/context/ajax/add','ctools/context/ajax/add','','a:0:{}','system',-1,0,0,0,0,1,0,147,0,0,0,0,0,0,0,0,0);
INSERT INTO `menu_links` VALUES ('navigation',148,0,'ctools/context/ajax/access/add','ctools/context/ajax/access/add','','a:0:{}','system',-1,0,0,0,0,1,0,148,0,0,0,0,0,0,0,0,0);
INSERT INTO `menu_links` VALUES ('navigation',149,0,'ctools/context/ajax/access/delete','ctools/context/ajax/access/delete','','a:0:{}','system',-1,0,0,0,0,1,0,149,0,0,0,0,0,0,0,0,0);
INSERT INTO `menu_links` VALUES ('navigation',150,0,'ctools/context/ajax/access/configure','ctools/context/ajax/access/configure','','a:0:{}','system',-1,0,0,0,0,1,0,150,0,0,0,0,0,0,0,0,0);
INSERT INTO `menu_links` VALUES ('navigation',151,21,'user/%/edit/twitter/global/%','user/%/edit/twitter/global/%','Twitter accounts','a:0:{}','system',-1,0,0,0,0,2,0,21,151,0,0,0,0,0,0,0,0);
INSERT INTO `menu_links` VALUES ('navigation',153,0,'webservice/token_access','webservice/token_access','','a:0:{}','system',-1,0,0,0,0,1,0,153,0,0,0,0,0,0,0,0,0);
INSERT INTO `menu_links` VALUES ('navigation',154,0,'webservice/token_auth','webservice/token_auth','','a:0:{}','system',-1,0,0,0,0,1,0,154,0,0,0,0,0,0,0,0,0);
INSERT INTO `menu_links` VALUES ('navigation',155,0,'webservice/token_request','webservice/token_request','','a:0:{}','system',-1,0,0,0,0,1,0,155,0,0,0,0,0,0,0,0,0);
INSERT INTO `menu_links` VALUES ('navigation',156,18,'admin/settings/oauth','admin/settings/oauth','OAuth','a:0:{}','system',0,0,0,0,0,3,0,2,18,156,0,0,0,0,0,0,0);
INSERT INTO `menu_links` VALUES ('navigation',157,0,'twitter/redirect','twitter/redirect','Twitter Redirect','a:0:{}','system',-1,0,0,0,0,1,0,157,0,0,0,0,0,0,0,0,0);
INSERT INTO `menu_links` VALUES ('navigation',158,11,'node/add/testimonial','node/add/testimonial','Отзыв','a:0:{}','system',0,0,0,0,0,2,0,11,158,0,0,0,0,0,0,0,0);
INSERT INTO `menu_links` VALUES ('navigation',159,10,'admin/content/node-type/testimonial','admin/content/node-type/testimonial','Отзыв','a:0:{}','system',-1,0,0,0,0,3,0,2,10,159,0,0,0,0,0,0,0);
INSERT INTO `menu_links` VALUES ('navigation',160,0,'admin/content/node-type/testimonial/delete','admin/content/node-type/testimonial/delete','Delete','a:0:{}','system',-1,0,0,0,0,1,0,160,0,0,0,0,0,0,0,0,0);
INSERT INTO `menu_links` VALUES ('navigation',161,0,'nodereference/autocomplete','nodereference/autocomplete','Nodereference autocomplete','a:0:{}','system',-1,0,0,0,0,1,0,161,0,0,0,0,0,0,0,0,0);
INSERT INTO `menu_links` VALUES ('navigation',163,11,'node/add/guide','node/add/guide','Карточка гида','a:0:{}','system',0,0,0,0,0,2,0,11,163,0,0,0,0,0,0,0,0);
INSERT INTO `menu_links` VALUES ('navigation',164,10,'admin/content/node-type/guide','admin/content/node-type/guide','Карточка гида','a:0:{}','system',-1,0,0,0,0,3,0,2,10,164,0,0,0,0,0,0,0);
INSERT INTO `menu_links` VALUES ('navigation',165,0,'admin/content/node-type/guide/delete','admin/content/node-type/guide/delete','Delete','a:0:{}','system',-1,0,0,0,0,1,0,165,0,0,0,0,0,0,0,0,0);
INSERT INTO `menu_links` VALUES ('navigation',166,18,'admin/settings/email','admin/settings/email','CCK Email Contact Form Settings','a:1:{s:10:\"attributes\";a:1:{s:5:\"title\";s:57:\"Administer flood control settings for email contact forms\";}}','system',0,0,0,0,0,3,0,2,18,166,0,0,0,0,0,0,0);
INSERT INTO `menu_links` VALUES ('navigation',167,0,'email/%/%','email/%/%','Email Contact Form','a:0:{}','system',-1,0,0,0,0,1,0,167,0,0,0,0,0,0,0,0,0);
INSERT INTO `menu_links` VALUES ('navigation',180,0,'filefield/progress','filefield/progress','','a:0:{}','system',-1,0,0,0,0,1,0,180,0,0,0,0,0,0,0,0,0);
INSERT INTO `menu_links` VALUES ('navigation',181,0,'system/files/imagecache','system/files/imagecache','','a:0:{}','system',-1,0,0,0,0,1,0,181,0,0,0,0,0,0,0,0,0);
INSERT INTO `menu_links` VALUES ('navigation',182,18,'admin/settings/imageapi','admin/settings/imageapi','ImageAPI','a:1:{s:10:\"attributes\";a:1:{s:5:\"title\";s:19:\"Configure ImageAPI.\";}}','system',0,0,0,0,0,3,0,2,18,182,0,0,0,0,0,0,0);
INSERT INTO `menu_links` VALUES ('navigation',183,0,'sites/default/files/imagecache','sites/default/files/imagecache','','a:0:{}','system',-1,0,0,0,0,1,0,183,0,0,0,0,0,0,0,0,0);
INSERT INTO `menu_links` VALUES ('navigation',184,0,'filefield/ahah/%/%/%','filefield/ahah/%/%/%','','a:0:{}','system',-1,0,0,0,0,1,0,184,0,0,0,0,0,0,0,0,0);
INSERT INTO `menu_links` VALUES ('navigation',196,17,'admin/build/imagecache','admin/build/imagecache','ImageCache','a:1:{s:10:\"attributes\";a:1:{s:5:\"title\";s:42:\"Administer imagecache presets and actions.\";}}','system',0,0,0,0,0,3,0,2,17,196,0,0,0,0,0,0,0);
INSERT INTO `menu_links` VALUES ('navigation',197,15,'admin/help/imagecache_ui','admin/help/imagecache_ui','imagecache_ui','a:0:{}','system',-1,0,0,0,0,3,0,2,15,197,0,0,0,0,0,0,0);
INSERT INTO `menu_links` VALUES ('navigation',198,196,'admin/build/imagecache/%','admin/build/imagecache/%','','a:0:{}','system',-1,0,0,0,0,4,0,2,17,196,198,0,0,0,0,0,0);
INSERT INTO `menu_links` VALUES ('navigation',199,0,'admin/build/imagecache/%/delete','admin/build/imagecache/%/delete','','a:0:{}','system',-1,0,0,0,0,1,0,199,0,0,0,0,0,0,0,0,0);
INSERT INTO `menu_links` VALUES ('navigation',200,0,'admin/build/imagecache/%/export','admin/build/imagecache/%/export','','a:0:{}','system',-1,0,0,0,0,1,0,200,0,0,0,0,0,0,0,0,0);
INSERT INTO `menu_links` VALUES ('navigation',201,0,'admin/build/imagecache/%/flush','admin/build/imagecache/%/flush','','a:0:{}','system',-1,0,0,0,0,1,0,201,0,0,0,0,0,0,0,0,0);
INSERT INTO `menu_links` VALUES ('navigation',202,0,'admin/build/imagecache/%/override','admin/build/imagecache/%/override','','a:0:{}','system',-1,0,0,0,0,1,0,202,0,0,0,0,0,0,0,0,0);
INSERT INTO `menu_links` VALUES ('navigation',203,0,'admin/build/imagecache/%/%','admin/build/imagecache/%/%','','a:0:{}','system',-1,0,0,0,0,1,0,203,0,0,0,0,0,0,0,0,0);
INSERT INTO `menu_links` VALUES ('navigation',204,0,'admin/build/imagecache/%/add/%','admin/build/imagecache/%/add/%','','a:0:{}','system',-1,0,0,0,0,1,0,204,0,0,0,0,0,0,0,0,0);
INSERT INTO `menu_links` VALUES ('navigation',205,0,'admin/build/imagecache/%/%/delete','admin/build/imagecache/%/%/delete','','a:0:{}','system',-1,0,0,0,0,1,0,205,0,0,0,0,0,0,0,0,0);
INSERT INTO `menu_links` VALUES ('navigation',207,0,'search','search','Search','a:0:{}','system',1,0,0,0,0,1,0,207,0,0,0,0,0,0,0,0,0);
INSERT INTO `menu_links` VALUES ('navigation',208,18,'admin/settings/search','admin/settings/search','Search settings','a:1:{s:10:\"attributes\";a:1:{s:5:\"title\";s:66:\"Configure relevance settings for search and other indexing options\";}}','system',0,0,0,0,0,3,0,2,18,208,0,0,0,0,0,0,0);
INSERT INTO `menu_links` VALUES ('navigation',209,16,'admin/reports/search','admin/reports/search','Top search phrases','a:1:{s:10:\"attributes\";a:1:{s:5:\"title\";s:33:\"View most popular search phrases.\";}}','system',0,0,0,0,0,3,0,2,16,209,0,0,0,0,0,0,0);
INSERT INTO `menu_links` VALUES ('navigation',210,15,'admin/help/search','admin/help/search','search','a:0:{}','system',-1,0,0,0,0,3,0,2,15,210,0,0,0,0,0,0,0);
INSERT INTO `menu_links` VALUES ('navigation',211,208,'admin/settings/search/wipe','admin/settings/search/wipe','Clear index','a:0:{}','system',-1,0,0,0,0,4,0,2,18,208,211,0,0,0,0,0,0);
INSERT INTO `menu_links` VALUES ('navigation',212,0,'views/ajax','views/ajax','Views','a:1:{s:10:\"attributes\";a:1:{s:5:\"title\";s:31:\"Ajax callback for view loading.\";}}','system',-1,0,0,0,0,1,0,212,0,0,0,0,0,0,0,0,0);
INSERT INTO `menu_links` VALUES ('navigation',213,2,'admin/views/ajax/autocomplete/user','admin/views/ajax/autocomplete/user','','a:0:{}','system',-1,0,0,0,0,2,0,2,213,0,0,0,0,0,0,0,0);
INSERT INTO `menu_links` VALUES ('navigation',214,17,'admin/build/views','admin/build/views','Views','a:1:{s:10:\"attributes\";a:1:{s:5:\"title\";s:144:\"Views are customized lists of content on your system; they are highly configurable and give you control over how lists of content are presented.\";}}','system',0,0,0,0,0,3,0,2,17,214,0,0,0,0,0,0,0);
INSERT INTO `menu_links` VALUES ('navigation',215,15,'admin/help/views_ui','admin/help/views_ui','views_ui','a:0:{}','system',-1,0,0,0,0,3,0,2,15,215,0,0,0,0,0,0,0);
INSERT INTO `menu_links` VALUES ('navigation',216,17,'admin/build/views1/convert','admin/build/views1/convert','Convert view','a:0:{}','system',-1,0,0,0,0,3,0,2,17,216,0,0,0,0,0,0,0);
INSERT INTO `menu_links` VALUES ('navigation',217,17,'admin/build/views1/delete','admin/build/views1/delete','Delete view','a:0:{}','system',-1,0,0,0,0,3,0,2,17,217,0,0,0,0,0,0,0);
INSERT INTO `menu_links` VALUES ('navigation',218,214,'admin/build/views/export/%','admin/build/views/export/%','','a:0:{}','system',-1,0,0,0,0,4,0,2,17,214,218,0,0,0,0,0,0);
INSERT INTO `menu_links` VALUES ('navigation',219,2,'admin/views/ajax/autocomplete/tag','admin/views/ajax/autocomplete/tag','','a:0:{}','system',-1,0,0,0,0,2,0,2,219,0,0,0,0,0,0,0,0);
INSERT INTO `menu_links` VALUES ('navigation',220,214,'admin/build/views/clone/%','admin/build/views/clone/%','','a:0:{}','system',-1,0,0,0,0,4,0,2,17,214,220,0,0,0,0,0,0);
INSERT INTO `menu_links` VALUES ('navigation',221,214,'admin/build/views/disable/%','admin/build/views/disable/%','','a:0:{}','system',-1,0,0,0,0,4,0,2,17,214,221,0,0,0,0,0,0);
INSERT INTO `menu_links` VALUES ('navigation',222,214,'admin/build/views/enable/%','admin/build/views/enable/%','','a:0:{}','system',-1,0,0,0,0,4,0,2,17,214,222,0,0,0,0,0,0);
INSERT INTO `menu_links` VALUES ('navigation',223,214,'admin/build/views/break-lock/%','admin/build/views/break-lock/%','Delete view','a:0:{}','system',-1,0,0,0,0,4,0,2,17,214,223,0,0,0,0,0,0);
INSERT INTO `menu_links` VALUES ('navigation',224,214,'admin/build/views/delete/%','admin/build/views/delete/%','Delete view','a:0:{}','system',-1,0,0,0,0,4,0,2,17,214,224,0,0,0,0,0,0);
INSERT INTO `menu_links` VALUES ('navigation',225,214,'admin/build/views/%/add-display/%','admin/build/views/%/add-display/%','','a:0:{}','system',-1,0,0,0,0,4,0,2,17,214,225,0,0,0,0,0,0);
INSERT INTO `menu_links` VALUES ('navigation',226,214,'admin/build/views/%/%/%','admin/build/views/%/%/%','','a:0:{}','system',-1,0,0,0,0,4,0,2,17,214,226,0,0,0,0,0,0);
INSERT INTO `menu_links` VALUES ('navigation',227,214,'admin/build/views/%/analyze/%','admin/build/views/%/analyze/%','','a:0:{}','system',-1,0,0,0,0,4,0,2,17,214,227,0,0,0,0,0,0);
INSERT INTO `menu_links` VALUES ('navigation',228,214,'admin/build/views/%/details/%','admin/build/views/%/details/%','','a:0:{}','system',-1,0,0,0,0,4,0,2,17,214,228,0,0,0,0,0,0);
INSERT INTO `menu_links` VALUES ('navigation',229,214,'admin/build/views/%/preview/%','admin/build/views/%/preview/%','','a:0:{}','system',-1,0,0,0,0,4,0,2,17,214,229,0,0,0,0,0,0);
INSERT INTO `menu_links` VALUES ('navigation',232,15,'admin/help/token','admin/help/token','token','a:0:{}','system',-1,0,0,0,0,3,0,2,15,232,0,0,0,0,0,0,0);
INSERT INTO `menu_links` VALUES ('navigation',236,0,'geonames/autocomplete','geonames/autocomplete','Autocomplete Geonames Search','a:0:{}','system',-1,0,0,0,0,1,0,236,0,0,0,0,0,0,0,0,0);
INSERT INTO `menu_links` VALUES ('navigation',237,0,'geonames/docs','geonames/docs','Geonames Docs','a:0:{}','system',0,0,0,0,0,1,0,237,0,0,0,0,0,0,0,0,0);
INSERT INTO `menu_links` VALUES ('navigation',238,18,'admin/settings/geonames','admin/settings/geonames','GeoNames','a:1:{s:10:\"attributes\";a:1:{s:5:\"title\";s:23:\"GeoNames Configuration.\";}}','system',0,0,0,0,0,3,0,2,18,238,0,0,0,0,0,0,0);
INSERT INTO `menu_links` VALUES ('navigation',239,238,'admin/settings/geonames/clear_cache','admin/settings/geonames/clear_cache','','a:0:{}','system',-1,0,0,0,0,4,0,2,18,238,239,0,0,0,0,0,0);
INSERT INTO `menu_links` VALUES ('navigation',240,238,'admin/settings/geonames/reset_credits','admin/settings/geonames/reset_credits','','a:0:{}','system',-1,0,0,0,0,4,0,2,18,238,240,0,0,0,0,0,0);
INSERT INTO `menu_links` VALUES ('navigation',241,0,'length-converter','length-converter','Length converter','a:1:{s:10:\"attributes\";a:1:{s:5:\"title\";s:53:\"Convert length values from a unit to all known units.\";}}','system',1,0,0,0,0,1,0,241,0,0,0,0,0,0,0,0,0);
INSERT INTO `menu_links` VALUES ('navigation',242,0,'gmaps/geocode','gmaps/geocode','Geocoder callback','a:0:{}','system',-1,0,0,0,0,1,0,242,0,0,0,0,0,0,0,0,0);
INSERT INTO `menu_links` VALUES ('navigation',243,2,'admin/gmaps','admin/gmaps','Google Maps Tools','a:1:{s:10:\"attributes\";a:1:{s:5:\"title\";s:30:\"Administer GMaps base objects.\";}}','system',0,0,1,0,-9,2,0,2,243,0,0,0,0,0,0,0,0);
INSERT INTO `menu_links` VALUES ('navigation',244,0,'gmaps/element-help-js','gmaps/element-help-js','Javascript Choice Form','a:0:{}','system',-1,0,0,0,0,1,0,244,0,0,0,0,0,0,0,0,0);
INSERT INTO `menu_links` VALUES ('navigation',245,0,'gmaps/length-converter-js','gmaps/length-converter-js','Javascript Choice Form','a:0:{}','system',-1,0,0,0,0,1,0,245,0,0,0,0,0,0,0,0,0);
INSERT INTO `menu_links` VALUES ('navigation',246,18,'admin/settings/gmaps','admin/settings/gmaps','Google Maps Tools','a:1:{s:10:\"attributes\";a:1:{s:5:\"title\";s:30:\"Configure GMaps Core settings.\";}}','system',0,0,0,0,0,3,0,2,18,246,0,0,0,0,0,0,0);
INSERT INTO `menu_links` VALUES ('navigation',247,243,'admin/gmaps/icons','admin/gmaps/icons','Icons','a:1:{s:10:\"attributes\";a:1:{s:5:\"title\";s:39:\"Manage the icons defined for your site.\";}}','system',0,0,0,0,0,3,0,2,243,247,0,0,0,0,0,0,0);
INSERT INTO `menu_links` VALUES ('navigation',248,243,'admin/gmaps/maps','admin/gmaps/maps','Map presets','a:1:{s:10:\"attributes\";a:1:{s:5:\"title\";s:45:\"Manage the map presets defined for your site.\";}}','system',0,0,0,0,0,3,0,2,243,248,0,0,0,0,0,0,0);
INSERT INTO `menu_links` VALUES ('navigation',249,243,'admin/gmaps/static-maps','admin/gmaps/static-maps','Static map presets','a:1:{s:10:\"attributes\";a:1:{s:5:\"title\";s:52:\"Manage the static map presets defined for your site.\";}}','system',0,0,0,0,0,3,0,2,243,249,0,0,0,0,0,0,0);
INSERT INTO `menu_links` VALUES ('navigation',250,15,'admin/help/gmaps','admin/help/gmaps','gmaps','a:0:{}','system',-1,0,0,0,0,3,0,2,15,250,0,0,0,0,0,0,0);
INSERT INTO `menu_links` VALUES ('navigation',251,243,'admin/gmaps/icon/%/clone','admin/gmaps/icon/%/clone','Clone icon','a:0:{}','system',-1,0,0,0,0,3,0,2,243,251,0,0,0,0,0,0,0);
INSERT INTO `menu_links` VALUES ('navigation',252,243,'admin/gmaps/map/%/clone','admin/gmaps/map/%/clone','Clone map preset','a:0:{}','system',-1,0,0,0,0,3,0,2,243,252,0,0,0,0,0,0,0);
INSERT INTO `menu_links` VALUES ('navigation',253,243,'admin/gmaps/static-map/%/clone','admin/gmaps/static-map/%/clone','Clone static map preset','a:0:{}','system',-1,0,0,0,0,3,0,2,243,253,0,0,0,0,0,0,0);
INSERT INTO `menu_links` VALUES ('navigation',254,243,'admin/gmaps/icon/%/edit','admin/gmaps/icon/%/edit','Edit icon','a:0:{}','system',-1,0,0,0,0,3,0,2,243,254,0,0,0,0,0,0,0);
INSERT INTO `menu_links` VALUES ('navigation',255,243,'admin/gmaps/map/%/edit','admin/gmaps/map/%/edit','Edit map preset','a:0:{}','system',-1,0,0,0,0,3,0,2,243,255,0,0,0,0,0,0,0);
INSERT INTO `menu_links` VALUES ('navigation',256,243,'admin/gmaps/static-map/%/edit','admin/gmaps/static-map/%/edit','Edit static map preset','a:0:{}','system',-1,0,0,0,0,3,0,2,243,256,0,0,0,0,0,0,0);
INSERT INTO `menu_links` VALUES ('navigation',257,243,'admin/gmaps/icon/%/delete','admin/gmaps/icon/%/delete','Delete icon','a:0:{}','system',-1,0,0,0,0,3,0,2,243,257,0,0,0,0,0,0,0);
INSERT INTO `menu_links` VALUES ('navigation',258,243,'admin/gmaps/map/%/delete','admin/gmaps/map/%/delete','Delete map preset','a:0:{}','system',-1,0,0,0,0,3,0,2,243,258,0,0,0,0,0,0,0);
INSERT INTO `menu_links` VALUES ('navigation',259,243,'admin/gmaps/static-map/%/delete','admin/gmaps/static-map/%/delete','Delete static map preset','a:0:{}','system',-1,0,0,0,0,3,0,2,243,259,0,0,0,0,0,0,0);
INSERT INTO `menu_links` VALUES ('navigation',260,243,'admin/gmaps/icon/%/reset','admin/gmaps/icon/%/reset','Reset icon','a:0:{}','system',-1,0,0,0,0,3,0,2,243,260,0,0,0,0,0,0,0);
INSERT INTO `menu_links` VALUES ('navigation',261,243,'admin/gmaps/map/%/reset','admin/gmaps/map/%/reset','Reset map preset','a:0:{}','system',-1,0,0,0,0,3,0,2,243,261,0,0,0,0,0,0,0);
INSERT INTO `menu_links` VALUES ('navigation',262,243,'admin/gmaps/static-map/%/reset','admin/gmaps/static-map/%/reset','Reset static map preset','a:0:{}','system',-1,0,0,0,0,3,0,2,243,262,0,0,0,0,0,0,0);
INSERT INTO `menu_links` VALUES ('navigation',264,0,'module_builder','module_builder','Module builder','a:1:{s:10:\"attributes\";a:1:{s:5:\"title\";s:38:\"Builds scaffolding for custom modules.\";}}','system',0,0,0,0,0,1,0,264,0,0,0,0,0,0,0,0,0);
INSERT INTO `menu_links` VALUES ('navigation',265,18,'admin/settings/module_builder','admin/settings/module_builder','Module builder','a:1:{s:10:\"attributes\";a:1:{s:5:\"title\";s:125:\"Set default header and footer, api download location, defaults for detail and download and force the api to be re-downloaded.\";}}','system',0,0,0,0,0,3,0,2,18,265,0,0,0,0,0,0,0);
INSERT INTO `menu_links` VALUES ('navigation',266,0,'geotest','geotest','GeoTest Page','a:0:{}','system',0,0,0,0,0,1,0,266,0,0,0,0,0,0,0,0,0);
INSERT INTO `menu_links` VALUES ('navigation',267,266,'geotest/autocomplete','geotest/autocomplete','','a:0:{}','system',-1,0,0,0,0,2,0,266,267,0,0,0,0,0,0,0,0);
INSERT INTO `menu_links` VALUES ('primary-links',269,0,'guides','guides','Гиды','a:1:{s:10:\"attributes\";a:1:{s:5:\"title\";s:0:\"\";}}','menu',0,0,0,0,0,1,1,269,0,0,0,0,0,0,0,0,0);
INSERT INTO `menu_links` VALUES ('primary-links',270,0,'node/3','node/%','О проекте','a:1:{s:10:\"attributes\";a:1:{s:5:\"title\";s:0:\"\";}}','menu',0,0,0,0,0,1,1,270,0,0,0,0,0,0,0,0,0);
INSERT INTO `menu_links` VALUES ('primary-links',271,0,'<front>','','Страны','a:1:{s:10:\"attributes\";a:1:{s:5:\"title\";s:0:\"\";}}','menu',0,1,0,0,0,1,1,271,0,0,0,0,0,0,0,0,0);
INSERT INTO `menu_links` VALUES ('navigation',272,0,'guides','guides','','a:0:{}','system',-1,0,0,0,0,1,0,272,0,0,0,0,0,0,0,0,0);
INSERT INTO `menu_links` VALUES ('navigation',273,11,'node/add/news','node/add/news','Новость','a:0:{}','system',0,0,0,0,0,2,0,11,273,0,0,0,0,0,0,0,0);
INSERT INTO `menu_links` VALUES ('navigation',274,10,'admin/content/node-type/news','admin/content/node-type/news','Новость','a:0:{}','system',-1,0,0,0,0,3,0,2,10,274,0,0,0,0,0,0,0);
INSERT INTO `menu_links` VALUES ('navigation',275,0,'admin/content/node-type/news/delete','admin/content/node-type/news/delete','Delete','a:0:{}','system',-1,0,0,0,0,1,0,275,0,0,0,0,0,0,0,0,0);
INSERT INTO `menu_links` VALUES ('primary-links',278,0,'news','news','Новости','a:0:{}','system',0,0,0,0,0,1,0,278,0,0,0,0,0,0,0,0,0);
INSERT INTO `menu_links` VALUES ('navigation',279,0,'flag','flag','Flag','a:0:{}','system',-1,0,0,0,0,1,0,279,0,0,0,0,0,0,0,0,0);
INSERT INTO `menu_links` VALUES ('navigation',280,0,'bookmarks','bookmarks','My bookmarks','a:0:{}','system',0,0,0,0,0,1,0,280,0,0,0,0,0,0,0,0,0);
INSERT INTO `menu_links` VALUES ('navigation',281,0,'flag/confirm','flag/confirm','Flag confirm','a:0:{}','system',-1,0,0,0,0,1,0,281,0,0,0,0,0,0,0,0,0);
INSERT INTO `menu_links` VALUES ('navigation',282,17,'admin/build/flags','admin/build/flags','Flags','a:1:{s:10:\"attributes\";a:1:{s:5:\"title\";s:114:\"Configure flags for marking content with arbitary information (such as <em>offensive</em> or <em>bookmarked</em>).\";}}','system',0,0,0,0,0,3,0,2,17,282,0,0,0,0,0,0,0);
INSERT INTO `menu_links` VALUES ('navigation',283,282,'admin/build/flags/delete','admin/build/flags/delete','Delete flags','a:0:{}','system',-1,0,0,0,0,4,0,2,17,282,283,0,0,0,0,0,0);
INSERT INTO `menu_links` VALUES ('navigation',284,282,'admin/build/flags/edit','admin/build/flags/edit','Edit flags','a:0:{}','system',-1,0,0,0,0,4,0,2,17,282,284,0,0,0,0,0,0);
INSERT INTO `menu_links` VALUES ('navigation',285,0,'admin/content/node-type/guide/groups/%','admin/content/node-type/guide/groups/%','Edit group','a:0:{}','system',-1,0,0,0,0,1,0,285,0,0,0,0,0,0,0,0,0);
INSERT INTO `menu_links` VALUES ('navigation',286,0,'admin/content/node-type/news/groups/%','admin/content/node-type/news/groups/%','Edit group','a:0:{}','system',-1,0,0,0,0,1,0,286,0,0,0,0,0,0,0,0,0);
INSERT INTO `menu_links` VALUES ('navigation',287,0,'admin/content/node-type/page/groups/%','admin/content/node-type/page/groups/%','Edit group','a:0:{}','system',-1,0,0,0,0,1,0,287,0,0,0,0,0,0,0,0,0);
INSERT INTO `menu_links` VALUES ('navigation',288,0,'admin/content/node-type/story/groups/%','admin/content/node-type/story/groups/%','Edit group','a:0:{}','system',-1,0,0,0,0,1,0,288,0,0,0,0,0,0,0,0,0);
INSERT INTO `menu_links` VALUES ('navigation',289,0,'admin/content/node-type/testimonial/groups/%','admin/content/node-type/testimonial/groups/%','Edit group','a:0:{}','system',-1,0,0,0,0,1,0,289,0,0,0,0,0,0,0,0,0);
INSERT INTO `menu_links` VALUES ('navigation',290,0,'admin/content/node-type/guide/groups/%/remove','admin/content/node-type/guide/groups/%/remove','Edit group','a:0:{}','system',-1,0,0,0,0,1,0,290,0,0,0,0,0,0,0,0,0);
INSERT INTO `menu_links` VALUES ('navigation',291,0,'admin/content/node-type/news/groups/%/remove','admin/content/node-type/news/groups/%/remove','Edit group','a:0:{}','system',-1,0,0,0,0,1,0,291,0,0,0,0,0,0,0,0,0);
INSERT INTO `menu_links` VALUES ('navigation',292,0,'admin/content/node-type/page/groups/%/remove','admin/content/node-type/page/groups/%/remove','Edit group','a:0:{}','system',-1,0,0,0,0,1,0,292,0,0,0,0,0,0,0,0,0);
INSERT INTO `menu_links` VALUES ('navigation',293,0,'admin/content/node-type/story/groups/%/remove','admin/content/node-type/story/groups/%/remove','Edit group','a:0:{}','system',-1,0,0,0,0,1,0,293,0,0,0,0,0,0,0,0,0);
INSERT INTO `menu_links` VALUES ('navigation',294,0,'admin/content/node-type/testimonial/groups/%/remove','admin/content/node-type/testimonial/groups/%/remove','Edit group','a:0:{}','system',-1,0,0,0,0,1,0,294,0,0,0,0,0,0,0,0,0);
INSERT INTO `menu_links` VALUES ('navigation',295,0,'admin/content/node-type/guide/fields/field_addinfo/remove','admin/content/node-type/guide/fields/field_addinfo/remove','Remove field','a:0:{}','system',-1,0,0,0,0,1,0,295,0,0,0,0,0,0,0,0,0);
INSERT INTO `menu_links` VALUES ('navigation',296,0,'admin/content/node-type/guide/fields/field_mail/remove','admin/content/node-type/guide/fields/field_mail/remove','Remove field','a:0:{}','system',-1,0,0,0,0,1,0,296,0,0,0,0,0,0,0,0,0);
INSERT INTO `menu_links` VALUES ('navigation',297,0,'admin/content/node-type/guide/fields/field_phone/remove','admin/content/node-type/guide/fields/field_phone/remove','Remove field','a:0:{}','system',-1,0,0,0,0,1,0,297,0,0,0,0,0,0,0,0,0);
INSERT INTO `menu_links` VALUES ('navigation',298,0,'admin/content/node-type/guide/fields/field_photo/remove','admin/content/node-type/guide/fields/field_photo/remove','Remove field','a:0:{}','system',-1,0,0,0,0,1,0,298,0,0,0,0,0,0,0,0,0);
INSERT INTO `menu_links` VALUES ('navigation',300,0,'admin/content/node-type/guide/fields/field_skype/remove','admin/content/node-type/guide/fields/field_skype/remove','Remove field','a:0:{}','system',-1,0,0,0,0,1,0,300,0,0,0,0,0,0,0,0,0);
INSERT INTO `menu_links` VALUES ('navigation',301,0,'admin/content/node-type/testimonial/fields/field_guide/remove','admin/content/node-type/testimonial/fields/field_guide/remove','Remove field','a:0:{}','system',-1,0,0,0,0,1,0,301,0,0,0,0,0,0,0,0,0);
INSERT INTO `menu_links` VALUES ('navigation',302,0,'panels/ajax','panels/ajax','','a:0:{}','system',-1,0,0,0,0,1,0,302,0,0,0,0,0,0,0,0,0);
INSERT INTO `menu_links` VALUES ('navigation',303,17,'admin/build/panels','admin/build/panels','Panels','a:1:{s:10:\"attributes\";a:1:{s:5:\"title\";s:49:\"Get a bird\'s eye view of items related to Panels.\";}}','system',0,0,0,0,0,3,0,2,17,303,0,0,0,0,0,0,0);
INSERT INTO `menu_links` VALUES ('navigation',304,11,'node/add/panel','node/add/panel','Panel','a:1:{s:10:\"attributes\";a:1:{s:5:\"title\";s:47:\"A panel layout broken up into rows and columns.\";}}','system',0,0,0,0,0,2,0,11,304,0,0,0,0,0,0,0,0);
INSERT INTO `menu_links` VALUES ('navigation',305,304,'node/add/panel/choose-layout','node/add/panel/choose-layout','Choose layout','a:0:{}','system',-1,0,0,0,0,3,0,11,304,305,0,0,0,0,0,0,0);
INSERT INTO `menu_links` VALUES ('navigation',306,10,'admin/content/node-type/panel','admin/content/node-type/panel','Panel','a:0:{}','system',-1,0,0,0,0,3,0,2,10,306,0,0,0,0,0,0,0);
INSERT INTO `menu_links` VALUES ('navigation',307,0,'admin/content/node-type/panel/delete','admin/content/node-type/panel/delete','Delete','a:0:{}','system',-1,0,0,0,0,1,0,307,0,0,0,0,0,0,0,0,0);
INSERT INTO `menu_links` VALUES ('navigation',308,0,'admin/content/node-type/panel/groups/%','admin/content/node-type/panel/groups/%','Edit group','a:0:{}','system',-1,0,0,0,0,1,0,308,0,0,0,0,0,0,0,0,0);
INSERT INTO `menu_links` VALUES ('navigation',310,0,'admin/content/node-type/panel/groups/%/remove','admin/content/node-type/panel/groups/%/remove','Edit group','a:0:{}','system',-1,0,0,0,0,1,0,310,0,0,0,0,0,0,0,0,0);
INSERT INTO `menu_links` VALUES ('navigation',319,17,'admin/build/testing','admin/build/testing','Testing','a:1:{s:10:\"attributes\";a:1:{s:5:\"title\";s:122:\"Run tests against Drupal core and your active modules. These tests help assure that your site code is working as designed.\";}}','system',0,0,0,0,0,3,0,2,17,319,0,0,0,0,0,0,0);
INSERT INTO `menu_links` VALUES ('navigation',320,15,'admin/help/simpletest','admin/help/simpletest','simpletest','a:0:{}','system',-1,0,0,0,0,3,0,2,15,320,0,0,0,0,0,0,0);
INSERT INTO `menu_links` VALUES ('navigation',321,319,'admin/build/testing/results/%','admin/build/testing/results/%','Test result','a:1:{s:10:\"attributes\";a:1:{s:5:\"title\";s:21:\"View result of tests.\";}}','system',-1,0,0,0,0,4,0,2,17,319,321,0,0,0,0,0,0);
INSERT INTO `menu_links` VALUES ('navigation',322,0,'testimonials/guide','testimonials/guide','','a:0:{}','system',-1,0,0,0,0,1,0,322,0,0,0,0,0,0,0,0,0);
INSERT INTO `menu_links` VALUES ('navigation',323,0,'contact/lightbox2','contact/lightbox2','Contact','a:0:{}','system',-1,0,0,0,0,1,0,323,0,0,0,0,0,0,0,0,0);
INSERT INTO `menu_links` VALUES ('navigation',324,0,'system/lightbox2/filter-xss','system/lightbox2/filter-xss','Filter XSS','a:0:{}','system',-1,0,0,0,0,1,0,324,0,0,0,0,0,0,0,0,0);
INSERT INTO `menu_links` VALUES ('navigation',325,18,'admin/settings/lightbox2','admin/settings/lightbox2','Lightbox2','a:1:{s:10:\"attributes\";a:1:{s:5:\"title\";s:51:\"Allows the user to configure the lightbox2 settings\";}}','system',0,0,0,0,0,3,0,2,18,325,0,0,0,0,0,0,0);
INSERT INTO `menu_links` VALUES ('navigation',326,0,'user/login/lightbox2','user/login/lightbox2','Login','a:0:{}','system',-1,0,0,0,0,1,0,326,0,0,0,0,0,0,0,0,0);
INSERT INTO `menu_links` VALUES ('navigation',327,15,'admin/help/lightbox2','admin/help/lightbox2','lightbox2','a:0:{}','system',-1,0,0,0,0,3,0,2,15,327,0,0,0,0,0,0,0);
INSERT INTO `menu_links` VALUES ('navigation',328,11,'node/add/profile','node/add/profile','Profile','a:1:{s:10:\"attributes\";a:1:{s:5:\"title\";s:32:\"A user profile built as content.\";}}','system',0,0,0,0,0,2,0,11,328,0,0,0,0,0,0,0,0);
INSERT INTO `menu_links` VALUES ('navigation',329,15,'admin/help/content_profile','admin/help/content_profile','content_profile','a:0:{}','system',-1,0,0,0,0,3,0,2,15,329,0,0,0,0,0,0,0);
INSERT INTO `menu_links` VALUES ('navigation',330,10,'admin/content/node-type/profile','admin/content/node-type/profile','Profile','a:0:{}','system',-1,0,0,0,0,3,0,2,10,330,0,0,0,0,0,0,0);
INSERT INTO `menu_links` VALUES ('navigation',331,0,'admin/content/node-type/profile/delete','admin/content/node-type/profile/delete','Delete','a:0:{}','system',-1,0,0,0,0,1,0,331,0,0,0,0,0,0,0,0,0);
INSERT INTO `menu_links` VALUES ('navigation',332,0,'admin/content/node-type/profile/groups/%','admin/content/node-type/profile/groups/%','Edit group','a:0:{}','system',-1,0,0,0,0,1,0,332,0,0,0,0,0,0,0,0,0);
INSERT INTO `menu_links` VALUES ('navigation',333,0,'admin/content/node-type/profile/groups/%/remove','admin/content/node-type/profile/groups/%/remove','Edit group','a:0:{}','system',-1,0,0,0,0,1,0,333,0,0,0,0,0,0,0,0,0);
INSERT INTO `menu_links` VALUES ('navigation',337,2,'admin/rules','admin/rules','Rules','a:1:{s:10:\"attributes\";a:1:{s:5:\"title\";s:27:\"Rules administration links.\";}}','system',0,0,1,0,5,2,0,2,337,0,0,0,0,0,0,0,0);
INSERT INTO `menu_links` VALUES ('navigation',338,337,'admin/rules/ie','admin/rules/ie','Import / Export','a:1:{s:10:\"attributes\";a:1:{s:5:\"title\";s:42:\"Export your rules as text or import rules.\";}}','system',0,0,0,0,5,3,0,2,337,338,0,0,0,0,0,0,0);
INSERT INTO `menu_links` VALUES ('navigation',339,337,'admin/rules/autocomplete','admin/rules/autocomplete','','a:0:{}','system',-1,0,0,0,0,3,0,2,337,339,0,0,0,0,0,0,0);
INSERT INTO `menu_links` VALUES ('navigation',340,337,'admin/rules/rule_sets','admin/rules/rule_sets','Rule sets','a:1:{s:10:\"attributes\";a:1:{s:5:\"title\";s:28:\"Create and manage rule sets.\";}}','system',0,0,0,0,0,3,0,2,337,340,0,0,0,0,0,0,0);
INSERT INTO `menu_links` VALUES ('navigation',341,337,'admin/rules/settings','admin/rules/settings','Settings','a:1:{s:10:\"attributes\";a:1:{s:5:\"title\";s:46:\"Set display options, show/hide Rules messages.\";}}','system',0,0,0,0,7,3,0,2,337,341,0,0,0,0,0,0,0);
INSERT INTO `menu_links` VALUES ('navigation',342,337,'admin/rules/trigger','admin/rules/trigger','Triggered rules','a:1:{s:10:\"attributes\";a:1:{s:5:\"title\";s:70:\"Customize your site by configuring rules that are evaluated on events.\";}}','system',0,0,0,0,-2,3,0,2,337,342,0,0,0,0,0,0,0);
INSERT INTO `menu_links` VALUES ('navigation',343,15,'admin/help/rules','admin/help/rules','rules','a:0:{}','system',-1,0,0,0,0,3,0,2,15,343,0,0,0,0,0,0,0);
INSERT INTO `menu_links` VALUES ('navigation',344,337,'admin/rules/rules/%','admin/rules/rules/%','','a:0:{}','system',-1,0,0,0,0,3,0,2,337,344,0,0,0,0,0,0,0);
INSERT INTO `menu_links` VALUES ('navigation',345,340,'admin/rules/rule_sets/js','admin/rules/rule_sets/js','','a:0:{}','system',-1,0,0,0,0,4,0,2,337,340,345,0,0,0,0,0,0);
INSERT INTO `menu_links` VALUES ('navigation',346,340,'admin/rules/rule_sets/%','admin/rules/rule_sets/%','','a:0:{}','system',-1,0,0,0,0,4,0,2,337,340,346,0,0,0,0,0,0);
INSERT INTO `menu_links` VALUES ('navigation',347,0,'admin/rules/rules/%/add','admin/rules/rules/%/add','Add','a:0:{}','system',-1,0,0,0,0,1,0,347,0,0,0,0,0,0,0,0,0);
INSERT INTO `menu_links` VALUES ('navigation',348,0,'admin/rules/rules/%/clone','admin/rules/rules/%/clone','Clone rule','a:0:{}','system',-1,0,0,0,0,1,0,348,0,0,0,0,0,0,0,0,0);
INSERT INTO `menu_links` VALUES ('navigation',349,0,'admin/rules/rule_sets/%/delete','admin/rules/rule_sets/%/delete','Delete','a:0:{}','system',-1,0,0,0,0,1,0,349,0,0,0,0,0,0,0,0,0);
INSERT INTO `menu_links` VALUES ('navigation',350,0,'admin/rules/rules/%/delete','admin/rules/rules/%/delete','Delete','a:0:{}','system',-1,0,0,0,0,1,0,350,0,0,0,0,0,0,0,0,0);
INSERT INTO `menu_links` VALUES ('navigation',351,0,'admin/rules/rule_sets/%/revert','admin/rules/rule_sets/%/revert','Revert','a:0:{}','system',-1,0,0,0,0,1,0,351,0,0,0,0,0,0,0,0,0);
INSERT INTO `menu_links` VALUES ('navigation',352,0,'admin/rules/rules/%/revert','admin/rules/rules/%/revert','Revert','a:0:{}','system',-1,0,0,0,0,1,0,352,0,0,0,0,0,0,0,0,0);
INSERT INTO `menu_links` VALUES ('navigation',353,0,'admin/rules/rules/%/delete/%','admin/rules/rules/%/delete/%','Delete','a:0:{}','system',-1,0,0,0,0,1,0,353,0,0,0,0,0,0,0,0,0);
INSERT INTO `menu_links` VALUES ('navigation',354,0,'admin/rules/rules/%/edit/%','admin/rules/rules/%/edit/%','Edit','a:0:{}','system',-1,0,0,0,0,1,0,354,0,0,0,0,0,0,0,0,0);
INSERT INTO `menu_links` VALUES ('navigation',355,15,'admin/help/php','admin/help/php','php','a:0:{}','system',-1,0,0,0,0,3,0,2,15,355,0,0,0,0,0,0,0);
INSERT INTO `menu_links` VALUES ('navigation',356,17,'admin/build/features','admin/build/features','Features','a:1:{s:10:\"attributes\";a:1:{s:5:\"title\";s:16:\"Manage features.\";}}','system',0,0,0,0,0,3,0,2,17,356,0,0,0,0,0,0,0);
INSERT INTO `menu_links` VALUES ('navigation',357,15,'admin/help/features','admin/help/features','features','a:0:{}','system',-1,0,0,0,0,3,0,2,15,357,0,0,0,0,0,0,0);
INSERT INTO `menu_links` VALUES ('navigation',358,356,'admin/build/features/%','admin/build/features/%','','a:1:{s:10:\"attributes\";a:1:{s:5:\"title\";s:32:\"Display components of a feature.\";}}','system',-1,0,0,0,0,4,0,2,17,356,358,0,0,0,0,0,0);
INSERT INTO `menu_links` VALUES ('navigation',359,356,'admin/build/features/cleanup','admin/build/features/cleanup','Cleanup','a:1:{s:10:\"attributes\";a:1:{s:5:\"title\";s:53:\"Detect and disable any orphaned feature dependencies.\";}}','system',-1,0,0,0,1,4,0,2,17,356,359,0,0,0,0,0,0);
INSERT INTO `menu_links` VALUES ('navigation',360,356,'admin/build/features/export/populate','admin/build/features/export/populate','Populate feature','a:1:{s:10:\"attributes\";a:1:{s:5:\"title\";s:61:\"AHAH callback to populate a feature from selected components.\";}}','system',-1,0,0,0,0,4,0,2,17,356,360,0,0,0,0,0,0);
INSERT INTO `menu_links` VALUES ('navigation',361,0,'admin/build/features/%/status','admin/build/features/%/status','Status','a:1:{s:10:\"attributes\";a:1:{s:5:\"title\";s:28:\"Javascript status call back.\";}}','system',-1,0,0,0,0,1,0,361,0,0,0,0,0,0,0,0,0);
INSERT INTO `menu_links` VALUES ('navigation',374,15,'admin/help/diff','admin/help/diff','diff','a:0:{}','system',-1,0,0,0,0,3,0,2,15,374,0,0,0,0,0,0,0);
INSERT INTO `menu_links` VALUES ('navigation',375,0,'node/%/revisions/diff-inline','node/%/revisions/diff-inline','','a:0:{}','system',-1,0,0,0,0,1,0,375,0,0,0,0,0,0,0,0,0);
INSERT INTO `menu_links` VALUES ('navigation',376,0,'guides/redirect','guides/redirect','','a:0:{}','system',-1,0,0,0,0,1,0,376,0,0,0,0,0,0,0,0,0);
INSERT INTO `menu_links` VALUES ('navigation',377,303,'admin/build/panels/layouts/list/%','admin/build/panels/layouts/list/%','','a:0:{}','system',-1,0,0,0,0,4,0,2,17,303,377,0,0,0,0,0,0);
INSERT INTO `menu_links` VALUES ('navigation',378,0,'admin/build/panels/layouts/list/%/clone','admin/build/panels/layouts/list/%/clone','Clone','a:0:{}','system',-1,0,0,0,0,1,0,378,0,0,0,0,0,0,0,0,0);
INSERT INTO `menu_links` VALUES ('navigation',379,0,'admin/build/panels/layouts/list/%/delete','admin/build/panels/layouts/list/%/delete','Delete','a:0:{}','system',-1,0,0,0,0,1,0,379,0,0,0,0,0,0,0,0,0);
INSERT INTO `menu_links` VALUES ('navigation',380,0,'admin/build/panels/layouts/list/%/disable','admin/build/panels/layouts/list/%/disable','Disable','a:0:{}','system',-1,0,0,0,0,1,0,380,0,0,0,0,0,0,0,0,0);
INSERT INTO `menu_links` VALUES ('navigation',381,0,'admin/build/panels/layouts/list/%/enable','admin/build/panels/layouts/list/%/enable','Enable','a:0:{}','system',-1,0,0,0,0,1,0,381,0,0,0,0,0,0,0,0,0);
INSERT INTO `menu_links` VALUES ('navigation',382,0,'admin/build/panels/layouts/list/%/revert','admin/build/panels/layouts/list/%/revert','Revert','a:0:{}','system',-1,0,0,0,0,1,0,382,0,0,0,0,0,0,0,0,0);
INSERT INTO `menu_links` VALUES ('navigation',383,17,'admin/build/custom_links','admin/build/custom_links','Custom links','a:1:{s:10:\"attributes\";a:1:{s:5:\"title\";s:43:\"Add custom links to specific content types.\";}}','system',0,0,0,0,0,3,0,2,17,383,0,0,0,0,0,0,0);
INSERT INTO `menu_links` VALUES ('navigation',384,383,'admin/build/custom_links/add','admin/build/custom_links/add','Add custom breadcrumb','a:0:{}','system',-1,0,0,0,0,4,0,2,17,383,384,0,0,0,0,0,0);
INSERT INTO `menu_links` VALUES ('navigation',385,383,'admin/build/custom_links/edit','admin/build/custom_links/edit','Edit custom breadcrumb','a:0:{}','system',-1,0,0,0,0,4,0,2,17,383,385,0,0,0,0,0,0);
INSERT INTO `menu_links` VALUES ('navigation',386,0,'locale','locale','Translate strings','a:0:{}','system',0,0,0,0,0,1,0,386,0,0,0,0,0,0,0,0,0);
INSERT INTO `menu_links` VALUES ('navigation',387,0,'l10n_client/save','l10n_client/save','Save string','a:0:{}','system',-1,0,0,0,0,1,0,387,0,0,0,0,0,0,0,0,0);
INSERT INTO `menu_links` VALUES ('navigation',388,18,'admin/settings/language','admin/settings/language','Languages','a:1:{s:10:\"attributes\";a:1:{s:5:\"title\";s:55:\"Configure languages for content and the user interface.\";}}','system',0,0,0,0,0,3,0,2,18,388,0,0,0,0,0,0,0);
INSERT INTO `menu_links` VALUES ('navigation',389,17,'admin/build/translate','admin/build/translate','Translate interface','a:1:{s:10:\"attributes\";a:1:{s:5:\"title\";s:59:\"Translate the built in interface and optionally other text.\";}}','system',0,0,0,0,0,3,0,2,17,389,0,0,0,0,0,0,0);
INSERT INTO `menu_links` VALUES ('navigation',390,15,'admin/help/locale','admin/help/locale','locale','a:0:{}','system',-1,0,0,0,0,3,0,2,15,390,0,0,0,0,0,0,0);
INSERT INTO `menu_links` VALUES ('navigation',391,388,'admin/settings/language/delete/%','admin/settings/language/delete/%','Confirm','a:0:{}','system',-1,0,0,0,0,4,0,2,18,388,391,0,0,0,0,0,0);
INSERT INTO `menu_links` VALUES ('navigation',392,389,'admin/build/translate/delete/%','admin/build/translate/delete/%','Delete string','a:0:{}','system',-1,0,0,0,0,4,0,2,17,389,392,0,0,0,0,0,0);
INSERT INTO `menu_links` VALUES ('navigation',393,388,'admin/settings/language/edit/%','admin/settings/language/edit/%','Edit language','a:0:{}','system',-1,0,0,0,0,4,0,2,18,388,393,0,0,0,0,0,0);
INSERT INTO `menu_links` VALUES ('navigation',394,389,'admin/build/translate/edit/%','admin/build/translate/edit/%','Edit string','a:0:{}','system',-1,0,0,0,0,4,0,2,17,389,394,0,0,0,0,0,0);
/*!40000 ALTER TABLE `menu_links` ENABLE KEYS */;
UNLOCK TABLES;

DROP TABLE IF EXISTS `menu_router`;
CREATE TABLE `menu_router` (
  `path` varchar(255) NOT NULL DEFAULT '',
  `load_functions` text NOT NULL,
  `to_arg_functions` text NOT NULL,
  `access_callback` varchar(255) NOT NULL DEFAULT '',
  `access_arguments` text,
  `page_callback` varchar(255) NOT NULL DEFAULT '',
  `page_arguments` text,
  `fit` int(11) NOT NULL DEFAULT '0',
  `number_parts` smallint(6) NOT NULL DEFAULT '0',
  `tab_parent` varchar(255) NOT NULL DEFAULT '',
  `tab_root` varchar(255) NOT NULL DEFAULT '',
  `title` varchar(255) NOT NULL DEFAULT '',
  `title_callback` varchar(255) NOT NULL DEFAULT '',
  `title_arguments` varchar(255) NOT NULL DEFAULT '',
  `type` int(11) NOT NULL DEFAULT '0',
  `block_callback` varchar(255) NOT NULL DEFAULT '',
  `description` text NOT NULL,
  `position` varchar(255) NOT NULL DEFAULT '',
  `weight` int(11) NOT NULL DEFAULT '0',
  `file` mediumtext,
  PRIMARY KEY (`path`),
  KEY `fit` (`fit`),
  KEY `tab_parent` (`tab_parent`),
  KEY `tab_root_weight_title` (`tab_root`(64),`weight`,`title`)
) ENGINE=InnoDB DEFAULT CHARSET=utf8;

LOCK TABLES `menu_router` WRITE;
/*!40000 ALTER TABLE `menu_router` DISABLE KEYS */;
INSERT INTO `menu_router` VALUES ('admin','','','user_access','a:1:{i:0;s:27:\"access administration pages\";}','system_main_admin_page','a:0:{}',1,1,'','admin','Administer','t','',6,'','','',9,'modules/system/system.admin.inc');
INSERT INTO `menu_router` VALUES ('admin/build','','','user_access','a:1:{i:0;s:27:\"access administration pages\";}','system_admin_menu_block_page','a:0:{}',3,2,'','admin/build','Site building','t','',6,'','Control how your site looks and feels.','right',-10,'modules/system/system.admin.inc');
INSERT INTO `menu_router` VALUES ('admin/build/block','','','user_access','a:1:{i:0;s:17:\"administer blocks\";}','block_admin_display','a:0:{}',7,3,'','admin/build/block','Blocks','t','',6,'','Configure what block content appears in your site\'s sidebars and other regions.','',0,'modules/block/block.admin.inc');
INSERT INTO `menu_router` VALUES ('admin/build/block/add','','','user_access','a:1:{i:0;s:17:\"administer blocks\";}','drupal_get_form','a:1:{i:0;s:20:\"block_add_block_form\";}',15,4,'admin/build/block','admin/build/block','Add block','t','',128,'','','',0,'modules/block/block.admin.inc');
INSERT INTO `menu_router` VALUES ('admin/build/block/configure','','','user_access','a:1:{i:0;s:17:\"administer blocks\";}','drupal_get_form','a:1:{i:0;s:21:\"block_admin_configure\";}',15,4,'','admin/build/block/configure','Configure block','t','',4,'','','',0,'modules/block/block.admin.inc');
INSERT INTO `menu_router` VALUES ('admin/build/block/delete','','','user_access','a:1:{i:0;s:17:\"administer blocks\";}','drupal_get_form','a:1:{i:0;s:16:\"block_box_delete\";}',15,4,'','admin/build/block/delete','Delete block','t','',4,'','','',0,'modules/block/block.admin.inc');
INSERT INTO `menu_router` VALUES ('admin/build/block/list','','','user_access','a:1:{i:0;s:17:\"administer blocks\";}','block_admin_display','a:0:{}',15,4,'admin/build/block','admin/build/block','List','t','',136,'','','',-10,'modules/block/block.admin.inc');
INSERT INTO `menu_router` VALUES ('admin/build/block/list/bluemarine','','','_block_themes_access','a:1:{i:0;O:8:\"stdClass\":12:{s:8:\"filename\";s:33:\"themes/bluemarine/bluemarine.info\";s:4:\"name\";s:10:\"bluemarine\";s:4:\"type\";s:5:\"theme\";s:5:\"owner\";s:45:\"themes/engines/phptemplate/phptemplate.engine\";s:6:\"status\";s:1:\"0\";s:8:\"throttle\";s:1:\"0\";s:9:\"bootstrap\";s:1:\"0\";s:14:\"schema_version\";s:2:\"-1\";s:6:\"weight\";s:1:\"0\";s:4:\"info\";a:13:{s:4:\"name\";s:10:\"Bluemarine\";s:11:\"description\";s:66:\"Table-based multi-column theme with a marine and ash color scheme.\";s:7:\"version\";s:4:\"6.19\";s:4:\"core\";s:3:\"6.x\";s:6:\"engine\";s:11:\"phptemplate\";s:7:\"project\";s:6:\"drupal\";s:9:\"datestamp\";s:10:\"1281559292\";s:7:\"regions\";a:5:{s:4:\"left\";s:12:\"Left sidebar\";s:5:\"right\";s:13:\"Right sidebar\";s:7:\"content\";s:7:\"Content\";s:6:\"header\";s:6:\"Header\";s:6:\"footer\";s:6:\"Footer\";}s:8:\"features\";a:10:{i:0;s:20:\"comment_user_picture\";i:1;s:7:\"favicon\";i:2;s:7:\"mission\";i:3;s:4:\"logo\";i:4;s:4:\"name\";i:5;s:17:\"node_user_picture\";i:6;s:6:\"search\";i:7;s:6:\"slogan\";i:8;s:13:\"primary_links\";i:9;s:15:\"secondary_links\";}s:11:\"stylesheets\";a:1:{s:3:\"all\";a:1:{s:9:\"style.css\";s:27:\"themes/bluemarine/style.css\";}}s:7:\"scripts\";a:1:{s:9:\"script.js\";s:27:\"themes/bluemarine/script.js\";}s:10:\"screenshot\";s:32:\"themes/bluemarine/screenshot.png\";s:3:\"php\";s:5:\"4.3.5\";}s:11:\"stylesheets\";a:1:{s:3:\"all\";a:1:{s:9:\"style.css\";s:27:\"themes/bluemarine/style.css\";}}s:6:\"engine\";s:11:\"phptemplate\";}}','block_admin_display','a:1:{i:0;s:10:\"bluemarine\";}',31,5,'admin/build/block/list','admin/build/block','Bluemarine','t','',128,'','','',0,'modules/block/block.admin.inc');
INSERT INTO `menu_router` VALUES ('admin/build/block/list/chameleon','','','_block_themes_access','a:1:{i:0;O:8:\"stdClass\":11:{s:8:\"filename\";s:31:\"themes/chameleon/chameleon.info\";s:4:\"name\";s:9:\"chameleon\";s:4:\"type\";s:5:\"theme\";s:5:\"owner\";s:32:\"themes/chameleon/chameleon.theme\";s:6:\"status\";s:1:\"0\";s:8:\"throttle\";s:1:\"0\";s:9:\"bootstrap\";s:1:\"0\";s:14:\"schema_version\";s:2:\"-1\";s:6:\"weight\";s:1:\"0\";s:4:\"info\";a:12:{s:4:\"name\";s:9:\"Chameleon\";s:11:\"description\";s:42:\"Minimalist tabled theme with light colors.\";s:7:\"regions\";a:2:{s:4:\"left\";s:12:\"Left sidebar\";s:5:\"right\";s:13:\"Right sidebar\";}s:8:\"features\";a:4:{i:0;s:4:\"logo\";i:1;s:7:\"favicon\";i:2;s:4:\"name\";i:3;s:6:\"slogan\";}s:11:\"stylesheets\";a:1:{s:3:\"all\";a:2:{s:9:\"style.css\";s:26:\"themes/chameleon/style.css\";s:10:\"common.css\";s:27:\"themes/chameleon/common.css\";}}s:7:\"version\";s:4:\"6.19\";s:4:\"core\";s:3:\"6.x\";s:7:\"project\";s:6:\"drupal\";s:9:\"datestamp\";s:10:\"1281559292\";s:7:\"scripts\";a:1:{s:9:\"script.js\";s:26:\"themes/chameleon/script.js\";}s:10:\"screenshot\";s:31:\"themes/chameleon/screenshot.png\";s:3:\"php\";s:5:\"4.3.5\";}s:11:\"stylesheets\";a:1:{s:3:\"all\";a:2:{s:9:\"style.css\";s:26:\"themes/chameleon/style.css\";s:10:\"common.css\";s:27:\"themes/chameleon/common.css\";}}}}','block_admin_display','a:1:{i:0;s:9:\"chameleon\";}',31,5,'admin/build/block/list','admin/build/block','Chameleon','t','',128,'','','',0,'modules/block/block.admin.inc');
INSERT INTO `menu_router` VALUES ('admin/build/block/list/garland','','','_block_themes_access','a:1:{i:0;O:8:\"stdClass\":12:{s:8:\"filename\";s:27:\"themes/garland/garland.info\";s:4:\"name\";s:7:\"garland\";s:4:\"type\";s:5:\"theme\";s:5:\"owner\";s:45:\"themes/engines/phptemplate/phptemplate.engine\";s:6:\"status\";s:1:\"0\";s:8:\"throttle\";s:1:\"0\";s:9:\"bootstrap\";s:1:\"0\";s:14:\"schema_version\";s:2:\"-1\";s:6:\"weight\";s:1:\"0\";s:4:\"info\";a:13:{s:4:\"name\";s:7:\"Garland\";s:11:\"description\";s:66:\"Tableless, recolorable, multi-column, fluid width theme (default).\";s:7:\"version\";s:4:\"6.19\";s:4:\"core\";s:3:\"6.x\";s:6:\"engine\";s:11:\"phptemplate\";s:11:\"stylesheets\";a:2:{s:3:\"all\";a:1:{s:9:\"style.css\";s:24:\"themes/garland/style.css\";}s:5:\"print\";a:1:{s:9:\"print.css\";s:24:\"themes/garland/print.css\";}}s:7:\"project\";s:6:\"drupal\";s:9:\"datestamp\";s:10:\"1281559292\";s:7:\"regions\";a:5:{s:4:\"left\";s:12:\"Left sidebar\";s:5:\"right\";s:13:\"Right sidebar\";s:7:\"content\";s:7:\"Content\";s:6:\"header\";s:6:\"Header\";s:6:\"footer\";s:6:\"Footer\";}s:8:\"features\";a:10:{i:0;s:20:\"comment_user_picture\";i:1;s:7:\"favicon\";i:2;s:7:\"mission\";i:3;s:4:\"logo\";i:4;s:4:\"name\";i:5;s:17:\"node_user_picture\";i:6;s:6:\"search\";i:7;s:6:\"slogan\";i:8;s:13:\"primary_links\";i:9;s:15:\"secondary_links\";}s:7:\"scripts\";a:1:{s:9:\"script.js\";s:24:\"themes/garland/script.js\";}s:10:\"screenshot\";s:29:\"themes/garland/screenshot.png\";s:3:\"php\";s:5:\"4.3.5\";}s:11:\"stylesheets\";a:2:{s:3:\"all\";a:1:{s:9:\"style.css\";s:24:\"themes/garland/style.css\";}s:5:\"print\";a:1:{s:9:\"print.css\";s:24:\"themes/garland/print.css\";}}s:6:\"engine\";s:11:\"phptemplate\";}}','block_admin_display','a:1:{i:0;s:7:\"garland\";}',31,5,'admin/build/block/list','admin/build/block','Garland','t','',128,'','','',0,'modules/block/block.admin.inc');
INSERT INTO `menu_router` VALUES ('admin/build/block/list/js','','','user_access','a:1:{i:0;s:17:\"administer blocks\";}','block_admin_display_js','a:0:{}',31,5,'','admin/build/block/list/js','JavaScript List Form','t','',4,'','','',0,'modules/block/block.admin.inc');
INSERT INTO `menu_router` VALUES ('admin/build/block/list/marvin','','','_block_themes_access','a:1:{i:0;O:8:\"stdClass\":12:{s:8:\"filename\";s:35:\"themes/chameleon/marvin/marvin.info\";s:4:\"name\";s:6:\"marvin\";s:4:\"type\";s:5:\"theme\";s:5:\"owner\";s:0:\"\";s:6:\"status\";s:1:\"0\";s:8:\"throttle\";s:1:\"0\";s:9:\"bootstrap\";s:1:\"0\";s:14:\"schema_version\";s:2:\"-1\";s:6:\"weight\";s:1:\"0\";s:4:\"info\";a:13:{s:4:\"name\";s:6:\"Marvin\";s:11:\"description\";s:31:\"Boxy tabled theme in all grays.\";s:7:\"regions\";a:2:{s:4:\"left\";s:12:\"Left sidebar\";s:5:\"right\";s:13:\"Right sidebar\";}s:7:\"version\";s:4:\"6.19\";s:4:\"core\";s:3:\"6.x\";s:10:\"base theme\";s:9:\"chameleon\";s:7:\"project\";s:6:\"drupal\";s:9:\"datestamp\";s:10:\"1281559292\";s:8:\"features\";a:10:{i:0;s:20:\"comment_user_picture\";i:1;s:7:\"favicon\";i:2;s:7:\"mission\";i:3;s:4:\"logo\";i:4;s:4:\"name\";i:5;s:17:\"node_user_picture\";i:6;s:6:\"search\";i:7;s:6:\"slogan\";i:8;s:13:\"primary_links\";i:9;s:15:\"secondary_links\";}s:11:\"stylesheets\";a:1:{s:3:\"all\";a:1:{s:9:\"style.css\";s:33:\"themes/chameleon/marvin/style.css\";}}s:7:\"scripts\";a:1:{s:9:\"script.js\";s:33:\"themes/chameleon/marvin/script.js\";}s:10:\"screenshot\";s:38:\"themes/chameleon/marvin/screenshot.png\";s:3:\"php\";s:5:\"4.3.5\";}s:11:\"stylesheets\";a:1:{s:3:\"all\";a:1:{s:9:\"style.css\";s:33:\"themes/chameleon/marvin/style.css\";}}s:10:\"base_theme\";s:9:\"chameleon\";}}','block_admin_display','a:1:{i:0;s:6:\"marvin\";}',31,5,'admin/build/block/list','admin/build/block','Marvin','t','',128,'','','',0,'modules/block/block.admin.inc');
INSERT INTO `menu_router` VALUES ('admin/build/block/list/minnelli','','','_block_themes_access','a:1:{i:0;O:8:\"stdClass\":13:{s:8:\"filename\";s:37:\"themes/garland/minnelli/minnelli.info\";s:4:\"name\";s:8:\"minnelli\";s:4:\"type\";s:5:\"theme\";s:5:\"owner\";s:45:\"themes/engines/phptemplate/phptemplate.engine\";s:6:\"status\";s:1:\"0\";s:8:\"throttle\";s:1:\"0\";s:9:\"bootstrap\";s:1:\"0\";s:14:\"schema_version\";s:2:\"-1\";s:6:\"weight\";s:1:\"0\";s:4:\"info\";a:14:{s:4:\"name\";s:8:\"Minnelli\";s:11:\"description\";s:56:\"Tableless, recolorable, multi-column, fixed width theme.\";s:7:\"version\";s:4:\"6.19\";s:4:\"core\";s:3:\"6.x\";s:10:\"base theme\";s:7:\"garland\";s:11:\"stylesheets\";a:1:{s:3:\"all\";a:1:{s:12:\"minnelli.css\";s:36:\"themes/garland/minnelli/minnelli.css\";}}s:7:\"project\";s:6:\"drupal\";s:9:\"datestamp\";s:10:\"1281559292\";s:7:\"regions\";a:5:{s:4:\"left\";s:12:\"Left sidebar\";s:5:\"right\";s:13:\"Right sidebar\";s:7:\"content\";s:7:\"Content\";s:6:\"header\";s:6:\"Header\";s:6:\"footer\";s:6:\"Footer\";}s:8:\"features\";a:10:{i:0;s:20:\"comment_user_picture\";i:1;s:7:\"favicon\";i:2;s:7:\"mission\";i:3;s:4:\"logo\";i:4;s:4:\"name\";i:5;s:17:\"node_user_picture\";i:6;s:6:\"search\";i:7;s:6:\"slogan\";i:8;s:13:\"primary_links\";i:9;s:15:\"secondary_links\";}s:7:\"scripts\";a:1:{s:9:\"script.js\";s:33:\"themes/garland/minnelli/script.js\";}s:10:\"screenshot\";s:38:\"themes/garland/minnelli/screenshot.png\";s:3:\"php\";s:5:\"4.3.5\";s:6:\"engine\";s:11:\"phptemplate\";}s:11:\"stylesheets\";a:1:{s:3:\"all\";a:1:{s:12:\"minnelli.css\";s:36:\"themes/garland/minnelli/minnelli.css\";}}s:6:\"engine\";s:11:\"phptemplate\";s:10:\"base_theme\";s:7:\"garland\";}}','block_admin_display','a:1:{i:0;s:8:\"minnelli\";}',31,5,'admin/build/block/list','admin/build/block','Minnelli','t','',128,'','','',0,'modules/block/block.admin.inc');
INSERT INTO `menu_router` VALUES ('admin/build/block/list/pushbutton','','','_block_themes_access','a:1:{i:0;O:8:\"stdClass\":12:{s:8:\"filename\";s:33:\"themes/pushbutton/pushbutton.info\";s:4:\"name\";s:10:\"pushbutton\";s:4:\"type\";s:5:\"theme\";s:5:\"owner\";s:45:\"themes/engines/phptemplate/phptemplate.engine\";s:6:\"status\";s:1:\"0\";s:8:\"throttle\";s:1:\"0\";s:9:\"bootstrap\";s:1:\"0\";s:14:\"schema_version\";s:2:\"-1\";s:6:\"weight\";s:1:\"0\";s:4:\"info\";a:13:{s:4:\"name\";s:10:\"Pushbutton\";s:11:\"description\";s:52:\"Tabled, multi-column theme in blue and orange tones.\";s:7:\"version\";s:4:\"6.19\";s:4:\"core\";s:3:\"6.x\";s:6:\"engine\";s:11:\"phptemplate\";s:7:\"project\";s:6:\"drupal\";s:9:\"datestamp\";s:10:\"1281559292\";s:7:\"regions\";a:5:{s:4:\"left\";s:12:\"Left sidebar\";s:5:\"right\";s:13:\"Right sidebar\";s:7:\"content\";s:7:\"Content\";s:6:\"header\";s:6:\"Header\";s:6:\"footer\";s:6:\"Footer\";}s:8:\"features\";a:10:{i:0;s:20:\"comment_user_picture\";i:1;s:7:\"favicon\";i:2;s:7:\"mission\";i:3;s:4:\"logo\";i:4;s:4:\"name\";i:5;s:17:\"node_user_picture\";i:6;s:6:\"search\";i:7;s:6:\"slogan\";i:8;s:13:\"primary_links\";i:9;s:15:\"secondary_links\";}s:11:\"stylesheets\";a:1:{s:3:\"all\";a:1:{s:9:\"style.css\";s:27:\"themes/pushbutton/style.css\";}}s:7:\"scripts\";a:1:{s:9:\"script.js\";s:27:\"themes/pushbutton/script.js\";}s:10:\"screenshot\";s:32:\"themes/pushbutton/screenshot.png\";s:3:\"php\";s:5:\"4.3.5\";}s:11:\"stylesheets\";a:1:{s:3:\"all\";a:1:{s:9:\"style.css\";s:27:\"themes/pushbutton/style.css\";}}s:6:\"engine\";s:11:\"phptemplate\";}}','block_admin_display','a:1:{i:0;s:10:\"pushbutton\";}',31,5,'admin/build/block/list','admin/build/block','Pushbutton','t','',128,'','','',0,'modules/block/block.admin.inc');
INSERT INTO `menu_router` VALUES ('admin/build/block/list/zen','','','_block_themes_access','a:1:{i:0;O:8:\"stdClass\":13:{s:8:\"filename\";s:29:\"sites/all/themes/zen/zen.info\";s:4:\"name\";s:3:\"zen\";s:4:\"type\";s:5:\"theme\";s:5:\"owner\";s:45:\"themes/engines/phptemplate/phptemplate.engine\";s:6:\"status\";s:1:\"0\";s:8:\"throttle\";s:1:\"0\";s:9:\"bootstrap\";s:1:\"0\";s:14:\"schema_version\";s:2:\"-1\";s:6:\"weight\";s:1:\"0\";s:4:\"info\";a:15:{s:4:\"name\";s:3:\"Zen\";s:11:\"description\";s:189:\"Zen sub-themes are the ultimate starting themes for Drupal 6. Read the <a href=\"http://drupal.org/node/226507\">online docs</a> or the included README-FIRST.txt on how to create a sub-theme.\";s:10:\"screenshot\";s:49:\"sites/all/themes/zen/zen-internals/screenshot.png\";s:4:\"core\";s:3:\"6.x\";s:6:\"engine\";s:11:\"phptemplate\";s:7:\"regions\";a:9:{s:13:\"sidebar_first\";s:13:\"First sidebar\";s:14:\"sidebar_second\";s:14:\"Second sidebar\";s:10:\"navigation\";s:14:\"Navigation bar\";s:9:\"highlight\";s:19:\"Highlighted content\";s:11:\"content_top\";s:11:\"Content top\";s:14:\"content_bottom\";s:14:\"Content bottom\";s:6:\"header\";s:6:\"Header\";s:6:\"footer\";s:6:\"Footer\";s:12:\"page_closure\";s:12:\"Page closure\";}s:8:\"features\";a:10:{i:0;s:4:\"logo\";i:1;s:4:\"name\";i:2;s:6:\"slogan\";i:3;s:7:\"mission\";i:4;s:17:\"node_user_picture\";i:5;s:20:\"comment_user_picture\";i:6;s:6:\"search\";i:7;s:7:\"favicon\";i:8;s:13:\"primary_links\";i:9;s:15:\"secondary_links\";}s:8:\"settings\";a:9:{s:17:\"zen_block_editing\";s:1:\"1\";s:14:\"zen_breadcrumb\";s:3:\"yes\";s:24:\"zen_breadcrumb_separator\";s:5:\" › \";s:19:\"zen_breadcrumb_home\";s:1:\"1\";s:23:\"zen_breadcrumb_trailing\";s:1:\"1\";s:20:\"zen_breadcrumb_title\";s:1:\"0\";s:10:\"zen_layout\";s:18:\"zen-columns-liquid\";s:20:\"zen_rebuild_registry\";s:1:\"0\";s:14:\"zen_wireframes\";s:1:\"0\";}s:7:\"plugins\";a:1:{s:6:\"panels\";a:1:{s:7:\"layouts\";s:7:\"layouts\";}}s:7:\"version\";s:7:\"6.x-2.0\";s:7:\"project\";s:3:\"zen\";s:9:\"datestamp\";s:10:\"1277583313\";s:7:\"scripts\";a:1:{s:33:\"scripts/jquery.superSimpleTabs.js\";s:54:\"sites/all/themes/zen/scripts/jquery.superSimpleTabs.js\";}s:11:\"stylesheets\";a:1:{s:3:\"all\";a:1:{s:17:\"styles/styles.css\";s:38:\"sites/all/themes/zen/styles/styles.css\";}}s:3:\"php\";s:5:\"4.3.5\";}s:11:\"stylesheets\";a:1:{s:3:\"all\";a:1:{s:17:\"styles/styles.css\";s:38:\"sites/all/themes/zen/styles/styles.css\";}}s:7:\"scripts\";a:1:{s:33:\"scripts/jquery.superSimpleTabs.js\";s:54:\"sites/all/themes/zen/scripts/jquery.superSimpleTabs.js\";}s:6:\"engine\";s:11:\"phptemplate\";}}','block_admin_display','a:1:{i:0;s:3:\"zen\";}',31,5,'admin/build/block/list','admin/build/block','Zen','t','',136,'','','',-10,'modules/block/block.admin.inc');
INSERT INTO `menu_router` VALUES ('admin/build/custom_links','','','user_access','a:1:{i:0;s:23:\"administer custom links\";}','custom_links_page','a:0:{}',7,3,'','admin/build/custom_links','Custom links','t','',6,'','Add custom links to specific content types.','',0,'sites/all/modules/custom_links/custom_links.admin.inc');
INSERT INTO `menu_router` VALUES ('admin/build/custom_links/add','','','user_access','a:1:{i:0;s:23:\"administer custom links\";}','drupal_get_form','a:1:{i:0;s:17:\"custom_links_form\";}',15,4,'','admin/build/custom_links/add','Add custom breadcrumb','t','',4,'','','',0,'sites/all/modules/custom_links/custom_links.admin.inc');
INSERT INTO `menu_router` VALUES ('admin/build/custom_links/edit','','','user_access','a:1:{i:0;s:23:\"administer custom links\";}','drupal_get_form','a:1:{i:0;s:17:\"custom_links_form\";}',15,4,'','admin/build/custom_links/edit','Edit custom breadcrumb','t','',4,'','','',0,'sites/all/modules/custom_links/custom_links.admin.inc');
INSERT INTO `menu_router` VALUES ('admin/build/features','','','user_access','a:1:{i:0;s:15:\"manage features\";}','drupal_get_form','a:1:{i:0;s:19:\"features_admin_form\";}',7,3,'','admin/build/features','Features','t','',6,'','Manage features.','',0,'sites/all/modules/features/features.admin.inc');
INSERT INTO `menu_router` VALUES ('admin/build/features/%','a:1:{i:3;s:12:\"feature_load\";}','','user_access','a:1:{i:0;s:19:\"administer features\";}','drupal_get_form','a:2:{i:0;s:25:\"features_admin_components\";i:1;i:3;}',14,4,'','admin/build/features/%','','features_get_feature_title','a:1:{i:0;i:3;}',4,'','Display components of a feature.','',0,'sites/all/modules/features/features.admin.inc');
INSERT INTO `menu_router` VALUES ('admin/build/features/%/diff','a:1:{i:3;s:12:\"feature_load\";}','','features_access_override_actions','a:1:{i:0;i:3;}','features_feature_diff','a:2:{i:0;i:3;i:1;i:5;}',29,5,'admin/build/features/%','admin/build/features/%','Review overrides','t','',128,'','Compare default and current feature.','',0,'sites/all/modules/features/features.admin.inc');
INSERT INTO `menu_router` VALUES ('admin/build/features/%/recreate','a:1:{i:3;s:12:\"feature_load\";}','','user_access','a:1:{i:0;s:19:\"administer features\";}','drupal_get_form','a:2:{i:0;s:20:\"features_export_form\";i:1;i:3;}',29,5,'admin/build/features/%','admin/build/features/%','Recreate','t','',128,'','Recreate an existing feature.','',11,'sites/all/modules/features/features.admin.inc');
INSERT INTO `menu_router` VALUES ('admin/build/features/%/status','a:1:{i:3;s:12:\"feature_load\";}','','user_access','a:1:{i:0;s:19:\"administer features\";}','features_feature_status','a:1:{i:0;i:3;}',29,5,'','admin/build/features/%/status','Status','t','',4,'','Javascript status call back.','',0,'sites/all/modules/features/features.admin.inc');
INSERT INTO `menu_router` VALUES ('admin/build/features/%/view','a:1:{i:3;s:12:\"feature_load\";}','','user_access','a:1:{i:0;s:19:\"administer features\";}','drupal_get_form','a:2:{i:0;s:25:\"features_admin_components\";i:1;i:3;}',29,5,'admin/build/features/%','admin/build/features/%','View','t','',136,'','Display components of a feature.','',-10,'sites/all/modules/features/features.admin.inc');
INSERT INTO `menu_router` VALUES ('admin/build/features/cleanup','','','user_access','a:1:{i:0;s:15:\"manage features\";}','drupal_get_form','a:2:{i:0;s:21:\"features_cleanup_form\";i:1;i:4;}',15,4,'','admin/build/features/cleanup','Cleanup','t','',4,'','Detect and disable any orphaned feature dependencies.','',1,'sites/all/modules/features/features.admin.inc');
INSERT INTO `menu_router` VALUES ('admin/build/features/create','','','user_access','a:1:{i:0;s:19:\"administer features\";}','drupal_get_form','a:1:{i:0;s:20:\"features_export_form\";}',15,4,'admin/build/features','admin/build/features','Create feature','t','',128,'','Create a new feature.','',10,'sites/all/modules/features/features.admin.inc');
INSERT INTO `menu_router` VALUES ('admin/build/features/export/populate','','','user_access','a:1:{i:0;s:19:\"administer features\";}','features_export_build_form_populate','a:0:{}',31,5,'','admin/build/features/export/populate','Populate feature','t','',4,'','AHAH callback to populate a feature from selected components.','',0,'sites/all/modules/features/features.admin.inc');
INSERT INTO `menu_router` VALUES ('admin/build/features/manage','','','user_access','a:1:{i:0;s:15:\"manage features\";}','drupal_get_form','a:1:{i:0;s:19:\"features_admin_form\";}',15,4,'admin/build/features','admin/build/features','Manage','t','',136,'','Enable and disable features.','',0,'sites/all/modules/features/features.admin.inc');
INSERT INTO `menu_router` VALUES ('admin/build/flags','','','user_access','a:1:{i:0;s:16:\"administer flags\";}','flag_admin_page','a:0:{}',7,3,'','admin/build/flags','Flags','t','',6,'','Configure flags for marking content with arbitary information (such as <em>offensive</em> or <em>bookmarked</em>).','',0,'sites/all/modules/flag/includes/flag.admin.inc');
INSERT INTO `menu_router` VALUES ('admin/build/flags/add','','','user_access','a:1:{i:0;s:16:\"administer flags\";}','flag_add_page','a:0:{}',15,4,'admin/build/flags','admin/build/flags','Add','t','',128,'','','',0,'sites/all/modules/flag/includes/flag.admin.inc');
INSERT INTO `menu_router` VALUES ('admin/build/flags/delete','','','user_access','a:1:{i:0;s:16:\"administer flags\";}','drupal_get_form','a:1:{i:0;s:19:\"flag_delete_confirm\";}',15,4,'','admin/build/flags/delete','Delete flags','t','',4,'','','',0,'sites/all/modules/flag/includes/flag.admin.inc');
INSERT INTO `menu_router` VALUES ('admin/build/flags/edit','','','user_access','a:1:{i:0;s:16:\"administer flags\";}','drupal_get_form','a:1:{i:0;s:9:\"flag_form\";}',15,4,'','admin/build/flags/edit','Edit flags','t','',4,'','','',0,'sites/all/modules/flag/includes/flag.admin.inc');
INSERT INTO `menu_router` VALUES ('admin/build/flags/list','','','user_access','a:1:{i:0;s:16:\"administer flags\";}','flag_admin_page','a:0:{}',15,4,'admin/build/flags','admin/build/flags','List','t','',136,'','','',-1,'sites/all/modules/flag/includes/flag.admin.inc');
INSERT INTO `menu_router` VALUES ('admin/build/imagecache','','','user_access','a:1:{i:0;s:21:\"administer imagecache\";}','imagecache_ui_preset_overview','a:0:{}',7,3,'','admin/build/imagecache','ImageCache','t','',6,'','Administer imagecache presets and actions.','',0,'sites/all/modules/imagecache/imagecache_ui.pages.inc');
INSERT INTO `menu_router` VALUES ('admin/build/imagecache/%','a:1:{i:3;s:25:\"imagecache_ui_preset_load\";}','','user_access','a:1:{i:0;s:21:\"administer imagecache\";}','drupal_get_form','a:2:{i:0;s:25:\"imagecache_ui_preset_form\";i:1;i:3;}',14,4,'','admin/build/imagecache/%','','imagecache_preset_title_callback','a:2:{i:0;s:24:\"Edit preset: !presetname\";i:1;i:3;}',4,'','','',0,'sites/all/modules/imagecache/imagecache_ui.pages.inc');
INSERT INTO `menu_router` VALUES ('admin/build/imagecache/%/%','a:2:{i:3;s:25:\"imagecache_ui_preset_load\";i:4;s:22:\"imagecache_action_load\";}','','user_access','a:1:{i:0;s:21:\"administer imagecache\";}','drupal_get_form','a:3:{i:0;s:25:\"imagecache_ui_action_form\";i:1;i:3;i:2;i:4;}',28,5,'','admin/build/imagecache/%/%','','imagecache_preset_title_callback','a:3:{i:0;s:30:\"!action for preset !presetname\";i:1;i:3;i:2;i:4;}',4,'','','',0,'sites/all/modules/imagecache/imagecache_ui.pages.inc');
INSERT INTO `menu_router` VALUES ('admin/build/imagecache/%/%/delete','a:2:{i:3;s:25:\"imagecache_ui_preset_load\";i:4;s:22:\"imagecache_action_load\";}','','user_access','a:1:{i:0;s:21:\"administer imagecache\";}','drupal_get_form','a:3:{i:0;s:32:\"imagecache_ui_action_delete_form\";i:1;i:3;i:2;i:4;}',57,6,'','admin/build/imagecache/%/%/delete','','imagecache_preset_title_callback','a:3:{i:0;s:37:\"Delete !action for preset !presetname\";i:1;i:3;i:2;i:4;}',4,'','','',0,'sites/all/modules/imagecache/imagecache_ui.pages.inc');
INSERT INTO `menu_router` VALUES ('admin/build/imagecache/%/add/%','a:2:{i:3;s:25:\"imagecache_ui_preset_load\";i:5;N;}','','user_access','a:1:{i:0;s:21:\"administer imagecache\";}','imagecache_ui_action_add_page','a:2:{i:0;i:3;i:1;i:5;}',58,6,'','admin/build/imagecache/%/add/%','','imagecache_preset_title_callback','a:3:{i:0;s:30:\"Add !actionname to !presetname\";i:1;i:3;i:2;i:5;}',4,'','','',0,'sites/all/modules/imagecache/imagecache_ui.pages.inc');
INSERT INTO `menu_router` VALUES ('admin/build/imagecache/%/delete','a:1:{i:3;s:25:\"imagecache_ui_preset_load\";}','','user_access','a:1:{i:0;s:21:\"administer imagecache\";}','drupal_get_form','a:2:{i:0;s:32:\"imagecache_ui_preset_delete_form\";i:1;i:3;}',29,5,'','admin/build/imagecache/%/delete','','imagecache_preset_title_callback','a:2:{i:0;s:26:\"Delete preset: !presetname\";i:1;i:3;}',4,'','','',0,'sites/all/modules/imagecache/imagecache_ui.pages.inc');
INSERT INTO `menu_router` VALUES ('admin/build/imagecache/%/export','a:1:{i:3;s:25:\"imagecache_ui_preset_load\";}','','user_access','a:1:{i:0;s:21:\"administer imagecache\";}','drupal_get_form','a:2:{i:0;s:32:\"imagecache_ui_preset_export_form\";i:1;i:3;}',29,5,'','admin/build/imagecache/%/export','','imagecache_preset_title_callback','a:2:{i:0;s:26:\"Export preset: !presetname\";i:1;i:3;}',4,'','','',0,'sites/all/modules/imagecache/imagecache_ui.pages.inc');
INSERT INTO `menu_router` VALUES ('admin/build/imagecache/%/flush','a:1:{i:3;s:25:\"imagecache_ui_preset_load\";}','','user_access','a:1:{i:0;s:16:\"flush imagecache\";}','drupal_get_form','a:2:{i:0;s:31:\"imagecache_ui_preset_flush_form\";i:1;i:3;}',29,5,'','admin/build/imagecache/%/flush','','imagecache_preset_title_callback','a:2:{i:0;s:25:\"Flush preset: !presetname\";i:1;i:3;}',4,'','','',0,'sites/all/modules/imagecache/imagecache_ui.pages.inc');
INSERT INTO `menu_router` VALUES ('admin/build/imagecache/%/override','a:1:{i:3;s:25:\"imagecache_ui_preset_load\";}','','user_access','a:1:{i:0;s:21:\"administer imagecache\";}','drupal_get_form','a:3:{i:0;s:25:\"imagecache_ui_preset_form\";i:1;i:3;i:2;b:1;}',29,5,'','admin/build/imagecache/%/override','','imagecache_preset_title_callback','a:2:{i:0;s:28:\"Override preset: !presetname\";i:1;i:3;}',4,'','','',0,'sites/all/modules/imagecache/imagecache_ui.pages.inc');
INSERT INTO `menu_router` VALUES ('admin/build/imagecache/add','','','user_access','a:1:{i:0;s:21:\"administer imagecache\";}','drupal_get_form','a:1:{i:0;s:25:\"imagecache_ui_preset_form\";}',15,4,'admin/build/imagecache','admin/build/imagecache','Add new preset','t','',128,'','','',0,'sites/all/modules/imagecache/imagecache_ui.pages.inc');
INSERT INTO `menu_router` VALUES ('admin/build/imagecache/list','','','user_access','a:1:{i:0;s:21:\"administer imagecache\";}','imagecache_ui_preset_overview','a:0:{}',15,4,'admin/build/imagecache','admin/build/imagecache','List','t','',136,'','','',-10,'sites/all/modules/imagecache/imagecache_ui.pages.inc');
INSERT INTO `menu_router` VALUES ('admin/build/menu','','','user_access','a:1:{i:0;s:15:\"administer menu\";}','menu_overview_page','a:0:{}',7,3,'','admin/build/menu','Menus','t','',6,'','Control your site\'s navigation menu, primary links and secondary links. as well as rename and reorganize menu items.','',0,'modules/menu/menu.admin.inc');
INSERT INTO `menu_router` VALUES ('admin/build/menu-customize/%','a:1:{i:3;s:9:\"menu_load\";}','','user_access','a:1:{i:0;s:15:\"administer menu\";}','drupal_get_form','a:2:{i:0;s:18:\"menu_overview_form\";i:1;i:3;}',14,4,'','admin/build/menu-customize/%','Customize menu','menu_overview_title','a:1:{i:0;i:3;}',4,'','','',0,'modules/menu/menu.admin.inc');
INSERT INTO `menu_router` VALUES ('admin/build/menu-customize/%/add','a:1:{i:3;s:9:\"menu_load\";}','','user_access','a:1:{i:0;s:15:\"administer menu\";}','drupal_get_form','a:4:{i:0;s:14:\"menu_edit_item\";i:1;s:3:\"add\";i:2;N;i:3;i:3;}',29,5,'admin/build/menu-customize/%','admin/build/menu-customize/%','Add item','t','',128,'','','',0,'modules/menu/menu.admin.inc');
INSERT INTO `menu_router` VALUES ('admin/build/menu-customize/%/delete','a:1:{i:3;s:9:\"menu_load\";}','','user_access','a:1:{i:0;s:15:\"administer menu\";}','menu_delete_menu_page','a:1:{i:0;i:3;}',29,5,'','admin/build/menu-customize/%/delete','Delete menu','t','',4,'','','',0,'modules/menu/menu.admin.inc');
INSERT INTO `menu_router` VALUES ('admin/build/menu-customize/%/edit','a:1:{i:3;s:9:\"menu_load\";}','','user_access','a:1:{i:0;s:15:\"administer menu\";}','drupal_get_form','a:3:{i:0;s:14:\"menu_edit_menu\";i:1;s:4:\"edit\";i:2;i:3;}',29,5,'admin/build/menu-customize/%','admin/build/menu-customize/%','Edit menu','t','',128,'','','',0,'modules/menu/menu.admin.inc');
INSERT INTO `menu_router` VALUES ('admin/build/menu-customize/%/list','a:1:{i:3;s:9:\"menu_load\";}','','user_access','a:1:{i:0;s:15:\"administer menu\";}','drupal_get_form','a:2:{i:0;s:18:\"menu_overview_form\";i:1;i:3;}',29,5,'admin/build/menu-customize/%','admin/build/menu-customize/%','List items','t','',136,'','','',-10,'modules/menu/menu.admin.inc');
INSERT INTO `menu_router` VALUES ('admin/build/menu/add','','','user_access','a:1:{i:0;s:15:\"administer menu\";}','drupal_get_form','a:2:{i:0;s:14:\"menu_edit_menu\";i:1;s:3:\"add\";}',15,4,'admin/build/menu','admin/build/menu','Add menu','t','',128,'','','',0,'modules/menu/menu.admin.inc');
INSERT INTO `menu_router` VALUES ('admin/build/menu/item/%/delete','a:1:{i:4;s:14:\"menu_link_load\";}','','user_access','a:1:{i:0;s:15:\"administer menu\";}','menu_item_delete_page','a:1:{i:0;i:4;}',61,6,'','admin/build/menu/item/%/delete','Delete menu item','t','',4,'','','',0,'modules/menu/menu.admin.inc');
INSERT INTO `menu_router` VALUES ('admin/build/menu/item/%/edit','a:1:{i:4;s:14:\"menu_link_load\";}','','user_access','a:1:{i:0;s:15:\"administer menu\";}','drupal_get_form','a:4:{i:0;s:14:\"menu_edit_item\";i:1;s:4:\"edit\";i:2;i:4;i:3;N;}',61,6,'','admin/build/menu/item/%/edit','Edit menu item','t','',4,'','','',0,'modules/menu/menu.admin.inc');
INSERT INTO `menu_router` VALUES ('admin/build/menu/item/%/reset','a:1:{i:4;s:14:\"menu_link_load\";}','','user_access','a:1:{i:0;s:15:\"administer menu\";}','drupal_get_form','a:2:{i:0;s:23:\"menu_reset_item_confirm\";i:1;i:4;}',61,6,'','admin/build/menu/item/%/reset','Reset menu item','t','',4,'','','',0,'modules/menu/menu.admin.inc');
INSERT INTO `menu_router` VALUES ('admin/build/menu/list','','','user_access','a:1:{i:0;s:15:\"administer menu\";}','menu_overview_page','a:0:{}',15,4,'admin/build/menu','admin/build/menu','List menus','t','',136,'','','',-10,'modules/menu/menu.admin.inc');
INSERT INTO `menu_router` VALUES ('admin/build/menu/settings','','','user_access','a:1:{i:0;s:15:\"administer menu\";}','drupal_get_form','a:1:{i:0;s:14:\"menu_configure\";}',15,4,'admin/build/menu','admin/build/menu','Settings','t','',128,'','','',5,'modules/menu/menu.admin.inc');
INSERT INTO `menu_router` VALUES ('admin/build/modules','','','user_access','a:1:{i:0;s:29:\"administer site configuration\";}','drupal_get_form','a:1:{i:0;s:14:\"system_modules\";}',7,3,'','admin/build/modules','Modules','t','',6,'','Enable or disable add-on modules for your site.','',0,'modules/system/system.admin.inc');
INSERT INTO `menu_router` VALUES ('admin/build/modules/list','','','user_access','a:1:{i:0;s:29:\"administer site configuration\";}','drupal_get_form','a:1:{i:0;s:14:\"system_modules\";}',15,4,'admin/build/modules','admin/build/modules','List','t','',136,'','','',0,'modules/system/system.admin.inc');
INSERT INTO `menu_router` VALUES ('admin/build/modules/list/confirm','','','user_access','a:1:{i:0;s:29:\"administer site configuration\";}','drupal_get_form','a:1:{i:0;s:14:\"system_modules\";}',31,5,'','admin/build/modules/list/confirm','List','t','',4,'','','',0,'modules/system/system.admin.inc');
INSERT INTO `menu_router` VALUES ('admin/build/modules/uninstall','','','user_access','a:1:{i:0;s:29:\"administer site configuration\";}','drupal_get_form','a:1:{i:0;s:24:\"system_modules_uninstall\";}',15,4,'admin/build/modules','admin/build/modules','Uninstall','t','',128,'','','',0,'modules/system/system.admin.inc');
INSERT INTO `menu_router` VALUES ('admin/build/modules/uninstall/confirm','','','user_access','a:1:{i:0;s:29:\"administer site configuration\";}','drupal_get_form','a:1:{i:0;s:24:\"system_modules_uninstall\";}',31,5,'','admin/build/modules/uninstall/confirm','Uninstall','t','',4,'','','',0,'modules/system/system.admin.inc');
INSERT INTO `menu_router` VALUES ('admin/build/panels','','','user_access','a:1:{i:0;s:20:\"use panels dashboard\";}','panels_admin_page','a:0:{}',7,3,'','admin/build/panels','Panels','t','',6,'','Get a bird\'s eye view of items related to Panels.','',0,'sites/all/modules/panels/includes/callbacks.inc');
INSERT INTO `menu_router` VALUES ('admin/build/panels/dashboard','','','user_access','a:1:{i:0;s:20:\"use panels dashboard\";}','panels_admin_page','a:0:{}',15,4,'admin/build/panels','admin/build/panels','Dashboard','t','',136,'','','',-10,'sites/all/modules/panels/includes/callbacks.inc');
INSERT INTO `menu_router` VALUES ('admin/build/panels/layouts','','','ctools_export_ui_task_access','a:2:{i:0;s:14:\"panels_layouts\";i:1;s:4:\"list\";}','ctools_export_ui_switcher_page','a:2:{i:0;s:14:\"panels_layouts\";i:1;s:4:\"list\";}',15,4,'admin/build/panels','admin/build/panels','Layouts','t','',128,'','Add, edit or delete custom content layouts.','',0,'sites/all/modules/ctools/includes/export-ui.inc');
INSERT INTO `menu_router` VALUES ('admin/build/panels/layouts/add-flexible','','','ctools_export_ui_task_access','a:2:{i:0;s:14:\"panels_layouts\";i:1;s:3:\"add\";}','ctools_export_ui_switcher_page','a:3:{i:0;s:14:\"panels_layouts\";i:1;s:3:\"add\";i:2;s:8:\"flexible\";}',31,5,'admin/build/panels/layouts','admin/build/panels','Add flexible layout','t','',128,'','','',0,'sites/all/modules/ctools/includes/export-ui.inc');
INSERT INTO `menu_router` VALUES ('admin/build/panels/layouts/import','','','ctools_export_ui_task_access','a:2:{i:0;s:14:\"panels_layouts\";i:1;s:6:\"import\";}','ctools_export_ui_switcher_page','a:2:{i:0;s:14:\"panels_layouts\";i:1;s:6:\"import\";}',31,5,'admin/build/panels/layouts','admin/build/panels','Import','t','',128,'','','',0,'sites/all/modules/ctools/includes/export-ui.inc');
INSERT INTO `menu_router` VALUES ('admin/build/panels/layouts/list','','','ctools_export_ui_task_access','a:2:{i:0;s:14:\"panels_layouts\";i:1;s:4:\"list\";}','ctools_export_ui_switcher_page','a:2:{i:0;s:14:\"panels_layouts\";i:1;s:4:\"list\";}',31,5,'admin/build/panels/layouts','admin/build/panels','List','t','',136,'','','',-10,'sites/all/modules/ctools/includes/export-ui.inc');
INSERT INTO `menu_router` VALUES ('admin/build/panels/layouts/list/%','a:1:{i:5;a:1:{s:21:\"ctools_export_ui_load\";a:1:{i:0;s:14:\"panels_layouts\";}}}','','ctools_export_ui_task_access','a:3:{i:0;s:14:\"panels_layouts\";i:1;s:4:\"edit\";i:2;i:5;}','ctools_export_ui_switcher_page','a:3:{i:0;s:14:\"panels_layouts\";i:1;s:4:\"edit\";i:2;i:5;}',62,6,'','admin/build/panels/layouts/list/%','','t','',4,'','','',0,'sites/all/modules/ctools/includes/export-ui.inc');
INSERT INTO `menu_router` VALUES ('admin/build/panels/layouts/list/%/clone','a:1:{i:5;a:1:{s:21:\"ctools_export_ui_load\";a:1:{i:0;s:14:\"panels_layouts\";}}}','','ctools_export_ui_task_access','a:3:{i:0;s:14:\"panels_layouts\";i:1;s:5:\"clone\";i:2;i:5;}','ctools_export_ui_switcher_page','a:3:{i:0;s:14:\"panels_layouts\";i:1;s:5:\"clone\";i:2;i:5;}',125,7,'','admin/build/panels/layouts/list/%/clone','Clone','t','',4,'','','',0,'sites/all/modules/ctools/includes/export-ui.inc');
INSERT INTO `menu_router` VALUES ('admin/build/panels/layouts/list/%/delete','a:1:{i:5;a:1:{s:21:\"ctools_export_ui_load\";a:1:{i:0;s:14:\"panels_layouts\";}}}','','ctools_export_ui_task_access','a:3:{i:0;s:14:\"panels_layouts\";i:1;s:6:\"delete\";i:2;i:5;}','ctools_export_ui_switcher_page','a:3:{i:0;s:14:\"panels_layouts\";i:1;s:6:\"delete\";i:2;i:5;}',125,7,'','admin/build/panels/layouts/list/%/delete','Delete','t','',4,'','','',0,'sites/all/modules/ctools/includes/export-ui.inc');
INSERT INTO `menu_router` VALUES ('admin/build/panels/layouts/list/%/disable','a:1:{i:5;a:1:{s:21:\"ctools_export_ui_load\";a:1:{i:0;s:14:\"panels_layouts\";}}}','','ctools_export_ui_task_access','a:3:{i:0;s:14:\"panels_layouts\";i:1;s:7:\"disable\";i:2;i:5;}','ctools_export_ui_switcher_page','a:3:{i:0;s:14:\"panels_layouts\";i:1;s:7:\"disable\";i:2;i:5;}',125,7,'','admin/build/panels/layouts/list/%/disable','Disable','t','',4,'','','',0,'sites/all/modules/ctools/includes/export-ui.inc');
INSERT INTO `menu_router` VALUES ('admin/build/panels/layouts/list/%/edit','a:1:{i:5;a:1:{s:21:\"ctools_export_ui_load\";a:1:{i:0;s:14:\"panels_layouts\";}}}','','ctools_export_ui_task_access','a:3:{i:0;s:14:\"panels_layouts\";i:1;s:4:\"edit\";i:2;i:5;}','ctools_export_ui_switcher_page','a:3:{i:0;s:14:\"panels_layouts\";i:1;s:4:\"edit\";i:2;i:5;}',125,7,'admin/build/panels/layouts/list/%','admin/build/panels/layouts/list/%','Edit','t','',136,'','','',0,'sites/all/modules/ctools/includes/export-ui.inc');
INSERT INTO `menu_router` VALUES ('admin/build/panels/layouts/list/%/enable','a:1:{i:5;a:1:{s:21:\"ctools_export_ui_load\";a:1:{i:0;s:14:\"panels_layouts\";}}}','','ctools_export_ui_task_access','a:3:{i:0;s:14:\"panels_layouts\";i:1;s:6:\"enable\";i:2;i:5;}','ctools_export_ui_switcher_page','a:3:{i:0;s:14:\"panels_layouts\";i:1;s:6:\"enable\";i:2;i:5;}',125,7,'','admin/build/panels/layouts/list/%/enable','Enable','t','',4,'','','',0,'sites/all/modules/ctools/includes/export-ui.inc');
INSERT INTO `menu_router` VALUES ('admin/build/panels/layouts/list/%/export','a:1:{i:5;a:1:{s:21:\"ctools_export_ui_load\";a:1:{i:0;s:14:\"panels_layouts\";}}}','','ctools_export_ui_task_access','a:3:{i:0;s:14:\"panels_layouts\";i:1;s:6:\"export\";i:2;i:5;}','ctools_export_ui_switcher_page','a:3:{i:0;s:14:\"panels_layouts\";i:1;s:6:\"export\";i:2;i:5;}',125,7,'admin/build/panels/layouts/list/%','admin/build/panels/layouts/list/%','Export','t','',128,'','','',0,'sites/all/modules/ctools/includes/export-ui.inc');
INSERT INTO `menu_router` VALUES ('admin/build/panels/layouts/list/%/revert','a:1:{i:5;a:1:{s:21:\"ctools_export_ui_load\";a:1:{i:0;s:14:\"panels_layouts\";}}}','','ctools_export_ui_task_access','a:3:{i:0;s:14:\"panels_layouts\";i:1;s:6:\"revert\";i:2;i:5;}','ctools_export_ui_switcher_page','a:3:{i:0;s:14:\"panels_layouts\";i:1;s:6:\"delete\";i:2;i:5;}',125,7,'','admin/build/panels/layouts/list/%/revert','Revert','t','',4,'','','',0,'sites/all/modules/ctools/includes/export-ui.inc');
INSERT INTO `menu_router` VALUES ('admin/build/panels/settings','','','user_access','a:1:{i:0;s:20:\"use panels dashboard\";}','drupal_get_form','a:1:{i:0;s:26:\"panels_admin_settings_page\";}',15,4,'admin/build/panels','admin/build/panels','Settings','t','',128,'','','',0,'sites/all/modules/panels/includes/callbacks.inc');
INSERT INTO `menu_router` VALUES ('admin/build/panels/settings/general','','','user_access','a:1:{i:0;s:23:\"administer page manager\";}','drupal_get_form','a:1:{i:0;s:26:\"panels_admin_settings_page\";}',31,5,'admin/build/panels/settings','admin/build/panels','General','t','',136,'','','',-10,'sites/all/modules/panels/includes/callbacks.inc');
INSERT INTO `menu_router` VALUES ('admin/build/panels/settings/panel-node','','','user_access','a:1:{i:0;s:22:\"administer panel-nodes\";}','panels_node_settings','a:0:{}',31,5,'admin/build/panels/settings','admin/build/panels','Panel nodes','t','',128,'','Configure which content is available to add to panel node displays.','',0,'');
INSERT INTO `menu_router` VALUES ('admin/build/testing','','','user_access','a:1:{i:0;s:21:\"administer unit tests\";}','drupal_get_form','a:1:{i:0;s:20:\"simpletest_test_form\";}',7,3,'','admin/build/testing','Testing','t','',6,'','Run tests against Drupal core and your active modules. These tests help assure that your site code is working as designed.','',0,'sites/all/modules/simpletest/simpletest.pages.inc');
INSERT INTO `menu_router` VALUES ('admin/build/testing/list','','','user_access','a:1:{i:0;s:21:\"administer unit tests\";}','drupal_get_form','a:1:{i:0;s:20:\"simpletest_test_form\";}',15,4,'admin/build/testing','admin/build/testing','List','t','',136,'','','',0,'sites/all/modules/simpletest/simpletest.pages.inc');
INSERT INTO `menu_router` VALUES ('admin/build/testing/results/%','a:1:{i:4;N;}','','user_access','a:1:{i:0;s:21:\"administer unit tests\";}','drupal_get_form','a:2:{i:0;s:22:\"simpletest_result_form\";i:1;i:4;}',30,5,'','admin/build/testing/results/%','Test result','t','',4,'','View result of tests.','',0,'sites/all/modules/simpletest/simpletest.pages.inc');
INSERT INTO `menu_router` VALUES ('admin/build/testing/settings','','','user_access','a:1:{i:0;s:21:\"administer unit tests\";}','drupal_get_form','a:1:{i:0;s:24:\"simpletest_settings_form\";}',15,4,'admin/build/testing','admin/build/testing','Settings','t','',128,'','','',0,'sites/all/modules/simpletest/simpletest.pages.inc');
INSERT INTO `menu_router` VALUES ('admin/build/themes','','','user_access','a:1:{i:0;s:29:\"administer site configuration\";}','drupal_get_form','a:2:{i:0;s:18:\"system_themes_form\";i:1;N;}',7,3,'','admin/build/themes','Themes','t','',6,'','Change which theme your site uses or allows users to set.','',0,'modules/system/system.admin.inc');
INSERT INTO `menu_router` VALUES ('admin/build/themes/select','','','user_access','a:1:{i:0;s:29:\"administer site configuration\";}','drupal_get_form','a:2:{i:0;s:18:\"system_themes_form\";i:1;N;}',15,4,'admin/build/themes','admin/build/themes','List','t','',136,'','Select the default theme.','',-1,'modules/system/system.admin.inc');
INSERT INTO `menu_router` VALUES ('admin/build/themes/settings','','','user_access','a:1:{i:0;s:29:\"administer site configuration\";}','drupal_get_form','a:1:{i:0;s:21:\"system_theme_settings\";}',15,4,'admin/build/themes','admin/build/themes','Configure','t','',128,'','','',0,'modules/system/system.admin.inc');
INSERT INTO `menu_router` VALUES ('admin/build/themes/settings/bluemarine','','','_system_themes_access','a:1:{i:0;O:8:\"stdClass\":12:{s:8:\"filename\";s:33:\"themes/bluemarine/bluemarine.info\";s:4:\"name\";s:10:\"bluemarine\";s:4:\"type\";s:5:\"theme\";s:5:\"owner\";s:45:\"themes/engines/phptemplate/phptemplate.engine\";s:6:\"status\";s:1:\"0\";s:8:\"throttle\";s:1:\"0\";s:9:\"bootstrap\";s:1:\"0\";s:14:\"schema_version\";s:2:\"-1\";s:6:\"weight\";s:1:\"0\";s:4:\"info\";a:13:{s:4:\"name\";s:10:\"Bluemarine\";s:11:\"description\";s:66:\"Table-based multi-column theme with a marine and ash color scheme.\";s:7:\"version\";s:4:\"6.19\";s:4:\"core\";s:3:\"6.x\";s:6:\"engine\";s:11:\"phptemplate\";s:7:\"project\";s:6:\"drupal\";s:9:\"datestamp\";s:10:\"1281559292\";s:7:\"regions\";a:5:{s:4:\"left\";s:12:\"Left sidebar\";s:5:\"right\";s:13:\"Right sidebar\";s:7:\"content\";s:7:\"Content\";s:6:\"header\";s:6:\"Header\";s:6:\"footer\";s:6:\"Footer\";}s:8:\"features\";a:10:{i:0;s:20:\"comment_user_picture\";i:1;s:7:\"favicon\";i:2;s:7:\"mission\";i:3;s:4:\"logo\";i:4;s:4:\"name\";i:5;s:17:\"node_user_picture\";i:6;s:6:\"search\";i:7;s:6:\"slogan\";i:8;s:13:\"primary_links\";i:9;s:15:\"secondary_links\";}s:11:\"stylesheets\";a:1:{s:3:\"all\";a:1:{s:9:\"style.css\";s:27:\"themes/bluemarine/style.css\";}}s:7:\"scripts\";a:1:{s:9:\"script.js\";s:27:\"themes/bluemarine/script.js\";}s:10:\"screenshot\";s:32:\"themes/bluemarine/screenshot.png\";s:3:\"php\";s:5:\"4.3.5\";}s:11:\"stylesheets\";a:1:{s:3:\"all\";a:1:{s:9:\"style.css\";s:27:\"themes/bluemarine/style.css\";}}s:6:\"engine\";s:11:\"phptemplate\";}}','drupal_get_form','a:2:{i:0;s:21:\"system_theme_settings\";i:1;s:10:\"bluemarine\";}',31,5,'admin/build/themes/settings','admin/build/themes','Bluemarine','t','',128,'','','',0,'modules/system/system.admin.inc');
INSERT INTO `menu_router` VALUES ('admin/build/themes/settings/chameleon','','','_system_themes_access','a:1:{i:0;O:8:\"stdClass\":11:{s:8:\"filename\";s:31:\"themes/chameleon/chameleon.info\";s:4:\"name\";s:9:\"chameleon\";s:4:\"type\";s:5:\"theme\";s:5:\"owner\";s:32:\"themes/chameleon/chameleon.theme\";s:6:\"status\";s:1:\"0\";s:8:\"throttle\";s:1:\"0\";s:9:\"bootstrap\";s:1:\"0\";s:14:\"schema_version\";s:2:\"-1\";s:6:\"weight\";s:1:\"0\";s:4:\"info\";a:12:{s:4:\"name\";s:9:\"Chameleon\";s:11:\"description\";s:42:\"Minimalist tabled theme with light colors.\";s:7:\"regions\";a:2:{s:4:\"left\";s:12:\"Left sidebar\";s:5:\"right\";s:13:\"Right sidebar\";}s:8:\"features\";a:4:{i:0;s:4:\"logo\";i:1;s:7:\"favicon\";i:2;s:4:\"name\";i:3;s:6:\"slogan\";}s:11:\"stylesheets\";a:1:{s:3:\"all\";a:2:{s:9:\"style.css\";s:26:\"themes/chameleon/style.css\";s:10:\"common.css\";s:27:\"themes/chameleon/common.css\";}}s:7:\"version\";s:4:\"6.19\";s:4:\"core\";s:3:\"6.x\";s:7:\"project\";s:6:\"drupal\";s:9:\"datestamp\";s:10:\"1281559292\";s:7:\"scripts\";a:1:{s:9:\"script.js\";s:26:\"themes/chameleon/script.js\";}s:10:\"screenshot\";s:31:\"themes/chameleon/screenshot.png\";s:3:\"php\";s:5:\"4.3.5\";}s:11:\"stylesheets\";a:1:{s:3:\"all\";a:2:{s:9:\"style.css\";s:26:\"themes/chameleon/style.css\";s:10:\"common.css\";s:27:\"themes/chameleon/common.css\";}}}}','drupal_get_form','a:2:{i:0;s:21:\"system_theme_settings\";i:1;s:9:\"chameleon\";}',31,5,'admin/build/themes/settings','admin/build/themes','Chameleon','t','',128,'','','',0,'modules/system/system.admin.inc');
INSERT INTO `menu_router` VALUES ('admin/build/themes/settings/garland','','','_system_themes_access','a:1:{i:0;O:8:\"stdClass\":12:{s:8:\"filename\";s:27:\"themes/garland/garland.info\";s:4:\"name\";s:7:\"garland\";s:4:\"type\";s:5:\"theme\";s:5:\"owner\";s:45:\"themes/engines/phptemplate/phptemplate.engine\";s:6:\"status\";s:1:\"0\";s:8:\"throttle\";s:1:\"0\";s:9:\"bootstrap\";s:1:\"0\";s:14:\"schema_version\";s:2:\"-1\";s:6:\"weight\";s:1:\"0\";s:4:\"info\";a:13:{s:4:\"name\";s:7:\"Garland\";s:11:\"description\";s:66:\"Tableless, recolorable, multi-column, fluid width theme (default).\";s:7:\"version\";s:4:\"6.19\";s:4:\"core\";s:3:\"6.x\";s:6:\"engine\";s:11:\"phptemplate\";s:11:\"stylesheets\";a:2:{s:3:\"all\";a:1:{s:9:\"style.css\";s:24:\"themes/garland/style.css\";}s:5:\"print\";a:1:{s:9:\"print.css\";s:24:\"themes/garland/print.css\";}}s:7:\"project\";s:6:\"drupal\";s:9:\"datestamp\";s:10:\"1281559292\";s:7:\"regions\";a:5:{s:4:\"left\";s:12:\"Left sidebar\";s:5:\"right\";s:13:\"Right sidebar\";s:7:\"content\";s:7:\"Content\";s:6:\"header\";s:6:\"Header\";s:6:\"footer\";s:6:\"Footer\";}s:8:\"features\";a:10:{i:0;s:20:\"comment_user_picture\";i:1;s:7:\"favicon\";i:2;s:7:\"mission\";i:3;s:4:\"logo\";i:4;s:4:\"name\";i:5;s:17:\"node_user_picture\";i:6;s:6:\"search\";i:7;s:6:\"slogan\";i:8;s:13:\"primary_links\";i:9;s:15:\"secondary_links\";}s:7:\"scripts\";a:1:{s:9:\"script.js\";s:24:\"themes/garland/script.js\";}s:10:\"screenshot\";s:29:\"themes/garland/screenshot.png\";s:3:\"php\";s:5:\"4.3.5\";}s:11:\"stylesheets\";a:2:{s:3:\"all\";a:1:{s:9:\"style.css\";s:24:\"themes/garland/style.css\";}s:5:\"print\";a:1:{s:9:\"print.css\";s:24:\"themes/garland/print.css\";}}s:6:\"engine\";s:11:\"phptemplate\";}}','drupal_get_form','a:2:{i:0;s:21:\"system_theme_settings\";i:1;s:7:\"garland\";}',31,5,'admin/build/themes/settings','admin/build/themes','Garland','t','',128,'','','',0,'modules/system/system.admin.inc');
INSERT INTO `menu_router` VALUES ('admin/build/themes/settings/global','','','user_access','a:1:{i:0;s:29:\"administer site configuration\";}','drupal_get_form','a:1:{i:0;s:21:\"system_theme_settings\";}',31,5,'admin/build/themes/settings','admin/build/themes','Global settings','t','',136,'','','',-1,'modules/system/system.admin.inc');
INSERT INTO `menu_router` VALUES ('admin/build/themes/settings/marvin','','','_system_themes_access','a:1:{i:0;O:8:\"stdClass\":12:{s:8:\"filename\";s:35:\"themes/chameleon/marvin/marvin.info\";s:4:\"name\";s:6:\"marvin\";s:4:\"type\";s:5:\"theme\";s:5:\"owner\";s:0:\"\";s:6:\"status\";s:1:\"0\";s:8:\"throttle\";s:1:\"0\";s:9:\"bootstrap\";s:1:\"0\";s:14:\"schema_version\";s:2:\"-1\";s:6:\"weight\";s:1:\"0\";s:4:\"info\";a:13:{s:4:\"name\";s:6:\"Marvin\";s:11:\"description\";s:31:\"Boxy tabled theme in all grays.\";s:7:\"regions\";a:2:{s:4:\"left\";s:12:\"Left sidebar\";s:5:\"right\";s:13:\"Right sidebar\";}s:7:\"version\";s:4:\"6.19\";s:4:\"core\";s:3:\"6.x\";s:10:\"base theme\";s:9:\"chameleon\";s:7:\"project\";s:6:\"drupal\";s:9:\"datestamp\";s:10:\"1281559292\";s:8:\"features\";a:10:{i:0;s:20:\"comment_user_picture\";i:1;s:7:\"favicon\";i:2;s:7:\"mission\";i:3;s:4:\"logo\";i:4;s:4:\"name\";i:5;s:17:\"node_user_picture\";i:6;s:6:\"search\";i:7;s:6:\"slogan\";i:8;s:13:\"primary_links\";i:9;s:15:\"secondary_links\";}s:11:\"stylesheets\";a:1:{s:3:\"all\";a:1:{s:9:\"style.css\";s:33:\"themes/chameleon/marvin/style.css\";}}s:7:\"scripts\";a:1:{s:9:\"script.js\";s:33:\"themes/chameleon/marvin/script.js\";}s:10:\"screenshot\";s:38:\"themes/chameleon/marvin/screenshot.png\";s:3:\"php\";s:5:\"4.3.5\";}s:11:\"stylesheets\";a:1:{s:3:\"all\";a:1:{s:9:\"style.css\";s:33:\"themes/chameleon/marvin/style.css\";}}s:10:\"base_theme\";s:9:\"chameleon\";}}','drupal_get_form','a:2:{i:0;s:21:\"system_theme_settings\";i:1;s:6:\"marvin\";}',31,5,'admin/build/themes/settings','admin/build/themes','Marvin','t','',128,'','','',0,'modules/system/system.admin.inc');
INSERT INTO `menu_router` VALUES ('admin/build/themes/settings/minnelli','','','_system_themes_access','a:1:{i:0;O:8:\"stdClass\":13:{s:8:\"filename\";s:37:\"themes/garland/minnelli/minnelli.info\";s:4:\"name\";s:8:\"minnelli\";s:4:\"type\";s:5:\"theme\";s:5:\"owner\";s:45:\"themes/engines/phptemplate/phptemplate.engine\";s:6:\"status\";s:1:\"0\";s:8:\"throttle\";s:1:\"0\";s:9:\"bootstrap\";s:1:\"0\";s:14:\"schema_version\";s:2:\"-1\";s:6:\"weight\";s:1:\"0\";s:4:\"info\";a:14:{s:4:\"name\";s:8:\"Minnelli\";s:11:\"description\";s:56:\"Tableless, recolorable, multi-column, fixed width theme.\";s:7:\"version\";s:4:\"6.19\";s:4:\"core\";s:3:\"6.x\";s:10:\"base theme\";s:7:\"garland\";s:11:\"stylesheets\";a:1:{s:3:\"all\";a:1:{s:12:\"minnelli.css\";s:36:\"themes/garland/minnelli/minnelli.css\";}}s:7:\"project\";s:6:\"drupal\";s:9:\"datestamp\";s:10:\"1281559292\";s:7:\"regions\";a:5:{s:4:\"left\";s:12:\"Left sidebar\";s:5:\"right\";s:13:\"Right sidebar\";s:7:\"content\";s:7:\"Content\";s:6:\"header\";s:6:\"Header\";s:6:\"footer\";s:6:\"Footer\";}s:8:\"features\";a:10:{i:0;s:20:\"comment_user_picture\";i:1;s:7:\"favicon\";i:2;s:7:\"mission\";i:3;s:4:\"logo\";i:4;s:4:\"name\";i:5;s:17:\"node_user_picture\";i:6;s:6:\"search\";i:7;s:6:\"slogan\";i:8;s:13:\"primary_links\";i:9;s:15:\"secondary_links\";}s:7:\"scripts\";a:1:{s:9:\"script.js\";s:33:\"themes/garland/minnelli/script.js\";}s:10:\"screenshot\";s:38:\"themes/garland/minnelli/screenshot.png\";s:3:\"php\";s:5:\"4.3.5\";s:6:\"engine\";s:11:\"phptemplate\";}s:11:\"stylesheets\";a:1:{s:3:\"all\";a:1:{s:12:\"minnelli.css\";s:36:\"themes/garland/minnelli/minnelli.css\";}}s:6:\"engine\";s:11:\"phptemplate\";s:10:\"base_theme\";s:7:\"garland\";}}','drupal_get_form','a:2:{i:0;s:21:\"system_theme_settings\";i:1;s:8:\"minnelli\";}',31,5,'admin/build/themes/settings','admin/build/themes','Minnelli','t','',128,'','','',0,'modules/system/system.admin.inc');
INSERT INTO `menu_router` VALUES ('admin/build/themes/settings/pushbutton','','','_system_themes_access','a:1:{i:0;O:8:\"stdClass\":12:{s:8:\"filename\";s:33:\"themes/pushbutton/pushbutton.info\";s:4:\"name\";s:10:\"pushbutton\";s:4:\"type\";s:5:\"theme\";s:5:\"owner\";s:45:\"themes/engines/phptemplate/phptemplate.engine\";s:6:\"status\";s:1:\"0\";s:8:\"throttle\";s:1:\"0\";s:9:\"bootstrap\";s:1:\"0\";s:14:\"schema_version\";s:2:\"-1\";s:6:\"weight\";s:1:\"0\";s:4:\"info\";a:13:{s:4:\"name\";s:10:\"Pushbutton\";s:11:\"description\";s:52:\"Tabled, multi-column theme in blue and orange tones.\";s:7:\"version\";s:4:\"6.19\";s:4:\"core\";s:3:\"6.x\";s:6:\"engine\";s:11:\"phptemplate\";s:7:\"project\";s:6:\"drupal\";s:9:\"datestamp\";s:10:\"1281559292\";s:7:\"regions\";a:5:{s:4:\"left\";s:12:\"Left sidebar\";s:5:\"right\";s:13:\"Right sidebar\";s:7:\"content\";s:7:\"Content\";s:6:\"header\";s:6:\"Header\";s:6:\"footer\";s:6:\"Footer\";}s:8:\"features\";a:10:{i:0;s:20:\"comment_user_picture\";i:1;s:7:\"favicon\";i:2;s:7:\"mission\";i:3;s:4:\"logo\";i:4;s:4:\"name\";i:5;s:17:\"node_user_picture\";i:6;s:6:\"search\";i:7;s:6:\"slogan\";i:8;s:13:\"primary_links\";i:9;s:15:\"secondary_links\";}s:11:\"stylesheets\";a:1:{s:3:\"all\";a:1:{s:9:\"style.css\";s:27:\"themes/pushbutton/style.css\";}}s:7:\"scripts\";a:1:{s:9:\"script.js\";s:27:\"themes/pushbutton/script.js\";}s:10:\"screenshot\";s:32:\"themes/pushbutton/screenshot.png\";s:3:\"php\";s:5:\"4.3.5\";}s:11:\"stylesheets\";a:1:{s:3:\"all\";a:1:{s:9:\"style.css\";s:27:\"themes/pushbutton/style.css\";}}s:6:\"engine\";s:11:\"phptemplate\";}}','drupal_get_form','a:2:{i:0;s:21:\"system_theme_settings\";i:1;s:10:\"pushbutton\";}',31,5,'admin/build/themes/settings','admin/build/themes','Pushbutton','t','',128,'','','',0,'modules/system/system.admin.inc');
INSERT INTO `menu_router` VALUES ('admin/build/themes/settings/zen','','','_system_themes_access','a:1:{i:0;O:8:\"stdClass\":13:{s:8:\"filename\";s:29:\"sites/all/themes/zen/zen.info\";s:4:\"name\";s:3:\"zen\";s:4:\"type\";s:5:\"theme\";s:5:\"owner\";s:45:\"themes/engines/phptemplate/phptemplate.engine\";s:6:\"status\";s:1:\"0\";s:8:\"throttle\";s:1:\"0\";s:9:\"bootstrap\";s:1:\"0\";s:14:\"schema_version\";s:2:\"-1\";s:6:\"weight\";s:1:\"0\";s:4:\"info\";a:15:{s:4:\"name\";s:3:\"Zen\";s:11:\"description\";s:189:\"Zen sub-themes are the ultimate starting themes for Drupal 6. Read the <a href=\"http://drupal.org/node/226507\">online docs</a> or the included README-FIRST.txt on how to create a sub-theme.\";s:10:\"screenshot\";s:49:\"sites/all/themes/zen/zen-internals/screenshot.png\";s:4:\"core\";s:3:\"6.x\";s:6:\"engine\";s:11:\"phptemplate\";s:7:\"regions\";a:9:{s:13:\"sidebar_first\";s:13:\"First sidebar\";s:14:\"sidebar_second\";s:14:\"Second sidebar\";s:10:\"navigation\";s:14:\"Navigation bar\";s:9:\"highlight\";s:19:\"Highlighted content\";s:11:\"content_top\";s:11:\"Content top\";s:14:\"content_bottom\";s:14:\"Content bottom\";s:6:\"header\";s:6:\"Header\";s:6:\"footer\";s:6:\"Footer\";s:12:\"page_closure\";s:12:\"Page closure\";}s:8:\"features\";a:10:{i:0;s:4:\"logo\";i:1;s:4:\"name\";i:2;s:6:\"slogan\";i:3;s:7:\"mission\";i:4;s:17:\"node_user_picture\";i:5;s:20:\"comment_user_picture\";i:6;s:6:\"search\";i:7;s:7:\"favicon\";i:8;s:13:\"primary_links\";i:9;s:15:\"secondary_links\";}s:8:\"settings\";a:9:{s:17:\"zen_block_editing\";s:1:\"1\";s:14:\"zen_breadcrumb\";s:3:\"yes\";s:24:\"zen_breadcrumb_separator\";s:5:\" › \";s:19:\"zen_breadcrumb_home\";s:1:\"1\";s:23:\"zen_breadcrumb_trailing\";s:1:\"1\";s:20:\"zen_breadcrumb_title\";s:1:\"0\";s:10:\"zen_layout\";s:18:\"zen-columns-liquid\";s:20:\"zen_rebuild_registry\";s:1:\"0\";s:14:\"zen_wireframes\";s:1:\"0\";}s:7:\"plugins\";a:1:{s:6:\"panels\";a:1:{s:7:\"layouts\";s:7:\"layouts\";}}s:7:\"version\";s:7:\"6.x-2.0\";s:7:\"project\";s:3:\"zen\";s:9:\"datestamp\";s:10:\"1277583313\";s:7:\"scripts\";a:1:{s:33:\"scripts/jquery.superSimpleTabs.js\";s:54:\"sites/all/themes/zen/scripts/jquery.superSimpleTabs.js\";}s:11:\"stylesheets\";a:1:{s:3:\"all\";a:1:{s:17:\"styles/styles.css\";s:38:\"sites/all/themes/zen/styles/styles.css\";}}s:3:\"php\";s:5:\"4.3.5\";}s:11:\"stylesheets\";a:1:{s:3:\"all\";a:1:{s:17:\"styles/styles.css\";s:38:\"sites/all/themes/zen/styles/styles.css\";}}s:7:\"scripts\";a:1:{s:33:\"scripts/jquery.superSimpleTabs.js\";s:54:\"sites/all/themes/zen/scripts/jquery.superSimpleTabs.js\";}s:6:\"engine\";s:11:\"phptemplate\";}}','drupal_get_form','a:2:{i:0;s:21:\"system_theme_settings\";i:1;s:3:\"zen\";}',31,5,'admin/build/themes/settings','admin/build/themes','Zen','t','',128,'','','',0,'modules/system/system.admin.inc');
INSERT INTO `menu_router` VALUES ('admin/build/translate','','','user_access','a:1:{i:0;s:19:\"translate interface\";}','locale_inc_callback','a:1:{i:0;s:32:\"locale_translate_overview_screen\";}',7,3,'','admin/build/translate','Translate interface','t','',6,'','Translate the built in interface and optionally other text.','',0,'');
INSERT INTO `menu_router` VALUES ('admin/build/translate/delete/%','a:1:{i:4;N;}','','user_access','a:1:{i:0;s:19:\"translate interface\";}','locale_inc_callback','a:2:{i:0;s:28:\"locale_translate_delete_page\";i:1;i:4;}',30,5,'','admin/build/translate/delete/%','Delete string','t','',4,'','','',0,'');
INSERT INTO `menu_router` VALUES ('admin/build/translate/edit/%','a:1:{i:4;N;}','','user_access','a:1:{i:0;s:19:\"translate interface\";}','locale_inc_callback','a:3:{i:0;s:15:\"drupal_get_form\";i:1;s:26:\"locale_translate_edit_form\";i:2;i:4;}',30,5,'','admin/build/translate/edit/%','Edit string','t','',4,'','','',0,'');
INSERT INTO `menu_router` VALUES ('admin/build/translate/export','','','user_access','a:1:{i:0;s:19:\"translate interface\";}','locale_inc_callback','a:1:{i:0;s:30:\"locale_translate_export_screen\";}',15,4,'admin/build/translate','admin/build/translate','Export','t','',128,'','','',30,'');
INSERT INTO `menu_router` VALUES ('admin/build/translate/import','','','user_access','a:1:{i:0;s:19:\"translate interface\";}','locale_inc_callback','a:2:{i:0;s:15:\"drupal_get_form\";i:1;s:28:\"locale_translate_import_form\";}',15,4,'admin/build/translate','admin/build/translate','Import','t','',128,'','','',20,'');
INSERT INTO `menu_router` VALUES ('admin/build/translate/import/file','','','user_access','a:1:{i:0;s:19:\"translate interface\";}','locale_inc_callback','a:2:{i:0;s:15:\"drupal_get_form\";i:1;s:28:\"locale_translate_import_form\";}',31,5,'admin/build/translate/import','admin/build/translate','Import file','t','',136,'','','',-5,'');
INSERT INTO `menu_router` VALUES ('admin/build/translate/import/package','','','user_access','a:1:{i:0;s:19:\"translate interface\";}','drupal_get_form','a:1:{i:0;s:31:\"l10n_client_import_package_form\";}',31,5,'admin/build/translate/import','admin/build/translate','Reimport packages','t','',128,'','','',5,'');
INSERT INTO `menu_router` VALUES ('admin/build/translate/overview','','','user_access','a:1:{i:0;s:19:\"translate interface\";}','locale_inc_callback','a:1:{i:0;s:32:\"locale_translate_overview_screen\";}',15,4,'admin/build/translate','admin/build/translate','Overview','t','',136,'','','',0,'');
INSERT INTO `menu_router` VALUES ('admin/build/translate/search','','','user_access','a:1:{i:0;s:19:\"translate interface\";}','locale_inc_callback','a:1:{i:0;s:28:\"locale_translate_seek_screen\";}',15,4,'admin/build/translate','admin/build/translate','Search','t','',128,'','','',10,'');
INSERT INTO `menu_router` VALUES ('admin/build/views','','','user_access','a:1:{i:0;s:16:\"administer views\";}','views_ui_list_views','a:0:{}',7,3,'','admin/build/views','Views','t','',6,'','Views are customized lists of content on your system; they are highly configurable and give you control over how lists of content are presented.','',0,'sites/all/modules/views/includes/admin.inc');
INSERT INTO `menu_router` VALUES ('admin/build/views/%/%/%','a:3:{i:3;s:16:\"views_ui_js_load\";i:4;N;i:5;s:19:\"views_ui_cache_load\";}','','user_access','a:1:{i:0;s:16:\"administer views\";}','views_ui_ajax_form','a:3:{i:0;i:3;i:1;i:4;i:2;i:5;}',56,6,'','admin/build/views/%/%/%','','t','',4,'','','',0,'sites/all/modules/views/includes/admin.inc');
INSERT INTO `menu_router` VALUES ('admin/build/views/%/add-display/%','a:2:{i:3;s:16:\"views_ui_js_load\";i:5;s:19:\"views_ui_cache_load\";}','','user_access','a:1:{i:0;s:16:\"administer views\";}','views_ui_add_display','a:2:{i:0;i:3;i:1;i:5;}',58,6,'','admin/build/views/%/add-display/%','','t','',4,'','','',0,'sites/all/modules/views/includes/admin.inc');
INSERT INTO `menu_router` VALUES ('admin/build/views/%/analyze/%','a:2:{i:3;s:16:\"views_ui_js_load\";i:5;s:19:\"views_ui_cache_load\";}','','user_access','a:1:{i:0;s:16:\"administer views\";}','views_ui_analyze_view','a:2:{i:0;i:3;i:1;i:5;}',58,6,'','admin/build/views/%/analyze/%','','t','',4,'','','',0,'sites/all/modules/views/includes/admin.inc');
INSERT INTO `menu_router` VALUES ('admin/build/views/%/details/%','a:2:{i:3;s:16:\"views_ui_js_load\";i:5;s:19:\"views_ui_cache_load\";}','','user_access','a:1:{i:0;s:16:\"administer views\";}','views_ui_edit_details','a:2:{i:0;i:3;i:1;i:5;}',58,6,'','admin/build/views/%/details/%','','t','',4,'','','',0,'sites/all/modules/views/includes/admin.inc');
INSERT INTO `menu_router` VALUES ('admin/build/views/%/preview/%','a:2:{i:3;s:16:\"views_ui_js_load\";i:5;s:19:\"views_ui_cache_load\";}','','user_access','a:1:{i:0;s:16:\"administer views\";}','views_ui_preview','a:2:{i:0;i:3;i:1;i:5;}',58,6,'','admin/build/views/%/preview/%','','t','',4,'','','',0,'sites/all/modules/views/includes/admin.inc');
INSERT INTO `menu_router` VALUES ('admin/build/views/add','','','user_access','a:1:{i:0;s:16:\"administer views\";}','views_ui_add_page','a:0:{}',15,4,'admin/build/views','admin/build/views','Add','t','',128,'','','',0,'sites/all/modules/views/includes/admin.inc');
INSERT INTO `menu_router` VALUES ('admin/build/views/break-lock/%','a:1:{i:4;s:19:\"views_ui_cache_load\";}','','user_access','a:1:{i:0;s:16:\"administer views\";}','drupal_get_form','a:2:{i:0;s:27:\"views_ui_break_lock_confirm\";i:1;i:4;}',30,5,'','admin/build/views/break-lock/%','Delete view','t','',4,'','','',0,'sites/all/modules/views/includes/admin.inc');
INSERT INTO `menu_router` VALUES ('admin/build/views/clone/%','a:1:{i:4;s:19:\"views_ui_cache_load\";}','','user_access','a:1:{i:0;s:16:\"administer views\";}','views_ui_clone_page','a:1:{i:0;i:4;}',30,5,'','admin/build/views/clone/%','','t','',4,'','','',0,'sites/all/modules/views/includes/admin.inc');
INSERT INTO `menu_router` VALUES ('admin/build/views/delete/%','a:1:{i:4;s:19:\"views_ui_cache_load\";}','','user_access','a:1:{i:0;s:16:\"administer views\";}','drupal_get_form','a:2:{i:0;s:23:\"views_ui_delete_confirm\";i:1;i:4;}',30,5,'','admin/build/views/delete/%','Delete view','t','',4,'','','',0,'sites/all/modules/views/includes/admin.inc');
INSERT INTO `menu_router` VALUES ('admin/build/views/disable/%','a:1:{i:4;s:21:\"views_ui_default_load\";}','','user_access','a:1:{i:0;s:16:\"administer views\";}','views_ui_disable_page','a:1:{i:0;i:4;}',30,5,'','admin/build/views/disable/%','','t','',4,'','','',0,'sites/all/modules/views/includes/admin.inc');
INSERT INTO `menu_router` VALUES ('admin/build/views/edit/%','a:1:{i:4;s:19:\"views_ui_cache_load\";}','','user_access','a:1:{i:0;s:16:\"administer views\";}','views_ui_edit_page','a:1:{i:0;i:4;}',30,5,'admin/build/views','admin/build/views','Edit','t','',128,'','','',0,'sites/all/modules/views/includes/admin.inc');
INSERT INTO `menu_router` VALUES ('admin/build/views/enable/%','a:1:{i:4;s:21:\"views_ui_default_load\";}','','user_access','a:1:{i:0;s:16:\"administer views\";}','views_ui_enable_page','a:1:{i:0;i:4;}',30,5,'','admin/build/views/enable/%','','t','',4,'','','',0,'sites/all/modules/views/includes/admin.inc');
INSERT INTO `menu_router` VALUES ('admin/build/views/export/%','a:1:{i:4;s:19:\"views_ui_cache_load\";}','','user_access','a:1:{i:0;s:16:\"administer views\";}','drupal_get_form','a:2:{i:0;s:20:\"views_ui_export_page\";i:1;i:4;}',30,5,'','admin/build/views/export/%','','t','',4,'','','',0,'sites/all/modules/views/includes/admin.inc');
INSERT INTO `menu_router` VALUES ('admin/build/views/import','','','views_import_access','a:1:{i:0;s:16:\"administer views\";}','drupal_get_form','a:1:{i:0;s:20:\"views_ui_import_page\";}',15,4,'admin/build/views','admin/build/views','Import','t','',128,'','','',0,'sites/all/modules/views/includes/admin.inc');
INSERT INTO `menu_router` VALUES ('admin/build/views/list','','','user_access','a:1:{i:0;s:16:\"administer views\";}','views_ui_list_views','a:0:{}',15,4,'admin/build/views','admin/build/views','List','t','',136,'','','',-1,'sites/all/modules/views/includes/admin.inc');
INSERT INTO `menu_router` VALUES ('admin/build/views/tools','','','user_access','a:1:{i:0;s:16:\"administer views\";}','drupal_get_form','a:1:{i:0;s:20:\"views_ui_admin_tools\";}',15,4,'admin/build/views','admin/build/views','Tools','t','',128,'','','',0,'sites/all/modules/views/includes/admin.inc');
INSERT INTO `menu_router` VALUES ('admin/build/views/tools/basic','','','user_access','a:1:{i:0;s:16:\"administer views\";}','drupal_get_form','a:1:{i:0;s:20:\"views_ui_admin_tools\";}',31,5,'admin/build/views/tools','admin/build/views','Basic','t','',136,'','','',-10,'sites/all/modules/views/includes/admin.inc');
INSERT INTO `menu_router` VALUES ('admin/build/views/tools/convert','','','user_access','a:1:{i:0;s:16:\"administer views\";}','views_ui_admin_convert','a:0:{}',31,5,'admin/build/views/tools','admin/build/views','Convert','t','',128,'','Convert stored Views 1 views.','',1,'sites/all/modules/views/includes/convert.inc');
INSERT INTO `menu_router` VALUES ('admin/build/views1/convert','','','user_access','a:1:{i:0;s:16:\"administer views\";}','views_ui_convert1','a:1:{i:0;i:4;}',15,4,'','admin/build/views1/convert','Convert view','t','',4,'','','',0,'sites/all/modules/views/includes/convert.inc');
INSERT INTO `menu_router` VALUES ('admin/build/views1/delete','','','user_access','a:1:{i:0;s:16:\"administer views\";}','drupal_get_form','a:2:{i:0;s:24:\"views_ui_delete1_confirm\";i:1;i:4;}',15,4,'','admin/build/views1/delete','Delete view','t','',4,'','','',0,'sites/all/modules/views/includes/convert.inc');
INSERT INTO `menu_router` VALUES ('admin/by-module','','','user_access','a:1:{i:0;s:27:\"access administration pages\";}','system_admin_by_module','a:0:{}',3,2,'admin','admin','By module','t','',128,'','','',2,'modules/system/system.admin.inc');
INSERT INTO `menu_router` VALUES ('admin/by-task','','','user_access','a:1:{i:0;s:27:\"access administration pages\";}','system_main_admin_page','a:0:{}',3,2,'admin','admin','By task','t','',136,'','','',0,'modules/system/system.admin.inc');
INSERT INTO `menu_router` VALUES ('admin/compact','','','user_access','a:1:{i:0;s:27:\"access administration pages\";}','system_admin_compact_page','a:0:{}',3,2,'','admin/compact','Compact mode','t','',4,'','','',0,'modules/system/system.admin.inc');
INSERT INTO `menu_router` VALUES ('admin/content','','','user_access','a:1:{i:0;s:27:\"access administration pages\";}','system_admin_menu_block_page','a:0:{}',3,2,'','admin/content','Content management','t','',6,'','Manage your site\'s content.','left',-10,'modules/system/system.admin.inc');
INSERT INTO `menu_router` VALUES ('admin/content/comment','','','user_access','a:1:{i:0;s:19:\"administer comments\";}','comment_admin','a:0:{}',7,3,'','admin/content/comment','Comments','t','',6,'','List and edit site comments and the comment moderation queue.','',0,'modules/comment/comment.admin.inc');
INSERT INTO `menu_router` VALUES ('admin/content/comment/approval','','','user_access','a:1:{i:0;s:19:\"administer comments\";}','comment_admin','a:1:{i:0;s:8:\"approval\";}',15,4,'admin/content/comment','admin/content/comment','Approval queue','t','',128,'','','',0,'modules/comment/comment.admin.inc');
INSERT INTO `menu_router` VALUES ('admin/content/comment/new','','','user_access','a:1:{i:0;s:19:\"administer comments\";}','comment_admin','a:0:{}',15,4,'admin/content/comment','admin/content/comment','Published comments','t','',136,'','','',-10,'modules/comment/comment.admin.inc');
INSERT INTO `menu_router` VALUES ('admin/content/node','','','user_access','a:1:{i:0;s:16:\"administer nodes\";}','drupal_get_form','a:1:{i:0;s:18:\"node_admin_content\";}',7,3,'','admin/content/node','Content','t','',6,'','View, edit, and delete your site\'s content.','',0,'modules/node/node.admin.inc');
INSERT INTO `menu_router` VALUES ('admin/content/node-settings','','','user_access','a:1:{i:0;s:16:\"administer nodes\";}','drupal_get_form','a:1:{i:0;s:14:\"node_configure\";}',7,3,'','admin/content/node-settings','Post settings','t','',6,'','Control posting behavior, such as teaser length, requiring previews before posting, and the number of posts on the front page.','',0,'modules/node/node.admin.inc');
INSERT INTO `menu_router` VALUES ('admin/content/node-settings/rebuild','','','user_access','a:1:{i:0;s:27:\"access administration pages\";}','drupal_get_form','a:1:{i:0;s:30:\"node_configure_rebuild_confirm\";}',15,4,'','admin/content/node-settings/rebuild','Rebuild permissions','t','',4,'','','',0,'modules/node/node.admin.inc');
INSERT INTO `menu_router` VALUES ('admin/content/node-type/guide','','','user_access','a:1:{i:0;s:24:\"administer content types\";}','drupal_get_form','a:2:{i:0;s:14:\"node_type_form\";i:1;O:8:\"stdClass\":14:{s:4:\"type\";s:5:\"guide\";s:4:\"name\";s:25:\"Карточка гида\";s:6:\"module\";s:4:\"node\";s:11:\"description\";s:0:\"\";s:4:\"help\";s:0:\"\";s:9:\"has_title\";s:1:\"1\";s:11:\"title_label\";s:6:\"Имя\";s:8:\"has_body\";s:1:\"1\";s:10:\"body_label\";s:11:\"О себе\";s:14:\"min_word_count\";s:1:\"0\";s:6:\"custom\";s:1:\"1\";s:8:\"modified\";s:1:\"1\";s:6:\"locked\";s:1:\"0\";s:9:\"orig_type\";s:0:\"\";}}',15,4,'','admin/content/node-type/guide','Карточка гида','t','',4,'','','',0,'modules/node/content_types.inc');
INSERT INTO `menu_router` VALUES ('admin/content/node-type/guide/delete','','','user_access','a:1:{i:0;s:24:\"administer content types\";}','drupal_get_form','a:2:{i:0;s:24:\"node_type_delete_confirm\";i:1;O:8:\"stdClass\":14:{s:4:\"type\";s:5:\"guide\";s:4:\"name\";s:25:\"Карточка гида\";s:6:\"module\";s:4:\"node\";s:11:\"description\";s:0:\"\";s:4:\"help\";s:0:\"\";s:9:\"has_title\";s:1:\"1\";s:11:\"title_label\";s:6:\"Имя\";s:8:\"has_body\";s:1:\"1\";s:10:\"body_label\";s:11:\"О себе\";s:14:\"min_word_count\";s:1:\"0\";s:6:\"custom\";s:1:\"1\";s:8:\"modified\";s:1:\"1\";s:6:\"locked\";s:1:\"0\";s:9:\"orig_type\";s:0:\"\";}}',31,5,'','admin/content/node-type/guide/delete','Delete','t','',4,'','','',0,'modules/node/content_types.inc');
INSERT INTO `menu_router` VALUES ('admin/content/node-type/guide/display','','','user_access','a:1:{i:0;s:24:\"administer content types\";}','drupal_get_form','a:2:{i:0;s:29:\"content_display_overview_form\";i:1;s:5:\"guide\";}',31,5,'admin/content/node-type/guide','admin/content/node-type/guide','Display fields','t','',128,'','','',2,'sites/all/modules/cck/includes/content.admin.inc');
INSERT INTO `menu_router` VALUES ('admin/content/node-type/guide/display/basic','','','user_access','a:1:{i:0;s:24:\"administer content types\";}','drupal_get_form','a:3:{i:0;s:29:\"content_display_overview_form\";i:1;s:5:\"guide\";i:2;s:5:\"basic\";}',63,6,'admin/content/node-type/guide/display','admin/content/node-type/guide','Basic','t','',136,'','','',0,'sites/all/modules/cck/includes/content.admin.inc');
INSERT INTO `menu_router` VALUES ('admin/content/node-type/guide/display/rss','','','user_access','a:1:{i:0;s:24:\"administer content types\";}','drupal_get_form','a:3:{i:0;s:29:\"content_display_overview_form\";i:1;s:5:\"guide\";i:2;s:3:\"rss\";}',63,6,'admin/content/node-type/guide/display','admin/content/node-type/guide','RSS','t','',128,'','','',1,'sites/all/modules/cck/includes/content.admin.inc');
INSERT INTO `menu_router` VALUES ('admin/content/node-type/guide/display/search','','','user_access','a:1:{i:0;s:24:\"administer content types\";}','drupal_get_form','a:3:{i:0;s:29:\"content_display_overview_form\";i:1;s:5:\"guide\";i:2;s:6:\"search\";}',63,6,'admin/content/node-type/guide/display','admin/content/node-type/guide','Search','t','',128,'','','',1,'sites/all/modules/cck/includes/content.admin.inc');
INSERT INTO `menu_router` VALUES ('admin/content/node-type/guide/display/token','','','user_access','a:1:{i:0;s:24:\"administer content types\";}','drupal_get_form','a:3:{i:0;s:29:\"content_display_overview_form\";i:1;s:5:\"guide\";i:2;s:5:\"token\";}',63,6,'admin/content/node-type/guide/display','admin/content/node-type/guide','Token','t','',128,'','','',1,'sites/all/modules/cck/includes/content.admin.inc');
INSERT INTO `menu_router` VALUES ('admin/content/node-type/guide/edit','','','user_access','a:1:{i:0;s:24:\"administer content types\";}','drupal_get_form','a:2:{i:0;s:14:\"node_type_form\";i:1;O:8:\"stdClass\":14:{s:4:\"type\";s:5:\"guide\";s:4:\"name\";s:25:\"Карточка гида\";s:6:\"module\";s:4:\"node\";s:11:\"description\";s:0:\"\";s:4:\"help\";s:0:\"\";s:9:\"has_title\";s:1:\"1\";s:11:\"title_label\";s:6:\"Имя\";s:8:\"has_body\";s:1:\"1\";s:10:\"body_label\";s:11:\"О себе\";s:14:\"min_word_count\";s:1:\"0\";s:6:\"custom\";s:1:\"1\";s:8:\"modified\";s:1:\"1\";s:6:\"locked\";s:1:\"0\";s:9:\"orig_type\";s:0:\"\";}}',31,5,'admin/content/node-type/guide','admin/content/node-type/guide','Edit','t','',136,'','','',0,'modules/node/content_types.inc');
INSERT INTO `menu_router` VALUES ('admin/content/node-type/guide/fields','','','user_access','a:1:{i:0;s:24:\"administer content types\";}','drupal_get_form','a:2:{i:0;s:27:\"content_field_overview_form\";i:1;s:5:\"guide\";}',31,5,'admin/content/node-type/guide','admin/content/node-type/guide','Manage fields','t','',128,'','','',1,'sites/all/modules/cck/includes/content.admin.inc');
INSERT INTO `menu_router` VALUES ('admin/content/node-type/guide/fields/field_addinfo','','','user_access','a:1:{i:0;s:24:\"administer content types\";}','drupal_get_form','a:3:{i:0;s:23:\"content_field_edit_form\";i:1;s:5:\"guide\";i:2;s:13:\"field_addinfo\";}',63,6,'admin/content/node-type/guide/fields','admin/content/node-type/guide','Дополнительная информация','t','',128,'','','',0,'sites/all/modules/cck/includes/content.admin.inc');
INSERT INTO `menu_router` VALUES ('admin/content/node-type/guide/fields/field_addinfo/remove','','','user_access','a:1:{i:0;s:24:\"administer content types\";}','drupal_get_form','a:3:{i:0;s:25:\"content_field_remove_form\";i:1;s:5:\"guide\";i:2;s:13:\"field_addinfo\";}',127,7,'','admin/content/node-type/guide/fields/field_addinfo/remove','Remove field','t','',4,'','','',0,'sites/all/modules/cck/includes/content.admin.inc');
INSERT INTO `menu_router` VALUES ('admin/content/node-type/guide/fields/field_mail','','','user_access','a:1:{i:0;s:24:\"administer content types\";}','drupal_get_form','a:3:{i:0;s:23:\"content_field_edit_form\";i:1;s:5:\"guide\";i:2;s:10:\"field_mail\";}',63,6,'admin/content/node-type/guide/fields','admin/content/node-type/guide','E-mail','t','',128,'','','',0,'sites/all/modules/cck/includes/content.admin.inc');
INSERT INTO `menu_router` VALUES ('admin/content/node-type/guide/fields/field_mail/remove','','','user_access','a:1:{i:0;s:24:\"administer content types\";}','drupal_get_form','a:3:{i:0;s:25:\"content_field_remove_form\";i:1;s:5:\"guide\";i:2;s:10:\"field_mail\";}',127,7,'','admin/content/node-type/guide/fields/field_mail/remove','Remove field','t','',4,'','','',0,'sites/all/modules/cck/includes/content.admin.inc');
INSERT INTO `menu_router` VALUES ('admin/content/node-type/guide/fields/field_phone','','','user_access','a:1:{i:0;s:24:\"administer content types\";}','drupal_get_form','a:3:{i:0;s:23:\"content_field_edit_form\";i:1;s:5:\"guide\";i:2;s:11:\"field_phone\";}',63,6,'admin/content/node-type/guide/fields','admin/content/node-type/guide','Телефон','t','',128,'','','',0,'sites/all/modules/cck/includes/content.admin.inc');
INSERT INTO `menu_router` VALUES ('admin/content/node-type/guide/fields/field_phone/remove','','','user_access','a:1:{i:0;s:24:\"administer content types\";}','drupal_get_form','a:3:{i:0;s:25:\"content_field_remove_form\";i:1;s:5:\"guide\";i:2;s:11:\"field_phone\";}',127,7,'','admin/content/node-type/guide/fields/field_phone/remove','Remove field','t','',4,'','','',0,'sites/all/modules/cck/includes/content.admin.inc');
INSERT INTO `menu_router` VALUES ('admin/content/node-type/guide/fields/field_photo','','','user_access','a:1:{i:0;s:24:\"administer content types\";}','drupal_get_form','a:3:{i:0;s:23:\"content_field_edit_form\";i:1;s:5:\"guide\";i:2;s:11:\"field_photo\";}',63,6,'admin/content/node-type/guide/fields','admin/content/node-type/guide','Фото','t','',128,'','','',0,'sites/all/modules/cck/includes/content.admin.inc');
INSERT INTO `menu_router` VALUES ('admin/content/node-type/guide/fields/field_photo/remove','','','user_access','a:1:{i:0;s:24:\"administer content types\";}','drupal_get_form','a:3:{i:0;s:25:\"content_field_remove_form\";i:1;s:5:\"guide\";i:2;s:11:\"field_photo\";}',127,7,'','admin/content/node-type/guide/fields/field_photo/remove','Remove field','t','',4,'','','',0,'sites/all/modules/cck/includes/content.admin.inc');
INSERT INTO `menu_router` VALUES ('admin/content/node-type/guide/fields/field_skype','','','user_access','a:1:{i:0;s:24:\"administer content types\";}','drupal_get_form','a:3:{i:0;s:23:\"content_field_edit_form\";i:1;s:5:\"guide\";i:2;s:11:\"field_skype\";}',63,6,'admin/content/node-type/guide/fields','admin/content/node-type/guide','Skype','t','',128,'','','',0,'sites/all/modules/cck/includes/content.admin.inc');
INSERT INTO `menu_router` VALUES ('admin/content/node-type/guide/fields/field_skype/remove','','','user_access','a:1:{i:0;s:24:\"administer content types\";}','drupal_get_form','a:3:{i:0;s:25:\"content_field_remove_form\";i:1;s:5:\"guide\";i:2;s:11:\"field_skype\";}',127,7,'','admin/content/node-type/guide/fields/field_skype/remove','Remove field','t','',4,'','','',0,'sites/all/modules/cck/includes/content.admin.inc');
INSERT INTO `menu_router` VALUES ('admin/content/node-type/guide/groups/%','a:1:{i:5;N;}','','user_access','a:1:{i:0;s:24:\"administer content types\";}','drupal_get_form','a:3:{i:0;s:26:\"fieldgroup_group_edit_form\";i:1;s:5:\"guide\";i:2;i:5;}',62,6,'','admin/content/node-type/guide/groups/%','Edit group','t','',4,'','','',0,'');
INSERT INTO `menu_router` VALUES ('admin/content/node-type/guide/groups/%/remove','a:1:{i:5;N;}','','user_access','a:1:{i:0;s:24:\"administer content types\";}','drupal_get_form','a:3:{i:0;s:23:\"fieldgroup_remove_group\";i:1;s:5:\"guide\";i:2;i:5;}',125,7,'','admin/content/node-type/guide/groups/%/remove','Edit group','t','',4,'','','',0,'');
INSERT INTO `menu_router` VALUES ('admin/content/node-type/news','','','user_access','a:1:{i:0;s:24:\"administer content types\";}','drupal_get_form','a:2:{i:0;s:14:\"node_type_form\";i:1;O:8:\"stdClass\":14:{s:4:\"type\";s:4:\"news\";s:4:\"name\";s:14:\"Новость\";s:6:\"module\";s:4:\"node\";s:11:\"description\";s:0:\"\";s:4:\"help\";s:0:\"\";s:9:\"has_title\";s:1:\"1\";s:11:\"title_label\";s:5:\"Title\";s:8:\"has_body\";s:1:\"1\";s:10:\"body_label\";s:4:\"Body\";s:14:\"min_word_count\";s:1:\"0\";s:6:\"custom\";s:1:\"1\";s:8:\"modified\";s:1:\"1\";s:6:\"locked\";s:1:\"0\";s:9:\"orig_type\";s:0:\"\";}}',15,4,'','admin/content/node-type/news','Новость','t','',4,'','','',0,'modules/node/content_types.inc');
INSERT INTO `menu_router` VALUES ('admin/content/node-type/news/delete','','','user_access','a:1:{i:0;s:24:\"administer content types\";}','drupal_get_form','a:2:{i:0;s:24:\"node_type_delete_confirm\";i:1;O:8:\"stdClass\":14:{s:4:\"type\";s:4:\"news\";s:4:\"name\";s:14:\"Новость\";s:6:\"module\";s:4:\"node\";s:11:\"description\";s:0:\"\";s:4:\"help\";s:0:\"\";s:9:\"has_title\";s:1:\"1\";s:11:\"title_label\";s:5:\"Title\";s:8:\"has_body\";s:1:\"1\";s:10:\"body_label\";s:4:\"Body\";s:14:\"min_word_count\";s:1:\"0\";s:6:\"custom\";s:1:\"1\";s:8:\"modified\";s:1:\"1\";s:6:\"locked\";s:1:\"0\";s:9:\"orig_type\";s:0:\"\";}}',31,5,'','admin/content/node-type/news/delete','Delete','t','',4,'','','',0,'modules/node/content_types.inc');
INSERT INTO `menu_router` VALUES ('admin/content/node-type/news/display','','','user_access','a:1:{i:0;s:24:\"administer content types\";}','drupal_get_form','a:2:{i:0;s:29:\"content_display_overview_form\";i:1;s:4:\"news\";}',31,5,'admin/content/node-type/news','admin/content/node-type/news','Display fields','t','',128,'','','',2,'sites/all/modules/cck/includes/content.admin.inc');
INSERT INTO `menu_router` VALUES ('admin/content/node-type/news/display/basic','','','user_access','a:1:{i:0;s:24:\"administer content types\";}','drupal_get_form','a:3:{i:0;s:29:\"content_display_overview_form\";i:1;s:4:\"news\";i:2;s:5:\"basic\";}',63,6,'admin/content/node-type/news/display','admin/content/node-type/news','Basic','t','',136,'','','',0,'sites/all/modules/cck/includes/content.admin.inc');
INSERT INTO `menu_router` VALUES ('admin/content/node-type/news/display/rss','','','user_access','a:1:{i:0;s:24:\"administer content types\";}','drupal_get_form','a:3:{i:0;s:29:\"content_display_overview_form\";i:1;s:4:\"news\";i:2;s:3:\"rss\";}',63,6,'admin/content/node-type/news/display','admin/content/node-type/news','RSS','t','',128,'','','',1,'sites/all/modules/cck/includes/content.admin.inc');
INSERT INTO `menu_router` VALUES ('admin/content/node-type/news/display/search','','','user_access','a:1:{i:0;s:24:\"administer content types\";}','drupal_get_form','a:3:{i:0;s:29:\"content_display_overview_form\";i:1;s:4:\"news\";i:2;s:6:\"search\";}',63,6,'admin/content/node-type/news/display','admin/content/node-type/news','Search','t','',128,'','','',1,'sites/all/modules/cck/includes/content.admin.inc');
INSERT INTO `menu_router` VALUES ('admin/content/node-type/news/display/token','','','user_access','a:1:{i:0;s:24:\"administer content types\";}','drupal_get_form','a:3:{i:0;s:29:\"content_display_overview_form\";i:1;s:4:\"news\";i:2;s:5:\"token\";}',63,6,'admin/content/node-type/news/display','admin/content/node-type/news','Token','t','',128,'','','',1,'sites/all/modules/cck/includes/content.admin.inc');
INSERT INTO `menu_router` VALUES ('admin/content/node-type/news/edit','','','user_access','a:1:{i:0;s:24:\"administer content types\";}','drupal_get_form','a:2:{i:0;s:14:\"node_type_form\";i:1;O:8:\"stdClass\":14:{s:4:\"type\";s:4:\"news\";s:4:\"name\";s:14:\"Новость\";s:6:\"module\";s:4:\"node\";s:11:\"description\";s:0:\"\";s:4:\"help\";s:0:\"\";s:9:\"has_title\";s:1:\"1\";s:11:\"title_label\";s:5:\"Title\";s:8:\"has_body\";s:1:\"1\";s:10:\"body_label\";s:4:\"Body\";s:14:\"min_word_count\";s:1:\"0\";s:6:\"custom\";s:1:\"1\";s:8:\"modified\";s:1:\"1\";s:6:\"locked\";s:1:\"0\";s:9:\"orig_type\";s:0:\"\";}}',31,5,'admin/content/node-type/news','admin/content/node-type/news','Edit','t','',136,'','','',0,'modules/node/content_types.inc');
INSERT INTO `menu_router` VALUES ('admin/content/node-type/news/fields','','','user_access','a:1:{i:0;s:24:\"administer content types\";}','drupal_get_form','a:2:{i:0;s:27:\"content_field_overview_form\";i:1;s:4:\"news\";}',31,5,'admin/content/node-type/news','admin/content/node-type/news','Manage fields','t','',128,'','','',1,'sites/all/modules/cck/includes/content.admin.inc');
INSERT INTO `menu_router` VALUES ('admin/content/node-type/news/groups/%','a:1:{i:5;N;}','','user_access','a:1:{i:0;s:24:\"administer content types\";}','drupal_get_form','a:3:{i:0;s:26:\"fieldgroup_group_edit_form\";i:1;s:4:\"news\";i:2;i:5;}',62,6,'','admin/content/node-type/news/groups/%','Edit group','t','',4,'','','',0,'');
INSERT INTO `menu_router` VALUES ('admin/content/node-type/news/groups/%/remove','a:1:{i:5;N;}','','user_access','a:1:{i:0;s:24:\"administer content types\";}','drupal_get_form','a:3:{i:0;s:23:\"fieldgroup_remove_group\";i:1;s:4:\"news\";i:2;i:5;}',125,7,'','admin/content/node-type/news/groups/%/remove','Edit group','t','',4,'','','',0,'');
INSERT INTO `menu_router` VALUES ('admin/content/node-type/page','','','user_access','a:1:{i:0;s:24:\"administer content types\";}','drupal_get_form','a:2:{i:0;s:14:\"node_type_form\";i:1;O:8:\"stdClass\":14:{s:4:\"type\";s:4:\"page\";s:4:\"name\";s:4:\"Page\";s:6:\"module\";s:4:\"node\";s:11:\"description\";s:296:\"A <em>page</em>, similar in form to a <em>story</em>, is a simple method for creating and displaying information that rarely changes, such as an \"About us\" section of a website. By default, a <em>page</em> entry does not allow visitor comments and is not featured on the site\'s initial home page.\";s:4:\"help\";s:0:\"\";s:9:\"has_title\";s:1:\"1\";s:11:\"title_label\";s:5:\"Title\";s:8:\"has_body\";s:1:\"1\";s:10:\"body_label\";s:4:\"Body\";s:14:\"min_word_count\";s:1:\"0\";s:6:\"custom\";s:1:\"1\";s:8:\"modified\";s:1:\"1\";s:6:\"locked\";s:1:\"0\";s:9:\"orig_type\";s:4:\"page\";}}',15,4,'','admin/content/node-type/page','Page','t','',4,'','','',0,'modules/node/content_types.inc');
INSERT INTO `menu_router` VALUES ('admin/content/node-type/page/delete','','','user_access','a:1:{i:0;s:24:\"administer content types\";}','drupal_get_form','a:2:{i:0;s:24:\"node_type_delete_confirm\";i:1;O:8:\"stdClass\":14:{s:4:\"type\";s:4:\"page\";s:4:\"name\";s:4:\"Page\";s:6:\"module\";s:4:\"node\";s:11:\"description\";s:296:\"A <em>page</em>, similar in form to a <em>story</em>, is a simple method for creating and displaying information that rarely changes, such as an \"About us\" section of a website. By default, a <em>page</em> entry does not allow visitor comments and is not featured on the site\'s initial home page.\";s:4:\"help\";s:0:\"\";s:9:\"has_title\";s:1:\"1\";s:11:\"title_label\";s:5:\"Title\";s:8:\"has_body\";s:1:\"1\";s:10:\"body_label\";s:4:\"Body\";s:14:\"min_word_count\";s:1:\"0\";s:6:\"custom\";s:1:\"1\";s:8:\"modified\";s:1:\"1\";s:6:\"locked\";s:1:\"0\";s:9:\"orig_type\";s:4:\"page\";}}',31,5,'','admin/content/node-type/page/delete','Delete','t','',4,'','','',0,'modules/node/content_types.inc');
INSERT INTO `menu_router` VALUES ('admin/content/node-type/page/display','','','user_access','a:1:{i:0;s:24:\"administer content types\";}','drupal_get_form','a:2:{i:0;s:29:\"content_display_overview_form\";i:1;s:4:\"page\";}',31,5,'admin/content/node-type/page','admin/content/node-type/page','Display fields','t','',128,'','','',2,'sites/all/modules/cck/includes/content.admin.inc');
INSERT INTO `menu_router` VALUES ('admin/content/node-type/page/display/basic','','','user_access','a:1:{i:0;s:24:\"administer content types\";}','drupal_get_form','a:3:{i:0;s:29:\"content_display_overview_form\";i:1;s:4:\"page\";i:2;s:5:\"basic\";}',63,6,'admin/content/node-type/page/display','admin/content/node-type/page','Basic','t','',136,'','','',0,'sites/all/modules/cck/includes/content.admin.inc');
INSERT INTO `menu_router` VALUES ('admin/content/node-type/page/display/rss','','','user_access','a:1:{i:0;s:24:\"administer content types\";}','drupal_get_form','a:3:{i:0;s:29:\"content_display_overview_form\";i:1;s:4:\"page\";i:2;s:3:\"rss\";}',63,6,'admin/content/node-type/page/display','admin/content/node-type/page','RSS','t','',128,'','','',1,'sites/all/modules/cck/includes/content.admin.inc');
INSERT INTO `menu_router` VALUES ('admin/content/node-type/page/display/search','','','user_access','a:1:{i:0;s:24:\"administer content types\";}','drupal_get_form','a:3:{i:0;s:29:\"content_display_overview_form\";i:1;s:4:\"page\";i:2;s:6:\"search\";}',63,6,'admin/content/node-type/page/display','admin/content/node-type/page','Search','t','',128,'','','',1,'sites/all/modules/cck/includes/content.admin.inc');
INSERT INTO `menu_router` VALUES ('admin/content/node-type/page/display/token','','','user_access','a:1:{i:0;s:24:\"administer content types\";}','drupal_get_form','a:3:{i:0;s:29:\"content_display_overview_form\";i:1;s:4:\"page\";i:2;s:5:\"token\";}',63,6,'admin/content/node-type/page/display','admin/content/node-type/page','Token','t','',128,'','','',1,'sites/all/modules/cck/includes/content.admin.inc');
INSERT INTO `menu_router` VALUES ('admin/content/node-type/page/edit','','','user_access','a:1:{i:0;s:24:\"administer content types\";}','drupal_get_form','a:2:{i:0;s:14:\"node_type_form\";i:1;O:8:\"stdClass\":14:{s:4:\"type\";s:4:\"page\";s:4:\"name\";s:4:\"Page\";s:6:\"module\";s:4:\"node\";s:11:\"description\";s:296:\"A <em>page</em>, similar in form to a <em>story</em>, is a simple method for creating and displaying information that rarely changes, such as an \"About us\" section of a website. By default, a <em>page</em> entry does not allow visitor comments and is not featured on the site\'s initial home page.\";s:4:\"help\";s:0:\"\";s:9:\"has_title\";s:1:\"1\";s:11:\"title_label\";s:5:\"Title\";s:8:\"has_body\";s:1:\"1\";s:10:\"body_label\";s:4:\"Body\";s:14:\"min_word_count\";s:1:\"0\";s:6:\"custom\";s:1:\"1\";s:8:\"modified\";s:1:\"1\";s:6:\"locked\";s:1:\"0\";s:9:\"orig_type\";s:4:\"page\";}}',31,5,'admin/content/node-type/page','admin/content/node-type/page','Edit','t','',136,'','','',0,'modules/node/content_types.inc');
INSERT INTO `menu_router` VALUES ('admin/content/node-type/page/fields','','','user_access','a:1:{i:0;s:24:\"administer content types\";}','drupal_get_form','a:2:{i:0;s:27:\"content_field_overview_form\";i:1;s:4:\"page\";}',31,5,'admin/content/node-type/page','admin/content/node-type/page','Manage fields','t','',128,'','','',1,'sites/all/modules/cck/includes/content.admin.inc');
INSERT INTO `menu_router` VALUES ('admin/content/node-type/page/groups/%','a:1:{i:5;N;}','','user_access','a:1:{i:0;s:24:\"administer content types\";}','drupal_get_form','a:3:{i:0;s:26:\"fieldgroup_group_edit_form\";i:1;s:4:\"page\";i:2;i:5;}',62,6,'','admin/content/node-type/page/groups/%','Edit group','t','',4,'','','',0,'');
INSERT INTO `menu_router` VALUES ('admin/content/node-type/page/groups/%/remove','a:1:{i:5;N;}','','user_access','a:1:{i:0;s:24:\"administer content types\";}','drupal_get_form','a:3:{i:0;s:23:\"fieldgroup_remove_group\";i:1;s:4:\"page\";i:2;i:5;}',125,7,'','admin/content/node-type/page/groups/%/remove','Edit group','t','',4,'','','',0,'');
INSERT INTO `menu_router` VALUES ('admin/content/node-type/panel','','','user_access','a:1:{i:0;s:24:\"administer content types\";}','drupal_get_form','a:2:{i:0;s:14:\"node_type_form\";i:1;O:8:\"stdClass\":15:{s:4:\"name\";s:5:\"Panel\";s:6:\"module\";s:11:\"panels_node\";s:10:\"body_label\";s:6:\"Teaser\";s:11:\"description\";s:47:\"A panel layout broken up into rows and columns.\";s:4:\"type\";s:5:\"panel\";s:9:\"has_title\";b:1;s:11:\"title_label\";s:5:\"Title\";s:8:\"has_body\";b:1;s:4:\"help\";s:0:\"\";s:14:\"min_word_count\";i:0;s:6:\"custom\";b:0;s:8:\"modified\";b:0;s:6:\"locked\";b:1;s:9:\"orig_type\";s:5:\"panel\";s:6:\"is_new\";b:1;}}',15,4,'','admin/content/node-type/panel','Panel','t','',4,'','','',0,'modules/node/content_types.inc');
INSERT INTO `menu_router` VALUES ('admin/content/node-type/panel/delete','','','user_access','a:1:{i:0;s:24:\"administer content types\";}','drupal_get_form','a:2:{i:0;s:24:\"node_type_delete_confirm\";i:1;O:8:\"stdClass\":15:{s:4:\"name\";s:5:\"Panel\";s:6:\"module\";s:11:\"panels_node\";s:10:\"body_label\";s:6:\"Teaser\";s:11:\"description\";s:47:\"A panel layout broken up into rows and columns.\";s:4:\"type\";s:5:\"panel\";s:9:\"has_title\";b:1;s:11:\"title_label\";s:5:\"Title\";s:8:\"has_body\";b:1;s:4:\"help\";s:0:\"\";s:14:\"min_word_count\";i:0;s:6:\"custom\";b:0;s:8:\"modified\";b:0;s:6:\"locked\";b:1;s:9:\"orig_type\";s:5:\"panel\";s:6:\"is_new\";b:1;}}',31,5,'','admin/content/node-type/panel/delete','Delete','t','',4,'','','',0,'modules/node/content_types.inc');
INSERT INTO `menu_router` VALUES ('admin/content/node-type/panel/display','','','user_access','a:1:{i:0;s:24:\"administer content types\";}','drupal_get_form','a:2:{i:0;s:29:\"content_display_overview_form\";i:1;s:5:\"panel\";}',31,5,'admin/content/node-type/panel','admin/content/node-type/panel','Display fields','t','',128,'','','',2,'sites/all/modules/cck/includes/content.admin.inc');
INSERT INTO `menu_router` VALUES ('admin/content/node-type/panel/display/basic','','','user_access','a:1:{i:0;s:24:\"administer content types\";}','drupal_get_form','a:3:{i:0;s:29:\"content_display_overview_form\";i:1;s:5:\"panel\";i:2;s:5:\"basic\";}',63,6,'admin/content/node-type/panel/display','admin/content/node-type/panel','Basic','t','',136,'','','',0,'sites/all/modules/cck/includes/content.admin.inc');
INSERT INTO `menu_router` VALUES ('admin/content/node-type/panel/display/rss','','','user_access','a:1:{i:0;s:24:\"administer content types\";}','drupal_get_form','a:3:{i:0;s:29:\"content_display_overview_form\";i:1;s:5:\"panel\";i:2;s:3:\"rss\";}',63,6,'admin/content/node-type/panel/display','admin/content/node-type/panel','RSS','t','',128,'','','',1,'sites/all/modules/cck/includes/content.admin.inc');
INSERT INTO `menu_router` VALUES ('admin/content/node-type/panel/display/search','','','user_access','a:1:{i:0;s:24:\"administer content types\";}','drupal_get_form','a:3:{i:0;s:29:\"content_display_overview_form\";i:1;s:5:\"panel\";i:2;s:6:\"search\";}',63,6,'admin/content/node-type/panel/display','admin/content/node-type/panel','Search','t','',128,'','','',1,'sites/all/modules/cck/includes/content.admin.inc');
INSERT INTO `menu_router` VALUES ('admin/content/node-type/panel/display/token','','','user_access','a:1:{i:0;s:24:\"administer content types\";}','drupal_get_form','a:3:{i:0;s:29:\"content_display_overview_form\";i:1;s:5:\"panel\";i:2;s:5:\"token\";}',63,6,'admin/content/node-type/panel/display','admin/content/node-type/panel','Token','t','',128,'','','',1,'sites/all/modules/cck/includes/content.admin.inc');
INSERT INTO `menu_router` VALUES ('admin/content/node-type/panel/edit','','','user_access','a:1:{i:0;s:24:\"administer content types\";}','drupal_get_form','a:2:{i:0;s:14:\"node_type_form\";i:1;O:8:\"stdClass\":15:{s:4:\"name\";s:5:\"Panel\";s:6:\"module\";s:11:\"panels_node\";s:10:\"body_label\";s:6:\"Teaser\";s:11:\"description\";s:47:\"A panel layout broken up into rows and columns.\";s:4:\"type\";s:5:\"panel\";s:9:\"has_title\";b:1;s:11:\"title_label\";s:5:\"Title\";s:8:\"has_body\";b:1;s:4:\"help\";s:0:\"\";s:14:\"min_word_count\";i:0;s:6:\"custom\";b:0;s:8:\"modified\";b:0;s:6:\"locked\";b:1;s:9:\"orig_type\";s:5:\"panel\";s:6:\"is_new\";b:1;}}',31,5,'admin/content/node-type/panel','admin/content/node-type/panel','Edit','t','',136,'','','',0,'modules/node/content_types.inc');
INSERT INTO `menu_router` VALUES ('admin/content/node-type/panel/fields','','','user_access','a:1:{i:0;s:24:\"administer content types\";}','drupal_get_form','a:2:{i:0;s:27:\"content_field_overview_form\";i:1;s:5:\"panel\";}',31,5,'admin/content/node-type/panel','admin/content/node-type/panel','Manage fields','t','',128,'','','',1,'sites/all/modules/cck/includes/content.admin.inc');
INSERT INTO `menu_router` VALUES ('admin/content/node-type/panel/groups/%','a:1:{i:5;N;}','','user_access','a:1:{i:0;s:24:\"administer content types\";}','drupal_get_form','a:3:{i:0;s:26:\"fieldgroup_group_edit_form\";i:1;s:5:\"panel\";i:2;i:5;}',62,6,'','admin/content/node-type/panel/groups/%','Edit group','t','',4,'','','',0,'');
INSERT INTO `menu_router` VALUES ('admin/content/node-type/panel/groups/%/remove','a:1:{i:5;N;}','','user_access','a:1:{i:0;s:24:\"administer content types\";}','drupal_get_form','a:3:{i:0;s:23:\"fieldgroup_remove_group\";i:1;s:5:\"panel\";i:2;i:5;}',125,7,'','admin/content/node-type/panel/groups/%/remove','Edit group','t','',4,'','','',0,'');
INSERT INTO `menu_router` VALUES ('admin/content/node-type/profile','','','user_access','a:1:{i:0;s:24:\"administer content types\";}','drupal_get_form','a:2:{i:0;s:14:\"node_type_form\";i:1;O:8:\"stdClass\":14:{s:4:\"type\";s:7:\"profile\";s:4:\"name\";s:7:\"Profile\";s:6:\"module\";s:4:\"node\";s:11:\"description\";s:32:\"A user profile built as content.\";s:4:\"help\";s:0:\"\";s:9:\"has_title\";s:1:\"1\";s:11:\"title_label\";s:5:\"Title\";s:8:\"has_body\";s:1:\"1\";s:10:\"body_label\";s:4:\"Body\";s:14:\"min_word_count\";s:1:\"0\";s:6:\"custom\";s:1:\"1\";s:8:\"modified\";s:1:\"0\";s:6:\"locked\";s:1:\"0\";s:9:\"orig_type\";s:7:\"profile\";}}',15,4,'','admin/content/node-type/profile','Profile','t','',4,'','','',0,'modules/node/content_types.inc');
INSERT INTO `menu_router` VALUES ('admin/content/node-type/profile/delete','','','user_access','a:1:{i:0;s:24:\"administer content types\";}','drupal_get_form','a:2:{i:0;s:24:\"node_type_delete_confirm\";i:1;O:8:\"stdClass\":14:{s:4:\"type\";s:7:\"profile\";s:4:\"name\";s:7:\"Profile\";s:6:\"module\";s:4:\"node\";s:11:\"description\";s:32:\"A user profile built as content.\";s:4:\"help\";s:0:\"\";s:9:\"has_title\";s:1:\"1\";s:11:\"title_label\";s:5:\"Title\";s:8:\"has_body\";s:1:\"1\";s:10:\"body_label\";s:4:\"Body\";s:14:\"min_word_count\";s:1:\"0\";s:6:\"custom\";s:1:\"1\";s:8:\"modified\";s:1:\"0\";s:6:\"locked\";s:1:\"0\";s:9:\"orig_type\";s:7:\"profile\";}}',31,5,'','admin/content/node-type/profile/delete','Delete','t','',4,'','','',0,'modules/node/content_types.inc');
INSERT INTO `menu_router` VALUES ('admin/content/node-type/profile/display','','','user_access','a:1:{i:0;s:24:\"administer content types\";}','drupal_get_form','a:2:{i:0;s:29:\"content_display_overview_form\";i:1;s:7:\"profile\";}',31,5,'admin/content/node-type/profile','admin/content/node-type/profile','Display fields','t','',128,'','','',2,'sites/all/modules/cck/includes/content.admin.inc');
INSERT INTO `menu_router` VALUES ('admin/content/node-type/profile/display/basic','','','user_access','a:1:{i:0;s:24:\"administer content types\";}','drupal_get_form','a:3:{i:0;s:29:\"content_display_overview_form\";i:1;s:7:\"profile\";i:2;s:5:\"basic\";}',63,6,'admin/content/node-type/profile/display','admin/content/node-type/profile','Basic','t','',136,'','','',0,'sites/all/modules/cck/includes/content.admin.inc');
INSERT INTO `menu_router` VALUES ('admin/content/node-type/profile/display/rss','','','user_access','a:1:{i:0;s:24:\"administer content types\";}','drupal_get_form','a:3:{i:0;s:29:\"content_display_overview_form\";i:1;s:7:\"profile\";i:2;s:3:\"rss\";}',63,6,'admin/content/node-type/profile/display','admin/content/node-type/profile','RSS','t','',128,'','','',1,'sites/all/modules/cck/includes/content.admin.inc');
INSERT INTO `menu_router` VALUES ('admin/content/node-type/profile/display/search','','','user_access','a:1:{i:0;s:24:\"administer content types\";}','drupal_get_form','a:3:{i:0;s:29:\"content_display_overview_form\";i:1;s:7:\"profile\";i:2;s:6:\"search\";}',63,6,'admin/content/node-type/profile/display','admin/content/node-type/profile','Search','t','',128,'','','',1,'sites/all/modules/cck/includes/content.admin.inc');
INSERT INTO `menu_router` VALUES ('admin/content/node-type/profile/display/token','','','user_access','a:1:{i:0;s:24:\"administer content types\";}','drupal_get_form','a:3:{i:0;s:29:\"content_display_overview_form\";i:1;s:7:\"profile\";i:2;s:5:\"token\";}',63,6,'admin/content/node-type/profile/display','admin/content/node-type/profile','Token','t','',128,'','','',1,'sites/all/modules/cck/includes/content.admin.inc');
INSERT INTO `menu_router` VALUES ('admin/content/node-type/profile/edit','','','user_access','a:1:{i:0;s:24:\"administer content types\";}','drupal_get_form','a:2:{i:0;s:14:\"node_type_form\";i:1;O:8:\"stdClass\":14:{s:4:\"type\";s:7:\"profile\";s:4:\"name\";s:7:\"Profile\";s:6:\"module\";s:4:\"node\";s:11:\"description\";s:32:\"A user profile built as content.\";s:4:\"help\";s:0:\"\";s:9:\"has_title\";s:1:\"1\";s:11:\"title_label\";s:5:\"Title\";s:8:\"has_body\";s:1:\"1\";s:10:\"body_label\";s:4:\"Body\";s:14:\"min_word_count\";s:1:\"0\";s:6:\"custom\";s:1:\"1\";s:8:\"modified\";s:1:\"0\";s:6:\"locked\";s:1:\"0\";s:9:\"orig_type\";s:7:\"profile\";}}',31,5,'admin/content/node-type/profile','admin/content/node-type/profile','Edit','t','',136,'','','',0,'modules/node/content_types.inc');
INSERT INTO `menu_router` VALUES ('admin/content/node-type/profile/fields','','','user_access','a:1:{i:0;s:24:\"administer content types\";}','drupal_get_form','a:2:{i:0;s:27:\"content_field_overview_form\";i:1;s:7:\"profile\";}',31,5,'admin/content/node-type/profile','admin/content/node-type/profile','Manage fields','t','',128,'','','',1,'sites/all/modules/cck/includes/content.admin.inc');
INSERT INTO `menu_router` VALUES ('admin/content/node-type/profile/groups/%','a:1:{i:5;N;}','','user_access','a:1:{i:0;s:24:\"administer content types\";}','drupal_get_form','a:3:{i:0;s:26:\"fieldgroup_group_edit_form\";i:1;s:7:\"profile\";i:2;i:5;}',62,6,'','admin/content/node-type/profile/groups/%','Edit group','t','',4,'','','',0,'');
INSERT INTO `menu_router` VALUES ('admin/content/node-type/profile/groups/%/remove','a:1:{i:5;N;}','','user_access','a:1:{i:0;s:24:\"administer content types\";}','drupal_get_form','a:3:{i:0;s:23:\"fieldgroup_remove_group\";i:1;s:7:\"profile\";i:2;i:5;}',125,7,'','admin/content/node-type/profile/groups/%/remove','Edit group','t','',4,'','','',0,'');
INSERT INTO `menu_router` VALUES ('admin/content/node-type/story','','','user_access','a:1:{i:0;s:24:\"administer content types\";}','drupal_get_form','a:2:{i:0;s:14:\"node_type_form\";i:1;O:8:\"stdClass\":14:{s:4:\"type\";s:5:\"story\";s:4:\"name\";s:5:\"Story\";s:6:\"module\";s:4:\"node\";s:11:\"description\";s:392:\"A <em>story</em>, similar in form to a <em>page</em>, is ideal for creating and displaying content that informs or engages website visitors. Press releases, site announcements, and informal blog-like entries may all be created with a <em>story</em> entry. By default, a <em>story</em> entry is automatically featured on the site\'s initial home page, and provides the ability to post comments.\";s:4:\"help\";s:0:\"\";s:9:\"has_title\";s:1:\"1\";s:11:\"title_label\";s:5:\"Title\";s:8:\"has_body\";s:1:\"1\";s:10:\"body_label\";s:4:\"Body\";s:14:\"min_word_count\";s:1:\"0\";s:6:\"custom\";s:1:\"1\";s:8:\"modified\";s:1:\"1\";s:6:\"locked\";s:1:\"0\";s:9:\"orig_type\";s:5:\"story\";}}',15,4,'','admin/content/node-type/story','Story','t','',4,'','','',0,'modules/node/content_types.inc');
INSERT INTO `menu_router` VALUES ('admin/content/node-type/story/delete','','','user_access','a:1:{i:0;s:24:\"administer content types\";}','drupal_get_form','a:2:{i:0;s:24:\"node_type_delete_confirm\";i:1;O:8:\"stdClass\":14:{s:4:\"type\";s:5:\"story\";s:4:\"name\";s:5:\"Story\";s:6:\"module\";s:4:\"node\";s:11:\"description\";s:392:\"A <em>story</em>, similar in form to a <em>page</em>, is ideal for creating and displaying content that informs or engages website visitors. Press releases, site announcements, and informal blog-like entries may all be created with a <em>story</em> entry. By default, a <em>story</em> entry is automatically featured on the site\'s initial home page, and provides the ability to post comments.\";s:4:\"help\";s:0:\"\";s:9:\"has_title\";s:1:\"1\";s:11:\"title_label\";s:5:\"Title\";s:8:\"has_body\";s:1:\"1\";s:10:\"body_label\";s:4:\"Body\";s:14:\"min_word_count\";s:1:\"0\";s:6:\"custom\";s:1:\"1\";s:8:\"modified\";s:1:\"1\";s:6:\"locked\";s:1:\"0\";s:9:\"orig_type\";s:5:\"story\";}}',31,5,'','admin/content/node-type/story/delete','Delete','t','',4,'','','',0,'modules/node/content_types.inc');
INSERT INTO `menu_router` VALUES ('admin/content/node-type/story/display','','','user_access','a:1:{i:0;s:24:\"administer content types\";}','drupal_get_form','a:2:{i:0;s:29:\"content_display_overview_form\";i:1;s:5:\"story\";}',31,5,'admin/content/node-type/story','admin/content/node-type/story','Display fields','t','',128,'','','',2,'sites/all/modules/cck/includes/content.admin.inc');
INSERT INTO `menu_router` VALUES ('admin/content/node-type/story/display/basic','','','user_access','a:1:{i:0;s:24:\"administer content types\";}','drupal_get_form','a:3:{i:0;s:29:\"content_display_overview_form\";i:1;s:5:\"story\";i:2;s:5:\"basic\";}',63,6,'admin/content/node-type/story/display','admin/content/node-type/story','Basic','t','',136,'','','',0,'sites/all/modules/cck/includes/content.admin.inc');
INSERT INTO `menu_router` VALUES ('admin/content/node-type/story/display/rss','','','user_access','a:1:{i:0;s:24:\"administer content types\";}','drupal_get_form','a:3:{i:0;s:29:\"content_display_overview_form\";i:1;s:5:\"story\";i:2;s:3:\"rss\";}',63,6,'admin/content/node-type/story/display','admin/content/node-type/story','RSS','t','',128,'','','',1,'sites/all/modules/cck/includes/content.admin.inc');
INSERT INTO `menu_router` VALUES ('admin/content/node-type/story/display/search','','','user_access','a:1:{i:0;s:24:\"administer content types\";}','drupal_get_form','a:3:{i:0;s:29:\"content_display_overview_form\";i:1;s:5:\"story\";i:2;s:6:\"search\";}',63,6,'admin/content/node-type/story/display','admin/content/node-type/story','Search','t','',128,'','','',1,'sites/all/modules/cck/includes/content.admin.inc');
INSERT INTO `menu_router` VALUES ('admin/content/node-type/story/display/token','','','user_access','a:1:{i:0;s:24:\"administer content types\";}','drupal_get_form','a:3:{i:0;s:29:\"content_display_overview_form\";i:1;s:5:\"story\";i:2;s:5:\"token\";}',63,6,'admin/content/node-type/story/display','admin/content/node-type/story','Token','t','',128,'','','',1,'sites/all/modules/cck/includes/content.admin.inc');
INSERT INTO `menu_router` VALUES ('admin/content/node-type/story/edit','','','user_access','a:1:{i:0;s:24:\"administer content types\";}','drupal_get_form','a:2:{i:0;s:14:\"node_type_form\";i:1;O:8:\"stdClass\":14:{s:4:\"type\";s:5:\"story\";s:4:\"name\";s:5:\"Story\";s:6:\"module\";s:4:\"node\";s:11:\"description\";s:392:\"A <em>story</em>, similar in form to a <em>page</em>, is ideal for creating and displaying content that informs or engages website visitors. Press releases, site announcements, and informal blog-like entries may all be created with a <em>story</em> entry. By default, a <em>story</em> entry is automatically featured on the site\'s initial home page, and provides the ability to post comments.\";s:4:\"help\";s:0:\"\";s:9:\"has_title\";s:1:\"1\";s:11:\"title_label\";s:5:\"Title\";s:8:\"has_body\";s:1:\"1\";s:10:\"body_label\";s:4:\"Body\";s:14:\"min_word_count\";s:1:\"0\";s:6:\"custom\";s:1:\"1\";s:8:\"modified\";s:1:\"1\";s:6:\"locked\";s:1:\"0\";s:9:\"orig_type\";s:5:\"story\";}}',31,5,'admin/content/node-type/story','admin/content/node-type/story','Edit','t','',136,'','','',0,'modules/node/content_types.inc');
INSERT INTO `menu_router` VALUES ('admin/content/node-type/story/fields','','','user_access','a:1:{i:0;s:24:\"administer content types\";}','drupal_get_form','a:2:{i:0;s:27:\"content_field_overview_form\";i:1;s:5:\"story\";}',31,5,'admin/content/node-type/story','admin/content/node-type/story','Manage fields','t','',128,'','','',1,'sites/all/modules/cck/includes/content.admin.inc');
INSERT INTO `menu_router` VALUES ('admin/content/node-type/story/groups/%','a:1:{i:5;N;}','','user_access','a:1:{i:0;s:24:\"administer content types\";}','drupal_get_form','a:3:{i:0;s:26:\"fieldgroup_group_edit_form\";i:1;s:5:\"story\";i:2;i:5;}',62,6,'','admin/content/node-type/story/groups/%','Edit group','t','',4,'','','',0,'');
INSERT INTO `menu_router` VALUES ('admin/content/node-type/story/groups/%/remove','a:1:{i:5;N;}','','user_access','a:1:{i:0;s:24:\"administer content types\";}','drupal_get_form','a:3:{i:0;s:23:\"fieldgroup_remove_group\";i:1;s:5:\"story\";i:2;i:5;}',125,7,'','admin/content/node-type/story/groups/%/remove','Edit group','t','',4,'','','',0,'');
INSERT INTO `menu_router` VALUES ('admin/content/node-type/testimonial','','','user_access','a:1:{i:0;s:24:\"administer content types\";}','drupal_get_form','a:2:{i:0;s:14:\"node_type_form\";i:1;O:8:\"stdClass\":14:{s:4:\"type\";s:11:\"testimonial\";s:4:\"name\";s:10:\"Отзыв\";s:6:\"module\";s:4:\"node\";s:11:\"description\";s:0:\"\";s:4:\"help\";s:0:\"\";s:9:\"has_title\";s:1:\"1\";s:11:\"title_label\";s:5:\"Title\";s:8:\"has_body\";s:1:\"1\";s:10:\"body_label\";s:4:\"Body\";s:14:\"min_word_count\";s:1:\"0\";s:6:\"custom\";s:1:\"1\";s:8:\"modified\";s:1:\"1\";s:6:\"locked\";s:1:\"0\";s:9:\"orig_type\";s:0:\"\";}}',15,4,'','admin/content/node-type/testimonial','Отзыв','t','',4,'','','',0,'modules/node/content_types.inc');
INSERT INTO `menu_router` VALUES ('admin/content/node-type/testimonial/delete','','','user_access','a:1:{i:0;s:24:\"administer content types\";}','drupal_get_form','a:2:{i:0;s:24:\"node_type_delete_confirm\";i:1;O:8:\"stdClass\":14:{s:4:\"type\";s:11:\"testimonial\";s:4:\"name\";s:10:\"Отзыв\";s:6:\"module\";s:4:\"node\";s:11:\"description\";s:0:\"\";s:4:\"help\";s:0:\"\";s:9:\"has_title\";s:1:\"1\";s:11:\"title_label\";s:5:\"Title\";s:8:\"has_body\";s:1:\"1\";s:10:\"body_label\";s:4:\"Body\";s:14:\"min_word_count\";s:1:\"0\";s:6:\"custom\";s:1:\"1\";s:8:\"modified\";s:1:\"1\";s:6:\"locked\";s:1:\"0\";s:9:\"orig_type\";s:0:\"\";}}',31,5,'','admin/content/node-type/testimonial/delete','Delete','t','',4,'','','',0,'modules/node/content_types.inc');
INSERT INTO `menu_router` VALUES ('admin/content/node-type/testimonial/display','','','user_access','a:1:{i:0;s:24:\"administer content types\";}','drupal_get_form','a:2:{i:0;s:29:\"content_display_overview_form\";i:1;s:11:\"testimonial\";}',31,5,'admin/content/node-type/testimonial','admin/content/node-type/testimonial','Display fields','t','',128,'','','',2,'sites/all/modules/cck/includes/content.admin.inc');
INSERT INTO `menu_router` VALUES ('admin/content/node-type/testimonial/display/basic','','','user_access','a:1:{i:0;s:24:\"administer content types\";}','drupal_get_form','a:3:{i:0;s:29:\"content_display_overview_form\";i:1;s:11:\"testimonial\";i:2;s:5:\"basic\";}',63,6,'admin/content/node-type/testimonial/display','admin/content/node-type/testimonial','Basic','t','',136,'','','',0,'sites/all/modules/cck/includes/content.admin.inc');
INSERT INTO `menu_router` VALUES ('admin/content/node-type/testimonial/display/rss','','','user_access','a:1:{i:0;s:24:\"administer content types\";}','drupal_get_form','a:3:{i:0;s:29:\"content_display_overview_form\";i:1;s:11:\"testimonial\";i:2;s:3:\"rss\";}',63,6,'admin/content/node-type/testimonial/display','admin/content/node-type/testimonial','RSS','t','',128,'','','',1,'sites/all/modules/cck/includes/content.admin.inc');
INSERT INTO `menu_router` VALUES ('admin/content/node-type/testimonial/display/search','','','user_access','a:1:{i:0;s:24:\"administer content types\";}','drupal_get_form','a:3:{i:0;s:29:\"content_display_overview_form\";i:1;s:11:\"testimonial\";i:2;s:6:\"search\";}',63,6,'admin/content/node-type/testimonial/display','admin/content/node-type/testimonial','Search','t','',128,'','','',1,'sites/all/modules/cck/includes/content.admin.inc');
INSERT INTO `menu_router` VALUES ('admin/content/node-type/testimonial/display/token','','','user_access','a:1:{i:0;s:24:\"administer content types\";}','drupal_get_form','a:3:{i:0;s:29:\"content_display_overview_form\";i:1;s:11:\"testimonial\";i:2;s:5:\"token\";}',63,6,'admin/content/node-type/testimonial/display','admin/content/node-type/testimonial','Token','t','',128,'','','',1,'sites/all/modules/cck/includes/content.admin.inc');
INSERT INTO `menu_router` VALUES ('admin/content/node-type/testimonial/edit','','','user_access','a:1:{i:0;s:24:\"administer content types\";}','drupal_get_form','a:2:{i:0;s:14:\"node_type_form\";i:1;O:8:\"stdClass\":14:{s:4:\"type\";s:11:\"testimonial\";s:4:\"name\";s:10:\"Отзыв\";s:6:\"module\";s:4:\"node\";s:11:\"description\";s:0:\"\";s:4:\"help\";s:0:\"\";s:9:\"has_title\";s:1:\"1\";s:11:\"title_label\";s:5:\"Title\";s:8:\"has_body\";s:1:\"1\";s:10:\"body_label\";s:4:\"Body\";s:14:\"min_word_count\";s:1:\"0\";s:6:\"custom\";s:1:\"1\";s:8:\"modified\";s:1:\"1\";s:6:\"locked\";s:1:\"0\";s:9:\"orig_type\";s:0:\"\";}}',31,5,'admin/content/node-type/testimonial','admin/content/node-type/testimonial','Edit','t','',136,'','','',0,'modules/node/content_types.inc');
INSERT INTO `menu_router` VALUES ('admin/content/node-type/testimonial/fields','','','user_access','a:1:{i:0;s:24:\"administer content types\";}','drupal_get_form','a:2:{i:0;s:27:\"content_field_overview_form\";i:1;s:11:\"testimonial\";}',31,5,'admin/content/node-type/testimonial','admin/content/node-type/testimonial','Manage fields','t','',128,'','','',1,'sites/all/modules/cck/includes/content.admin.inc');
INSERT INTO `menu_router` VALUES ('admin/content/node-type/testimonial/fields/field_guide','','','user_access','a:1:{i:0;s:24:\"administer content types\";}','drupal_get_form','a:3:{i:0;s:23:\"content_field_edit_form\";i:1;s:11:\"testimonial\";i:2;s:11:\"field_guide\";}',63,6,'admin/content/node-type/testimonial/fields','admin/content/node-type/testimonial','Гид','t','',128,'','','',0,'sites/all/modules/cck/includes/content.admin.inc');
INSERT INTO `menu_router` VALUES ('admin/content/node-type/testimonial/fields/field_guide/remove','','','user_access','a:1:{i:0;s:24:\"administer content types\";}','drupal_get_form','a:3:{i:0;s:25:\"content_field_remove_form\";i:1;s:11:\"testimonial\";i:2;s:11:\"field_guide\";}',127,7,'','admin/content/node-type/testimonial/fields/field_guide/remove','Remove field','t','',4,'','','',0,'sites/all/modules/cck/includes/content.admin.inc');
INSERT INTO `menu_router` VALUES ('admin/content/node-type/testimonial/groups/%','a:1:{i:5;N;}','','user_access','a:1:{i:0;s:24:\"administer content types\";}','drupal_get_form','a:3:{i:0;s:26:\"fieldgroup_group_edit_form\";i:1;s:11:\"testimonial\";i:2;i:5;}',62,6,'','admin/content/node-type/testimonial/groups/%','Edit group','t','',4,'','','',0,'');
INSERT INTO `menu_router` VALUES ('admin/content/node-type/testimonial/groups/%/remove','a:1:{i:5;N;}','','user_access','a:1:{i:0;s:24:\"administer content types\";}','drupal_get_form','a:3:{i:0;s:23:\"fieldgroup_remove_group\";i:1;s:11:\"testimonial\";i:2;i:5;}',125,7,'','admin/content/node-type/testimonial/groups/%/remove','Edit group','t','',4,'','','',0,'');
INSERT INTO `menu_router` VALUES ('admin/content/node/overview','','','user_access','a:1:{i:0;s:16:\"administer nodes\";}','drupal_get_form','a:1:{i:0;s:18:\"node_admin_content\";}',15,4,'admin/content/node','admin/content/node','List','t','',136,'','','',-10,'modules/node/node.admin.inc');
INSERT INTO `menu_router` VALUES ('admin/content/rss-publishing','','','user_access','a:1:{i:0;s:29:\"administer site configuration\";}','drupal_get_form','a:1:{i:0;s:25:\"system_rss_feeds_settings\";}',7,3,'','admin/content/rss-publishing','RSS publishing','t','',6,'','Configure the number of items per feed and whether feeds should be titles/teasers/full-text.','',0,'modules/system/system.admin.inc');
INSERT INTO `menu_router` VALUES ('admin/content/taxonomy','','','user_access','a:1:{i:0;s:19:\"administer taxonomy\";}','drupal_get_form','a:1:{i:0;s:30:\"taxonomy_overview_vocabularies\";}',7,3,'','admin/content/taxonomy','Taxonomy','t','',6,'','Manage tagging, categorization, and classification of your content.','',0,'modules/taxonomy/taxonomy.admin.inc');
INSERT INTO `menu_router` VALUES ('admin/content/taxonomy/%','a:1:{i:3;s:24:\"taxonomy_vocabulary_load\";}','','user_access','a:1:{i:0;s:19:\"administer taxonomy\";}','drupal_get_form','a:2:{i:0;s:23:\"taxonomy_overview_terms\";i:1;i:3;}',14,4,'','admin/content/taxonomy/%','List terms','t','',4,'','','',0,'modules/taxonomy/taxonomy.admin.inc');
INSERT INTO `menu_router` VALUES ('admin/content/taxonomy/%/add/term','a:1:{i:3;s:24:\"taxonomy_vocabulary_load\";}','','user_access','a:1:{i:0;s:19:\"administer taxonomy\";}','taxonomy_add_term_page','a:1:{i:0;i:3;}',59,6,'admin/content/taxonomy/%','admin/content/taxonomy/%','Add term','t','',128,'','','',0,'modules/taxonomy/taxonomy.admin.inc');
INSERT INTO `menu_router` VALUES ('admin/content/taxonomy/%/list','a:1:{i:3;s:24:\"taxonomy_vocabulary_load\";}','','user_access','a:1:{i:0;s:19:\"administer taxonomy\";}','drupal_get_form','a:2:{i:0;s:23:\"taxonomy_overview_terms\";i:1;i:3;}',29,5,'admin/content/taxonomy/%','admin/content/taxonomy/%','List','t','',136,'','','',-10,'modules/taxonomy/taxonomy.admin.inc');
INSERT INTO `menu_router` VALUES ('admin/content/taxonomy/add/vocabulary','','','user_access','a:1:{i:0;s:19:\"administer taxonomy\";}','drupal_get_form','a:1:{i:0;s:24:\"taxonomy_form_vocabulary\";}',31,5,'admin/content/taxonomy','admin/content/taxonomy','Add vocabulary','t','',128,'','','',0,'modules/taxonomy/taxonomy.admin.inc');
INSERT INTO `menu_router` VALUES ('admin/content/taxonomy/edit/term','','','user_access','a:1:{i:0;s:19:\"administer taxonomy\";}','taxonomy_admin_term_edit','a:0:{}',31,5,'','admin/content/taxonomy/edit/term','Edit term','t','',4,'','','',0,'modules/taxonomy/taxonomy.admin.inc');
INSERT INTO `menu_router` VALUES ('admin/content/taxonomy/edit/vocabulary/%','a:1:{i:5;s:24:\"taxonomy_vocabulary_load\";}','','user_access','a:1:{i:0;s:19:\"administer taxonomy\";}','taxonomy_admin_vocabulary_edit','a:1:{i:0;i:5;}',62,6,'','admin/content/taxonomy/edit/vocabulary/%','Edit vocabulary','t','',4,'','','',0,'modules/taxonomy/taxonomy.admin.inc');
INSERT INTO `menu_router` VALUES ('admin/content/taxonomy/list','','','user_access','a:1:{i:0;s:19:\"administer taxonomy\";}','drupal_get_form','a:1:{i:0;s:30:\"taxonomy_overview_vocabularies\";}',15,4,'admin/content/taxonomy','admin/content/taxonomy','List','t','',136,'','','',-10,'modules/taxonomy/taxonomy.admin.inc');
INSERT INTO `menu_router` VALUES ('admin/content/types','','','user_access','a:1:{i:0;s:24:\"administer content types\";}','content_types_overview','a:0:{}',7,3,'','admin/content/types','Content types','t','',6,'','Manage posts by content type, including default status, front page promotion, etc.','',0,'sites/all/modules/cck/includes/content.admin.inc');
INSERT INTO `menu_router` VALUES ('admin/content/types/add','','','user_access','a:1:{i:0;s:24:\"administer content types\";}','drupal_get_form','a:1:{i:0;s:14:\"node_type_form\";}',15,4,'admin/content/types','admin/content/types','Add content type','t','',128,'','','',0,'modules/node/content_types.inc');
INSERT INTO `menu_router` VALUES ('admin/content/types/fields','','','user_access','a:1:{i:0;s:24:\"administer content types\";}','content_fields_list','a:0:{}',15,4,'admin/content/types','admin/content/types','Fields','t','',128,'','','',0,'sites/all/modules/cck/includes/content.admin.inc');
INSERT INTO `menu_router` VALUES ('admin/content/types/list','','','user_access','a:1:{i:0;s:24:\"administer content types\";}','content_types_overview','a:0:{}',15,4,'admin/content/types','admin/content/types','List','t','',136,'','','',-10,'sites/all/modules/cck/includes/content.admin.inc');
INSERT INTO `menu_router` VALUES ('admin/gmaps','','','user_access','a:1:{i:0;s:27:\"access administration pages\";}','system_admin_menu_block_page','a:0:{}',3,2,'','admin/gmaps','Google Maps Tools','t','',6,'','Administer GMaps base objects.','right',-9,'modules/system/system.admin.inc');
INSERT INTO `menu_router` VALUES ('admin/gmaps/icon/%/clone','a:1:{i:3;s:20:\"gmaps_menu_icon_load\";}','','user_access','a:1:{i:0;s:22:\"administer gmaps icons\";}','gmaps_icon_clone','a:1:{i:0;i:3;}',29,5,'','admin/gmaps/icon/%/clone','Clone icon','t','',4,'','','',0,'sites/all/modules/gmaps/includes/gmaps.icon-admin.inc');
INSERT INTO `menu_router` VALUES ('admin/gmaps/icon/%/delete','a:1:{i:3;a:1:{s:20:\"gmaps_menu_icon_load\";a:1:{i:0;i:4;}}}','','user_access','a:1:{i:0;s:22:\"administer gmaps icons\";}','gmaps_icon_delete','a:1:{i:0;i:3;}',29,5,'','admin/gmaps/icon/%/delete','Delete icon','t','',4,'','','',0,'sites/all/modules/gmaps/includes/gmaps.icon-admin.inc');
INSERT INTO `menu_router` VALUES ('admin/gmaps/icon/%/edit','a:1:{i:3;s:20:\"gmaps_menu_icon_load\";}','','user_access','a:1:{i:0;s:22:\"administer gmaps icons\";}','gmaps_icon_edit','a:1:{i:0;i:3;}',29,5,'','admin/gmaps/icon/%/edit','Edit icon','t','',4,'','','',0,'sites/all/modules/gmaps/includes/gmaps.icon-admin.inc');
INSERT INTO `menu_router` VALUES ('admin/gmaps/icon/%/reset','a:1:{i:3;a:1:{s:20:\"gmaps_menu_icon_load\";a:1:{i:0;i:4;}}}','','user_access','a:1:{i:0;s:22:\"administer gmaps icons\";}','drupal_get_form','a:2:{i:0;s:24:\"gmaps_icon_reset_confirm\";i:1;i:3;}',29,5,'','admin/gmaps/icon/%/reset','Reset icon','t','',4,'','','',0,'sites/all/modules/gmaps/includes/gmaps.icon-admin.inc');
INSERT INTO `menu_router` VALUES ('admin/gmaps/icons','','','user_access','a:1:{i:0;s:22:\"administer gmaps icons\";}','gmaps_icon_admin_overview','a:0:{}',7,3,'','admin/gmaps/icons','Icons','t','',6,'','Manage the icons defined for your site.','',0,'sites/all/modules/gmaps/includes/gmaps.icon-admin.inc');
INSERT INTO `menu_router` VALUES ('admin/gmaps/icons/add','','','user_access','a:1:{i:0;s:22:\"administer gmaps icons\";}','gmaps_icon_add','a:2:{i:0;s:6:\"custom\";i:1;O:8:\"stdClass\":8:{s:4:\"name\";s:6:\"Custom\";s:4:\"file\";s:32:\"includes/gmaps.icon-admin-custom\";s:4:\"type\";s:6:\"custom\";s:6:\"module\";s:5:\"gmaps\";s:8:\"type_url\";s:6:\"custom\";s:12:\"label_length\";i:0;s:6:\"weight\";i:0;s:5:\"title\";s:6:\"Custom\";}}',15,4,'admin/gmaps/icons','admin/gmaps/icons','Add','t','',128,'','Add icons to you site.','',0,'sites/all/modules/gmaps/includes/gmaps.icon-admin.inc');
INSERT INTO `menu_router` VALUES ('admin/gmaps/icons/add/custom','','','user_access','a:1:{i:0;s:22:\"administer gmaps icons\";}','gmaps_icon_add','a:2:{i:0;s:6:\"custom\";i:1;O:8:\"stdClass\":8:{s:4:\"name\";s:6:\"Custom\";s:4:\"file\";s:32:\"includes/gmaps.icon-admin-custom\";s:4:\"type\";s:6:\"custom\";s:6:\"module\";s:5:\"gmaps\";s:8:\"type_url\";s:6:\"custom\";s:12:\"label_length\";i:0;s:6:\"weight\";i:0;s:5:\"title\";s:6:\"Custom\";}}',31,5,'admin/gmaps/icons/add','admin/gmaps/icons','Custom','t','',136,'','','',-10,'sites/all/modules/gmaps/includes/gmaps.icon-admin.inc');
INSERT INTO `menu_router` VALUES ('admin/gmaps/icons/add/flat','','','user_access','a:1:{i:0;s:22:\"administer gmaps icons\";}','gmaps_icon_add','a:2:{i:0;s:4:\"flat\";i:1;O:8:\"stdClass\":8:{s:4:\"name\";s:4:\"Flat\";s:4:\"file\";s:30:\"includes/gmaps.icon-admin-flat\";s:12:\"label_length\";i:32;s:6:\"weight\";i:0;s:4:\"type\";s:4:\"flat\";s:6:\"module\";s:5:\"gmaps\";s:8:\"type_url\";s:4:\"flat\";s:5:\"title\";s:4:\"Flat\";}}',31,5,'admin/gmaps/icons/add','admin/gmaps/icons','Flat','t','',128,'','','',0,'sites/all/modules/gmaps/includes/gmaps.icon-admin.inc');
INSERT INTO `menu_router` VALUES ('admin/gmaps/icons/add/iconic-marker','','','user_access','a:1:{i:0;s:22:\"administer gmaps icons\";}','gmaps_icon_add','a:2:{i:0;s:13:\"iconic_marker\";i:1;O:8:\"stdClass\":8:{s:4:\"name\";s:13:\"Iconic marker\";s:4:\"file\";s:39:\"includes/gmaps.icon-admin-iconic-marker\";s:12:\"label_length\";i:0;s:6:\"weight\";i:2;s:4:\"type\";s:13:\"iconic_marker\";s:6:\"module\";s:5:\"gmaps\";s:8:\"type_url\";s:13:\"iconic-marker\";s:5:\"title\";s:13:\"Iconic marker\";}}',31,5,'admin/gmaps/icons/add','admin/gmaps/icons','Iconic marker','t','',128,'','','',2,'sites/all/modules/gmaps/includes/gmaps.icon-admin.inc');
INSERT INTO `menu_router` VALUES ('admin/gmaps/icons/add/labeled-marker','','','user_access','a:1:{i:0;s:22:\"administer gmaps icons\";}','gmaps_icon_add','a:2:{i:0;s:14:\"labeled_marker\";i:1;O:8:\"stdClass\":8:{s:4:\"name\";s:14:\"Labeled marker\";s:4:\"file\";s:40:\"includes/gmaps.icon-admin-labeled-marker\";s:12:\"label_length\";i:2;s:6:\"weight\";i:1;s:4:\"type\";s:14:\"labeled_marker\";s:6:\"module\";s:5:\"gmaps\";s:8:\"type_url\";s:14:\"labeled-marker\";s:5:\"title\";s:14:\"Labeled marker\";}}',31,5,'admin/gmaps/icons/add','admin/gmaps/icons','Labeled marker','t','',128,'','','',1,'sites/all/modules/gmaps/includes/gmaps.icon-admin.inc');
INSERT INTO `menu_router` VALUES ('admin/gmaps/icons/add/marker','','','user_access','a:1:{i:0;s:22:\"administer gmaps icons\";}','gmaps_icon_add','a:2:{i:0;s:6:\"marker\";i:1;O:8:\"stdClass\":8:{s:4:\"name\";s:6:\"Marker\";s:4:\"file\";s:32:\"includes/gmaps.icon-admin-marker\";s:6:\"weight\";i:4;s:4:\"type\";s:6:\"marker\";s:6:\"module\";s:5:\"gmaps\";s:8:\"type_url\";s:6:\"marker\";s:12:\"label_length\";i:0;s:5:\"title\";s:6:\"Marker\";}}',31,5,'admin/gmaps/icons/add','admin/gmaps/icons','Marker','t','',128,'','','',4,'sites/all/modules/gmaps/includes/gmaps.icon-admin.inc');
INSERT INTO `menu_router` VALUES ('admin/gmaps/icons/add/scaled-marker','','','user_access','a:1:{i:0;s:22:\"administer gmaps icons\";}','gmaps_icon_add','a:2:{i:0;s:13:\"scaled_marker\";i:1;O:8:\"stdClass\":8:{s:4:\"name\";s:13:\"Scaled marker\";s:4:\"file\";s:39:\"includes/gmaps.icon-admin-scaled-marker\";s:12:\"label_length\";i:32;s:6:\"weight\";i:3;s:4:\"type\";s:13:\"scaled_marker\";s:6:\"module\";s:5:\"gmaps\";s:8:\"type_url\";s:13:\"scaled-marker\";s:5:\"title\";s:13:\"Scaled marker\";}}',31,5,'admin/gmaps/icons/add','admin/gmaps/icons','Scaled marker','t','',128,'','','',3,'sites/all/modules/gmaps/includes/gmaps.icon-admin.inc');
INSERT INTO `menu_router` VALUES ('admin/gmaps/icons/overview','','','user_access','a:1:{i:0;s:22:\"administer gmaps icons\";}','gmaps_icon_admin_overview','a:0:{}',15,4,'admin/gmaps/icons','admin/gmaps/icons','List','t','',136,'','','',-10,'sites/all/modules/gmaps/includes/gmaps.icon-admin.inc');
INSERT INTO `menu_router` VALUES ('admin/gmaps/map/%/clone','a:1:{i:3;s:19:\"gmaps_menu_map_load\";}','','user_access','a:1:{i:0;s:21:\"administer gmaps maps\";}','gmaps_map_clone','a:1:{i:0;i:3;}',29,5,'','admin/gmaps/map/%/clone','Clone map preset','t','',4,'','','',0,'sites/all/modules/gmaps/includes/gmaps.map-admin.inc');
INSERT INTO `menu_router` VALUES ('admin/gmaps/map/%/delete','a:1:{i:3;a:1:{s:19:\"gmaps_menu_map_load\";a:1:{i:0;i:4;}}}','','user_access','a:1:{i:0;s:21:\"administer gmaps maps\";}','gmaps_map_delete','a:1:{i:0;i:3;}',29,5,'','admin/gmaps/map/%/delete','Delete map preset','t','',4,'','','',0,'sites/all/modules/gmaps/includes/gmaps.map-admin.inc');
INSERT INTO `menu_router` VALUES ('admin/gmaps/map/%/edit','a:1:{i:3;s:19:\"gmaps_menu_map_load\";}','','user_access','a:1:{i:0;s:21:\"administer gmaps maps\";}','gmaps_map_edit','a:1:{i:0;i:3;}',29,5,'','admin/gmaps/map/%/edit','Edit map preset','t','',4,'','','',0,'sites/all/modules/gmaps/includes/gmaps.map-admin.inc');
INSERT INTO `menu_router` VALUES ('admin/gmaps/map/%/reset','a:1:{i:3;a:1:{s:19:\"gmaps_menu_map_load\";a:1:{i:0;i:4;}}}','','user_access','a:1:{i:0;s:21:\"administer gmaps maps\";}','drupal_get_form','a:2:{i:0;s:23:\"gmaps_map_reset_confirm\";i:1;i:3;}',29,5,'','admin/gmaps/map/%/reset','Reset map preset','t','',4,'','','',0,'sites/all/modules/gmaps/includes/gmaps.map-admin.inc');
INSERT INTO `menu_router` VALUES ('admin/gmaps/maps','','','user_access','a:1:{i:0;s:21:\"administer gmaps maps\";}','gmaps_map_admin_overview','a:0:{}',7,3,'','admin/gmaps/maps','Map presets','t','',6,'','Manage the map presets defined for your site.','',0,'sites/all/modules/gmaps/includes/gmaps.map-admin.inc');
INSERT INTO `menu_router` VALUES ('admin/gmaps/maps/add','','','user_access','a:1:{i:0;s:21:\"administer gmaps maps\";}','gmaps_map_add','a:2:{i:0;s:5:\"earth\";i:1;O:8:\"stdClass\":8:{s:4:\"name\";s:5:\"Earth\";s:6:\"coords\";a:3:{s:9:\"callbacks\";a:4:{s:8:\"line_end\";s:32:\"_gmaps_coords_line_end_ellipsoid\";s:14:\"latlng_to_cart\";s:38:\"_gmaps_coords_latlng_to_cart_ellipsoid\";s:8:\"distance\";s:32:\"_gmaps_coords_distance_ellipsoid\";s:6:\"radius\";s:30:\"_gmaps_coords_radius_ellipsoid\";}s:9:\"arguments\";a:2:{s:1:\"a\";i:6378137;s:1:\"b\";d:6356752.314199999906122684478759765625;}s:4:\"file\";s:31:\"includes/gmaps.coords-ellipsoid\";}s:4:\"type\";s:5:\"earth\";s:6:\"module\";s:5:\"gmaps\";s:8:\"type_url\";s:5:\"earth\";s:10:\"3D_enabled\";b:1;s:6:\"weight\";i:0;s:5:\"title\";s:5:\"Earth\";}}',15,4,'admin/gmaps/maps','admin/gmaps/maps','Add','t','',128,'','Add map presets to you site.','',0,'sites/all/modules/gmaps/includes/gmaps.map-admin.inc');
INSERT INTO `menu_router` VALUES ('admin/gmaps/maps/add/earth','','','user_access','a:1:{i:0;s:21:\"administer gmaps maps\";}','gmaps_map_add','a:2:{i:0;s:5:\"earth\";i:1;O:8:\"stdClass\":8:{s:4:\"name\";s:5:\"Earth\";s:6:\"coords\";a:3:{s:9:\"callbacks\";a:4:{s:8:\"line_end\";s:32:\"_gmaps_coords_line_end_ellipsoid\";s:14:\"latlng_to_cart\";s:38:\"_gmaps_coords_latlng_to_cart_ellipsoid\";s:8:\"distance\";s:32:\"_gmaps_coords_distance_ellipsoid\";s:6:\"radius\";s:30:\"_gmaps_coords_radius_ellipsoid\";}s:9:\"arguments\";a:2:{s:1:\"a\";i:6378137;s:1:\"b\";d:6356752.314199999906122684478759765625;}s:4:\"file\";s:31:\"includes/gmaps.coords-ellipsoid\";}s:4:\"type\";s:5:\"earth\";s:6:\"module\";s:5:\"gmaps\";s:8:\"type_url\";s:5:\"earth\";s:10:\"3D_enabled\";b:1;s:6:\"weight\";i:0;s:5:\"title\";s:5:\"Earth\";}}',31,5,'admin/gmaps/maps/add','admin/gmaps/maps','Earth','t','',136,'','','',-10,'sites/all/modules/gmaps/includes/gmaps.map-admin.inc');
INSERT INTO `menu_router` VALUES ('admin/gmaps/maps/add/mars','','','user_access','a:1:{i:0;s:21:\"administer gmaps maps\";}','gmaps_map_add','a:2:{i:0;s:4:\"mars\";i:1;O:8:\"stdClass\":8:{s:4:\"name\";s:4:\"Mars\";s:6:\"coords\";a:3:{s:9:\"callbacks\";a:4:{s:8:\"line_end\";s:32:\"_gmaps_coords_line_end_ellipsoid\";s:14:\"latlng_to_cart\";s:38:\"_gmaps_coords_latlng_to_cart_ellipsoid\";s:8:\"distance\";s:32:\"_gmaps_coords_distance_ellipsoid\";s:6:\"radius\";s:30:\"_gmaps_coords_radius_ellipsoid\";}s:9:\"arguments\";a:2:{s:1:\"a\";i:3396200;s:1:\"b\";i:3376200;}s:4:\"file\";s:31:\"includes/gmaps.coords-ellipsoid\";}s:4:\"type\";s:4:\"mars\";s:6:\"module\";s:5:\"gmaps\";s:8:\"type_url\";s:4:\"mars\";s:10:\"3D_enabled\";b:1;s:6:\"weight\";i:0;s:5:\"title\";s:4:\"Mars\";}}',31,5,'admin/gmaps/maps/add','admin/gmaps/maps','Mars','t','',128,'','','',0,'sites/all/modules/gmaps/includes/gmaps.map-admin.inc');
INSERT INTO `menu_router` VALUES ('admin/gmaps/maps/add/moon','','','user_access','a:1:{i:0;s:21:\"administer gmaps maps\";}','gmaps_map_add','a:2:{i:0;s:4:\"moon\";i:1;O:8:\"stdClass\":8:{s:4:\"name\";s:4:\"Moon\";s:6:\"coords\";a:3:{s:9:\"callbacks\";a:4:{s:8:\"line_end\";s:32:\"_gmaps_coords_line_end_ellipsoid\";s:14:\"latlng_to_cart\";s:38:\"_gmaps_coords_latlng_to_cart_ellipsoid\";s:8:\"distance\";s:32:\"_gmaps_coords_distance_ellipsoid\";s:6:\"radius\";s:30:\"_gmaps_coords_radius_ellipsoid\";}s:9:\"arguments\";a:2:{s:1:\"a\";i:1738140;s:1:\"b\";i:1735970;}s:4:\"file\";s:31:\"includes/gmaps.coords-ellipsoid\";}s:4:\"type\";s:4:\"moon\";s:6:\"module\";s:5:\"gmaps\";s:8:\"type_url\";s:4:\"moon\";s:10:\"3D_enabled\";b:1;s:6:\"weight\";i:0;s:5:\"title\";s:4:\"Moon\";}}',31,5,'admin/gmaps/maps/add','admin/gmaps/maps','Moon','t','',128,'','','',0,'sites/all/modules/gmaps/includes/gmaps.map-admin.inc');
INSERT INTO `menu_router` VALUES ('admin/gmaps/maps/add/sky','','','user_access','a:1:{i:0;s:21:\"administer gmaps maps\";}','gmaps_map_add','a:2:{i:0;s:3:\"sky\";i:1;O:8:\"stdClass\":7:{s:4:\"name\";s:3:\"Sky\";s:10:\"3D_enabled\";b:0;s:4:\"type\";s:3:\"sky\";s:6:\"module\";s:5:\"gmaps\";s:8:\"type_url\";s:3:\"sky\";s:6:\"weight\";i:0;s:5:\"title\";s:3:\"Sky\";}}',31,5,'admin/gmaps/maps/add','admin/gmaps/maps','Sky','t','',128,'','','',0,'sites/all/modules/gmaps/includes/gmaps.map-admin.inc');
INSERT INTO `menu_router` VALUES ('admin/gmaps/maps/overview','','','user_access','a:1:{i:0;s:21:\"administer gmaps maps\";}','gmaps_map_admin_overview','a:0:{}',15,4,'admin/gmaps/maps','admin/gmaps/maps','List','t','',136,'','','',-10,'sites/all/modules/gmaps/includes/gmaps.map-admin.inc');
INSERT INTO `menu_router` VALUES ('admin/gmaps/static-map/%/clone','a:1:{i:3;s:26:\"gmaps_menu_static_map_load\";}','','user_access','a:1:{i:0;s:28:\"administer gmaps static maps\";}','gmaps_static_map_clone','a:1:{i:0;i:3;}',29,5,'','admin/gmaps/static-map/%/clone','Clone static map preset','t','',4,'','','',0,'sites/all/modules/gmaps/includes/gmaps.static-map-admin.inc');
INSERT INTO `menu_router` VALUES ('admin/gmaps/static-map/%/delete','a:1:{i:3;a:1:{s:26:\"gmaps_menu_static_map_load\";a:1:{i:0;i:4;}}}','','user_access','a:1:{i:0;s:28:\"administer gmaps static maps\";}','gmaps_static_map_delete','a:1:{i:0;i:3;}',29,5,'','admin/gmaps/static-map/%/delete','Delete static map preset','t','',4,'','','',0,'sites/all/modules/gmaps/includes/gmaps.static-map-admin.inc');
INSERT INTO `menu_router` VALUES ('admin/gmaps/static-map/%/edit','a:1:{i:3;s:26:\"gmaps_menu_static_map_load\";}','','user_access','a:1:{i:0;s:28:\"administer gmaps static maps\";}','gmaps_static_map_edit','a:1:{i:0;i:3;}',29,5,'','admin/gmaps/static-map/%/edit','Edit static map preset','t','',4,'','','',0,'sites/all/modules/gmaps/includes/gmaps.static-map-admin.inc');
INSERT INTO `menu_router` VALUES ('admin/gmaps/static-map/%/reset','a:1:{i:3;a:1:{s:26:\"gmaps_menu_static_map_load\";a:1:{i:0;i:4;}}}','','user_access','a:1:{i:0;s:28:\"administer gmaps static maps\";}','drupal_get_form','a:2:{i:0;s:30:\"gmaps_static_map_reset_confirm\";i:1;i:3;}',29,5,'','admin/gmaps/static-map/%/reset','Reset static map preset','t','',4,'','','',0,'sites/all/modules/gmaps/includes/gmaps.static-map-admin.inc');
INSERT INTO `menu_router` VALUES ('admin/gmaps/static-maps','','','user_access','a:1:{i:0;s:28:\"administer gmaps static maps\";}','gmaps_static_map_admin_overview','a:0:{}',7,3,'','admin/gmaps/static-maps','Static map presets','t','',6,'','Manage the static map presets defined for your site.','',0,'sites/all/modules/gmaps/includes/gmaps.static-map-admin.inc');
INSERT INTO `menu_router` VALUES ('admin/gmaps/static-maps/add','','','user_access','a:1:{i:0;s:28:\"administer gmaps static maps\";}','gmaps_static_map_add','a:0:{}',15,4,'admin/gmaps/static-maps','admin/gmaps/static-maps','Add','t','',128,'','Add static map presets to you site.','',0,'sites/all/modules/gmaps/includes/gmaps.static-map-admin.inc');
INSERT INTO `menu_router` VALUES ('admin/gmaps/static-maps/overview','','','user_access','a:1:{i:0;s:28:\"administer gmaps static maps\";}','gmaps_static_map_admin_overview','a:0:{}',15,4,'admin/gmaps/static-maps','admin/gmaps/static-maps','List','t','',136,'','','',-10,'sites/all/modules/gmaps/includes/gmaps.static-map-admin.inc');
INSERT INTO `menu_router` VALUES ('admin/help','','','user_access','a:1:{i:0;s:27:\"access administration pages\";}','help_main','a:0:{}',3,2,'','admin/help','Help','t','',6,'','','',9,'modules/help/help.admin.inc');
INSERT INTO `menu_router` VALUES ('admin/help/better_formats','','','user_access','a:1:{i:0;s:27:\"access administration pages\";}','help_page','a:1:{i:0;i:2;}',7,3,'','admin/help/better_formats','better_formats','t','',4,'','','',0,'modules/help/help.admin.inc');
INSERT INTO `menu_router` VALUES ('admin/help/block','','','user_access','a:1:{i:0;s:27:\"access administration pages\";}','help_page','a:1:{i:0;i:2;}',7,3,'','admin/help/block','block','t','',4,'','','',0,'modules/help/help.admin.inc');
INSERT INTO `menu_router` VALUES ('admin/help/comment','','','user_access','a:1:{i:0;s:27:\"access administration pages\";}','help_page','a:1:{i:0;i:2;}',7,3,'','admin/help/comment','comment','t','',4,'','','',0,'modules/help/help.admin.inc');
INSERT INTO `menu_router` VALUES ('admin/help/content','','','user_access','a:1:{i:0;s:27:\"access administration pages\";}','help_page','a:1:{i:0;i:2;}',7,3,'','admin/help/content','content','t','',4,'','','',0,'modules/help/help.admin.inc');
INSERT INTO `menu_router` VALUES ('admin/help/content_profile','','','user_access','a:1:{i:0;s:27:\"access administration pages\";}','help_page','a:1:{i:0;i:2;}',7,3,'','admin/help/content_profile','content_profile','t','',4,'','','',0,'modules/help/help.admin.inc');
INSERT INTO `menu_router` VALUES ('admin/help/dblog','','','user_access','a:1:{i:0;s:27:\"access administration pages\";}','help_page','a:1:{i:0;i:2;}',7,3,'','admin/help/dblog','dblog','t','',4,'','','',0,'modules/help/help.admin.inc');
INSERT INTO `menu_router` VALUES ('admin/help/diff','','','user_access','a:1:{i:0;s:27:\"access administration pages\";}','help_page','a:1:{i:0;i:2;}',7,3,'','admin/help/diff','diff','t','',4,'','','',0,'modules/help/help.admin.inc');
INSERT INTO `menu_router` VALUES ('admin/help/features','','','user_access','a:1:{i:0;s:27:\"access administration pages\";}','help_page','a:1:{i:0;i:2;}',7,3,'','admin/help/features','features','t','',4,'','','',0,'modules/help/help.admin.inc');
INSERT INTO `menu_router` VALUES ('admin/help/filter','','','user_access','a:1:{i:0;s:27:\"access administration pages\";}','help_page','a:1:{i:0;i:2;}',7,3,'','admin/help/filter','filter','t','',4,'','','',0,'modules/help/help.admin.inc');
INSERT INTO `menu_router` VALUES ('admin/help/gmaps','','','user_access','a:1:{i:0;s:27:\"access administration pages\";}','help_page','a:1:{i:0;i:2;}',7,3,'','admin/help/gmaps','gmaps','t','',4,'','','',0,'modules/help/help.admin.inc');
INSERT INTO `menu_router` VALUES ('admin/help/help','','','user_access','a:1:{i:0;s:27:\"access administration pages\";}','help_page','a:1:{i:0;i:2;}',7,3,'','admin/help/help','help','t','',4,'','','',0,'modules/help/help.admin.inc');
INSERT INTO `menu_router` VALUES ('admin/help/imagecache_ui','','','user_access','a:1:{i:0;s:27:\"access administration pages\";}','help_page','a:1:{i:0;i:2;}',7,3,'','admin/help/imagecache_ui','imagecache_ui','t','',4,'','','',0,'modules/help/help.admin.inc');
INSERT INTO `menu_router` VALUES ('admin/help/lightbox2','','','user_access','a:1:{i:0;s:27:\"access administration pages\";}','help_page','a:1:{i:0;i:2;}',7,3,'','admin/help/lightbox2','lightbox2','t','',4,'','','',0,'modules/help/help.admin.inc');
INSERT INTO `menu_router` VALUES ('admin/help/locale','','','user_access','a:1:{i:0;s:27:\"access administration pages\";}','help_page','a:1:{i:0;i:2;}',7,3,'','admin/help/locale','locale','t','',4,'','','',0,'modules/help/help.admin.inc');
INSERT INTO `menu_router` VALUES ('admin/help/menu','','','user_access','a:1:{i:0;s:27:\"access administration pages\";}','help_page','a:1:{i:0;i:2;}',7,3,'','admin/help/menu','menu','t','',4,'','','',0,'modules/help/help.admin.inc');
INSERT INTO `menu_router` VALUES ('admin/help/node','','','user_access','a:1:{i:0;s:27:\"access administration pages\";}','help_page','a:1:{i:0;i:2;}',7,3,'','admin/help/node','node','t','',4,'','','',0,'modules/help/help.admin.inc');
INSERT INTO `menu_router` VALUES ('admin/help/openid','','','user_access','a:1:{i:0;s:27:\"access administration pages\";}','help_page','a:1:{i:0;i:2;}',7,3,'','admin/help/openid','openid','t','',4,'','','',0,'modules/help/help.admin.inc');
INSERT INTO `menu_router` VALUES ('admin/help/php','','','user_access','a:1:{i:0;s:27:\"access administration pages\";}','help_page','a:1:{i:0;i:2;}',7,3,'','admin/help/php','php','t','',4,'','','',0,'modules/help/help.admin.inc');
INSERT INTO `menu_router` VALUES ('admin/help/rules','','','user_access','a:1:{i:0;s:27:\"access administration pages\";}','help_page','a:1:{i:0;i:2;}',7,3,'','admin/help/rules','rules','t','',4,'','','',0,'modules/help/help.admin.inc');
INSERT INTO `menu_router` VALUES ('admin/help/search','','','user_access','a:1:{i:0;s:27:\"access administration pages\";}','help_page','a:1:{i:0;i:2;}',7,3,'','admin/help/search','search','t','',4,'','','',0,'modules/help/help.admin.inc');
INSERT INTO `menu_router` VALUES ('admin/help/simpletest','','','user_access','a:1:{i:0;s:27:\"access administration pages\";}','help_page','a:1:{i:0;i:2;}',7,3,'','admin/help/simpletest','simpletest','t','',4,'','','',0,'modules/help/help.admin.inc');
INSERT INTO `menu_router` VALUES ('admin/help/system','','','user_access','a:1:{i:0;s:27:\"access administration pages\";}','help_page','a:1:{i:0;i:2;}',7,3,'','admin/help/system','system','t','',4,'','','',0,'modules/help/help.admin.inc');
INSERT INTO `menu_router` VALUES ('admin/help/taxonomy','','','user_access','a:1:{i:0;s:27:\"access administration pages\";}','help_page','a:1:{i:0;i:2;}',7,3,'','admin/help/taxonomy','taxonomy','t','',4,'','','',0,'modules/help/help.admin.inc');
INSERT INTO `menu_router` VALUES ('admin/help/token','','','user_access','a:1:{i:0;s:27:\"access administration pages\";}','help_page','a:1:{i:0;i:2;}',7,3,'','admin/help/token','token','t','',4,'','','',0,'modules/help/help.admin.inc');
INSERT INTO `menu_router` VALUES ('admin/help/update','','','user_access','a:1:{i:0;s:27:\"access administration pages\";}','help_page','a:1:{i:0;i:2;}',7,3,'','admin/help/update','update','t','',4,'','','',0,'modules/help/help.admin.inc');
INSERT INTO `menu_router` VALUES ('admin/help/user','','','user_access','a:1:{i:0;s:27:\"access administration pages\";}','help_page','a:1:{i:0;i:2;}',7,3,'','admin/help/user','user','t','',4,'','','',0,'modules/help/help.admin.inc');
INSERT INTO `menu_router` VALUES ('admin/help/views_ui','','','user_access','a:1:{i:0;s:27:\"access administration pages\";}','help_page','a:1:{i:0;i:2;}',7,3,'','admin/help/views_ui','views_ui','t','',4,'','','',0,'modules/help/help.admin.inc');
INSERT INTO `menu_router` VALUES ('admin/reports','','','user_access','a:1:{i:0;s:19:\"access site reports\";}','system_admin_menu_block_page','a:0:{}',3,2,'','admin/reports','Reports','t','',6,'','View reports from system logs and other status information.','left',5,'modules/system/system.admin.inc');
INSERT INTO `menu_router` VALUES ('admin/reports/access-denied','','','user_access','a:1:{i:0;s:19:\"access site reports\";}','dblog_top','a:1:{i:0;s:13:\"access denied\";}',7,3,'','admin/reports/access-denied','Top \'access denied\' errors','t','',6,'','View \'access denied\' errors (403s).','',0,'modules/dblog/dblog.admin.inc');
INSERT INTO `menu_router` VALUES ('admin/reports/dblog','','','user_access','a:1:{i:0;s:19:\"access site reports\";}','dblog_overview','a:0:{}',7,3,'','admin/reports/dblog','Recent log entries','t','',6,'','View events that have recently been logged.','',-1,'modules/dblog/dblog.admin.inc');
INSERT INTO `menu_router` VALUES ('admin/reports/event/%','a:1:{i:3;N;}','','user_access','a:1:{i:0;s:19:\"access site reports\";}','dblog_event','a:1:{i:0;i:3;}',14,4,'','admin/reports/event/%','Details','t','',4,'','','',0,'modules/dblog/dblog.admin.inc');
INSERT INTO `menu_router` VALUES ('admin/reports/page-not-found','','','user_access','a:1:{i:0;s:19:\"access site reports\";}','dblog_top','a:1:{i:0;s:14:\"page not found\";}',7,3,'','admin/reports/page-not-found','Top \'page not found\' errors','t','',6,'','View \'page not found\' errors (404s).','',0,'modules/dblog/dblog.admin.inc');
INSERT INTO `menu_router` VALUES ('admin/reports/search','','','user_access','a:1:{i:0;s:19:\"access site reports\";}','dblog_top','a:1:{i:0;s:6:\"search\";}',7,3,'','admin/reports/search','Top search phrases','t','',6,'','View most popular search phrases.','',0,'modules/dblog/dblog.admin.inc');
INSERT INTO `menu_router` VALUES ('admin/reports/status','','','user_access','a:1:{i:0;s:29:\"administer site configuration\";}','system_status','a:0:{}',7,3,'','admin/reports/status','Status report','t','',6,'','Get a status report about your site\'s operation and any detected problems.','',10,'modules/system/system.admin.inc');
INSERT INTO `menu_router` VALUES ('admin/reports/status/php','','','user_access','a:1:{i:0;s:29:\"administer site configuration\";}','system_php','a:0:{}',15,4,'','admin/reports/status/php','PHP','t','',4,'','','',0,'modules/system/system.admin.inc');
INSERT INTO `menu_router` VALUES ('admin/reports/status/run-cron','','','user_access','a:1:{i:0;s:29:\"administer site configuration\";}','system_run_cron','a:0:{}',15,4,'','admin/reports/status/run-cron','Run cron','t','',4,'','','',0,'modules/system/system.admin.inc');
INSERT INTO `menu_router` VALUES ('admin/reports/status/sql','','','user_access','a:1:{i:0;s:29:\"administer site configuration\";}','system_sql','a:0:{}',15,4,'','admin/reports/status/sql','SQL','t','',4,'','','',0,'modules/system/system.admin.inc');
INSERT INTO `menu_router` VALUES ('admin/reports/updates','','','user_access','a:1:{i:0;s:29:\"administer site configuration\";}','update_status','a:0:{}',7,3,'','admin/reports/updates','Available updates','t','',6,'','Get a status report about available updates for your installed modules and themes.','',10,'modules/update/update.report.inc');
INSERT INTO `menu_router` VALUES ('admin/reports/updates/check','','','user_access','a:1:{i:0;s:29:\"administer site configuration\";}','update_manual_status','a:0:{}',15,4,'','admin/reports/updates/check','Manual update check','t','',4,'','','',0,'modules/update/update.fetch.inc');
INSERT INTO `menu_router` VALUES ('admin/reports/updates/list','','','user_access','a:1:{i:0;s:29:\"administer site configuration\";}','update_status','a:0:{}',15,4,'admin/reports/updates','admin/reports/updates','List','t','',136,'','','',0,'modules/update/update.report.inc');
INSERT INTO `menu_router` VALUES ('admin/reports/updates/settings','','','user_access','a:1:{i:0;s:29:\"administer site configuration\";}','drupal_get_form','a:1:{i:0;s:15:\"update_settings\";}',15,4,'admin/reports/updates','admin/reports/updates','Settings','t','',128,'','','',0,'modules/update/update.settings.inc');
INSERT INTO `menu_router` VALUES ('admin/rules','','','user_access','a:1:{i:0;s:16:\"administer rules\";}','system_admin_menu_block_page','a:0:{}',3,2,'','admin/rules','Rules','t','',6,'','Rules administration links.','right',5,'modules/system/system.admin.inc');
INSERT INTO `menu_router` VALUES ('admin/rules/autocomplete','','','user_access','a:1:{i:0;s:16:\"administer rules\";}','rules_admin_categories_autocomplete','a:0:{}',7,3,'','admin/rules/autocomplete','','t','',4,'','','',0,'sites/all/modules/rules/rules_admin/rules_admin.rule_forms.inc');
INSERT INTO `menu_router` VALUES ('admin/rules/ie','','','user_access','a:1:{i:0;s:16:\"administer rules\";}','drupal_get_form','a:1:{i:0;s:23:\"rules_admin_form_export\";}',7,3,'','admin/rules/ie','Import / Export','t','',6,'','Export your rules as text or import rules.','',5,'sites/all/modules/rules/rules_admin/rules_admin.export.inc');
INSERT INTO `menu_router` VALUES ('admin/rules/ie/export','','','user_access','a:1:{i:0;s:16:\"administer rules\";}','drupal_get_form','a:1:{i:0;s:23:\"rules_admin_form_export\";}',15,4,'admin/rules/ie','admin/rules/ie','Export','t','',136,'','','',0,'sites/all/modules/rules/rules_admin/rules_admin.export.inc');
INSERT INTO `menu_router` VALUES ('admin/rules/ie/import','','','user_access','a:1:{i:0;s:16:\"administer rules\";}','drupal_get_form','a:1:{i:0;s:23:\"rules_admin_form_import\";}',15,4,'admin/rules/ie','admin/rules/ie','Import','t','',128,'','','',7,'sites/all/modules/rules/rules_admin/rules_admin.export.inc');
INSERT INTO `menu_router` VALUES ('admin/rules/rules/%','a:1:{i:3;s:9:\"rule_load\";}','','user_access','a:1:{i:0;s:16:\"administer rules\";}','drupal_get_form','a:2:{i:0;s:26:\"rules_admin_form_edit_rule\";i:1;i:3;}',14,4,'','admin/rules/rules/%','','rules_admin_rule_title','a:2:{i:0;s:19:\"Editing rule @label\";i:1;i:3;}',4,'','','',0,'sites/all/modules/rules/rules_admin/rules_admin.rule_forms.inc');
INSERT INTO `menu_router` VALUES ('admin/rules/rules/%/add','a:1:{i:3;s:9:\"rule_load\";}','','user_access','a:1:{i:0;s:16:\"administer rules\";}','drupal_get_form','a:2:{i:0;s:20:\"rules_admin_form_add\";i:1;i:3;}',29,5,'','admin/rules/rules/%/add','Add','t','',4,'','','',0,'sites/all/modules/rules/rules_admin/rules_admin.rule_forms.inc');
INSERT INTO `menu_router` VALUES ('admin/rules/rules/%/clone','a:1:{i:3;s:9:\"rule_load\";}','','user_access','a:1:{i:0;s:16:\"administer rules\";}','drupal_get_form','a:2:{i:0;s:22:\"rules_admin_form_clone\";i:1;i:3;}',29,5,'','admin/rules/rules/%/clone','Clone rule','t','',4,'','','',0,'sites/all/modules/rules/rules_admin/rules_admin.rule_forms.inc');
INSERT INTO `menu_router` VALUES ('admin/rules/rules/%/delete','a:1:{i:3;a:1:{s:15:\"rules_item_load\";a:1:{i:0;i:2;}}}','','user_access','a:1:{i:0;s:16:\"administer rules\";}','drupal_get_form','a:3:{i:0;s:28:\"rules_admin_item_form_delete\";i:1;i:2;i:2;i:3;}',29,5,'','admin/rules/rules/%/delete','Delete','t','',4,'','','',0,'sites/all/modules/rules/rules_admin/rules_admin.sets.inc');
INSERT INTO `menu_router` VALUES ('admin/rules/rules/%/delete/%','a:2:{i:3;a:1:{s:9:\"rule_load\";a:1:{i:0;i:3;}}i:5;a:1:{s:17:\"rule_element_load\";a:1:{i:0;i:3;}}}','','user_access','a:1:{i:0;s:16:\"administer rules\";}','drupal_get_form','a:3:{i:0;s:23:\"rules_admin_form_delete\";i:1;i:3;i:2;i:5;}',58,6,'','admin/rules/rules/%/delete/%','Delete','t','',4,'','','',0,'sites/all/modules/rules/rules_admin/rules_admin.rule_forms.inc');
INSERT INTO `menu_router` VALUES ('admin/rules/rules/%/edit/%','a:2:{i:3;a:1:{s:9:\"rule_load\";a:1:{i:0;i:3;}}i:5;a:1:{s:17:\"rule_element_load\";a:1:{i:0;i:3;}}}','','user_access','a:1:{i:0;s:16:\"administer rules\";}','drupal_get_form','a:3:{i:0;s:21:\"rules_admin_form_edit\";i:1;i:3;i:2;i:5;}',58,6,'','admin/rules/rules/%/edit/%','Edit','t','',4,'','','',0,'sites/all/modules/rules/rules_admin/rules_admin.rule_forms.inc');
INSERT INTO `menu_router` VALUES ('admin/rules/rules/%/revert','a:1:{i:3;a:1:{s:15:\"rules_item_load\";a:1:{i:0;i:2;}}}','','user_access','a:1:{i:0;s:16:\"administer rules\";}','drupal_get_form','a:3:{i:0;s:28:\"rules_admin_item_form_revert\";i:1;i:2;i:2;i:3;}',29,5,'','admin/rules/rules/%/revert','Revert','t','',4,'','','',0,'sites/all/modules/rules/rules_admin/rules_admin.sets.inc');
INSERT INTO `menu_router` VALUES ('admin/rules/rule_sets','','','user_access','a:1:{i:0;s:16:\"administer rules\";}','rules_admin_sets_overview','a:0:{}',7,3,'','admin/rules/rule_sets','Rule sets','t','',6,'','Create and manage rule sets.','',0,'sites/all/modules/rules/rules_admin/rules_admin.sets.inc');
INSERT INTO `menu_router` VALUES ('admin/rules/rule_sets/%','a:1:{i:3;a:1:{s:15:\"rules_item_load\";a:1:{i:0;i:2;}}}','','user_access','a:1:{i:0;s:16:\"administer rules\";}','drupal_get_form','a:2:{i:0;s:30:\"rules_admin_form_edit_rule_set\";i:1;i:3;}',14,4,'','admin/rules/rule_sets/%','','rules_admin_item_title','a:1:{i:0;i:3;}',4,'','','',0,'sites/all/modules/rules/rules_admin/rules_admin.sets.inc');
INSERT INTO `menu_router` VALUES ('admin/rules/rule_sets/%/add','a:1:{i:3;a:1:{s:15:\"rules_item_load\";a:1:{i:0;i:2;}}}','','user_access','a:1:{i:0;s:16:\"administer rules\";}','drupal_get_form','a:2:{i:0;s:25:\"rules_admin_form_add_rule\";i:1;i:3;}',29,5,'admin/rules/rule_sets/%','admin/rules/rule_sets/%','Add a new rule','t','',128,'','','',0,'sites/all/modules/rules/rules_admin/rules_admin.rule_forms.inc');
INSERT INTO `menu_router` VALUES ('admin/rules/rule_sets/%/delete','a:1:{i:3;a:1:{s:15:\"rules_item_load\";a:1:{i:0;i:2;}}}','','user_access','a:1:{i:0;s:16:\"administer rules\";}','drupal_get_form','a:3:{i:0;s:28:\"rules_admin_item_form_delete\";i:1;i:2;i:2;i:3;}',29,5,'','admin/rules/rule_sets/%/delete','Delete','t','',4,'','','',0,'sites/all/modules/rules/rules_admin/rules_admin.sets.inc');
INSERT INTO `menu_router` VALUES ('admin/rules/rule_sets/%/list','a:1:{i:3;a:1:{s:15:\"rules_item_load\";a:1:{i:0;i:2;}}}','','user_access','a:1:{i:0;s:16:\"administer rules\";}','drupal_get_form','a:2:{i:0;s:30:\"rules_admin_form_edit_rule_set\";i:1;i:3;}',29,5,'admin/rules/rule_sets/%','admin/rules/rule_sets/%','Overview','t','',136,'','','',-5,'sites/all/modules/rules/rules_admin/rules_admin.sets.inc');
INSERT INTO `menu_router` VALUES ('admin/rules/rule_sets/%/revert','a:1:{i:3;a:1:{s:15:\"rules_item_load\";a:1:{i:0;i:2;}}}','','user_access','a:1:{i:0;s:16:\"administer rules\";}','drupal_get_form','a:3:{i:0;s:28:\"rules_admin_item_form_revert\";i:1;i:2;i:2;i:3;}',29,5,'','admin/rules/rule_sets/%/revert','Revert','t','',4,'','','',0,'sites/all/modules/rules/rules_admin/rules_admin.sets.inc');
INSERT INTO `menu_router` VALUES ('admin/rules/rule_sets/add','','','user_access','a:1:{i:0;s:16:\"administer rules\";}','drupal_get_form','a:2:{i:0;s:29:\"rules_admin_form_add_rule_set\";i:1;i:2;}',15,4,'admin/rules/rule_sets','admin/rules/rule_sets','Add a new rule set','t','',128,'','','',3,'sites/all/modules/rules/rules_admin/rules_admin.sets.inc');
INSERT INTO `menu_router` VALUES ('admin/rules/rule_sets/js','','','user_access','a:1:{i:0;s:16:\"administer rules\";}','rules_admin_form_js','a:1:{i:0;s:43:\"rules_admin_form_add_rule_set_add_arguments\";}',15,4,'','admin/rules/rule_sets/js','','t','',4,'','','',0,'sites/all/modules/rules/rules_admin/rules_admin.sets.inc');
INSERT INTO `menu_router` VALUES ('admin/rules/rule_sets/list','','','user_access','a:1:{i:0;s:16:\"administer rules\";}','rules_admin_sets_overview','a:0:{}',15,4,'admin/rules/rule_sets','admin/rules/rule_sets','Overview','t','',136,'','','',-5,'sites/all/modules/rules/rules_admin/rules_admin.sets.inc');
INSERT INTO `menu_router` VALUES ('admin/rules/settings','','','user_access','a:1:{i:0;s:16:\"administer rules\";}','drupal_get_form','a:1:{i:0;s:20:\"rules_admin_settings\";}',7,3,'','admin/rules/settings','Settings','t','',6,'','Set display options, show/hide Rules messages.','',7,'sites/all/modules/rules/rules_admin/rules_admin.rule_forms.inc');
INSERT INTO `menu_router` VALUES ('admin/rules/trigger','','','user_access','a:1:{i:0;s:16:\"administer rules\";}','drupal_get_form','a:1:{i:0;s:25:\"rules_admin_form_overview\";}',7,3,'','admin/rules/trigger','Triggered rules','t','',6,'','Customize your site by configuring rules that are evaluated on events.','',-2,'sites/all/modules/rules/rules_admin/rules_admin.rule_forms.inc');
INSERT INTO `menu_router` VALUES ('admin/rules/trigger/add','','','user_access','a:1:{i:0;s:16:\"administer rules\";}','drupal_get_form','a:2:{i:0;s:25:\"rules_admin_form_add_rule\";i:1;b:0;}',15,4,'admin/rules/trigger','admin/rules/trigger','Add a new rule','t','',128,'','','',0,'sites/all/modules/rules/rules_admin/rules_admin.rule_forms.inc');
INSERT INTO `menu_router` VALUES ('admin/rules/trigger/list','','','user_access','a:1:{i:0;s:16:\"administer rules\";}','drupal_get_form','a:1:{i:0;s:25:\"rules_admin_form_overview\";}',15,4,'admin/rules/trigger','admin/rules/trigger','Overview','t','',136,'','','',-5,'sites/all/modules/rules/rules_admin/rules_admin.rule_forms.inc');
INSERT INTO `menu_router` VALUES ('admin/settings','','','user_access','a:1:{i:0;s:27:\"access administration pages\";}','system_settings_overview','a:0:{}',3,2,'','admin/settings','Site configuration','t','',6,'','Adjust basic site configuration options.','right',-5,'modules/system/system.admin.inc');
INSERT INTO `menu_router` VALUES ('admin/settings/actions','','','user_access','a:1:{i:0;s:18:\"administer actions\";}','system_actions_manage','a:0:{}',7,3,'','admin/settings/actions','Actions','t','',6,'','Manage the actions defined for your site.','',0,'');
INSERT INTO `menu_router` VALUES ('admin/settings/actions/configure','','','user_access','a:1:{i:0;s:18:\"administer actions\";}','drupal_get_form','a:1:{i:0;s:24:\"system_actions_configure\";}',15,4,'','admin/settings/actions/configure','Configure an advanced action','t','',4,'','','',0,'');
INSERT INTO `menu_router` VALUES ('admin/settings/actions/delete/%','a:1:{i:4;s:12:\"actions_load\";}','','user_access','a:1:{i:0;s:18:\"administer actions\";}','drupal_get_form','a:2:{i:0;s:26:\"system_actions_delete_form\";i:1;i:4;}',30,5,'','admin/settings/actions/delete/%','Delete action','t','',4,'','Delete an action.','',0,'');
INSERT INTO `menu_router` VALUES ('admin/settings/actions/manage','','','user_access','a:1:{i:0;s:18:\"administer actions\";}','system_actions_manage','a:0:{}',15,4,'admin/settings/actions','admin/settings/actions','Manage actions','t','',136,'','Manage the actions defined for your site.','',-2,'');
INSERT INTO `menu_router` VALUES ('admin/settings/actions/orphan','','','user_access','a:1:{i:0;s:18:\"administer actions\";}','system_actions_remove_orphans','a:0:{}',15,4,'','admin/settings/actions/orphan','Remove orphans','t','',4,'','','',0,'');
INSERT INTO `menu_router` VALUES ('admin/settings/admin','','','user_access','a:1:{i:0;s:29:\"administer site configuration\";}','drupal_get_form','a:1:{i:0;s:27:\"system_admin_theme_settings\";}',7,3,'','admin/settings/admin','Administration theme','t','',6,'system_admin_theme_settings','Settings for how your administrative pages should look.','left',0,'modules/system/system.admin.inc');
INSERT INTO `menu_router` VALUES ('admin/settings/clean-urls','','','user_access','a:1:{i:0;s:29:\"administer site configuration\";}','drupal_get_form','a:1:{i:0;s:25:\"system_clean_url_settings\";}',7,3,'','admin/settings/clean-urls','Clean URLs','t','',6,'','Enable or disable clean URLs for your site.','',0,'modules/system/system.admin.inc');
INSERT INTO `menu_router` VALUES ('admin/settings/clean-urls/check','','','1','a:0:{}','drupal_json','a:1:{i:0;a:1:{s:6:\"status\";b:1;}}',15,4,'','admin/settings/clean-urls/check','Clean URL check','t','',4,'','','',0,'');
INSERT INTO `menu_router` VALUES ('admin/settings/date-time','','','user_access','a:1:{i:0;s:29:\"administer site configuration\";}','drupal_get_form','a:1:{i:0;s:25:\"system_date_time_settings\";}',7,3,'','admin/settings/date-time','Date and time','t','',6,'','Settings for how Drupal displays date and time, as well as the system\'s default timezone.','',0,'modules/system/system.admin.inc');
INSERT INTO `menu_router` VALUES ('admin/settings/date-time/lookup','','','user_access','a:1:{i:0;s:29:\"administer site configuration\";}','system_date_time_lookup','a:0:{}',15,4,'','admin/settings/date-time/lookup','Date and time lookup','t','',4,'','','',0,'modules/system/system.admin.inc');
INSERT INTO `menu_router` VALUES ('admin/settings/email','','','user_access','a:1:{i:0;s:29:\"administer site configuration\";}','drupal_get_form','a:1:{i:0;s:20:\"email_admin_settings\";}',7,3,'','admin/settings/email','CCK Email Contact Form Settings','t','',6,'','Administer flood control settings for email contact forms','',0,'');
INSERT INTO `menu_router` VALUES ('admin/settings/error-reporting','','','user_access','a:1:{i:0;s:29:\"administer site configuration\";}','drupal_get_form','a:1:{i:0;s:31:\"system_error_reporting_settings\";}',7,3,'','admin/settings/error-reporting','Error reporting','t','',6,'','Control how Drupal deals with errors including 403/404 errors as well as PHP error reporting.','',0,'modules/system/system.admin.inc');
INSERT INTO `menu_router` VALUES ('admin/settings/file-system','','','user_access','a:1:{i:0;s:29:\"administer site configuration\";}','drupal_get_form','a:1:{i:0;s:27:\"system_file_system_settings\";}',7,3,'','admin/settings/file-system','File system','t','',6,'','Tell Drupal where to store uploaded files and how they are accessed.','',0,'modules/system/system.admin.inc');
INSERT INTO `menu_router` VALUES ('admin/settings/filters','','','user_access','a:1:{i:0;s:18:\"administer filters\";}','drupal_get_form','a:1:{i:0;s:21:\"filter_admin_overview\";}',7,3,'','admin/settings/filters','Input formats','t','',6,'','Configure how content input by users is filtered, including allowed HTML tags. Also allows enabling of module-provided filters.','',0,'modules/filter/filter.admin.inc');
INSERT INTO `menu_router` VALUES ('admin/settings/filters/%','a:1:{i:3;s:18:\"filter_format_load\";}','','user_access','a:1:{i:0;s:18:\"administer filters\";}','filter_admin_format_page','a:1:{i:0;i:3;}',14,4,'','admin/settings/filters/%','','filter_admin_format_title','a:1:{i:0;i:3;}',4,'','','',0,'modules/filter/filter.admin.inc');
INSERT INTO `menu_router` VALUES ('admin/settings/filters/%/configure','a:1:{i:3;s:18:\"filter_format_load\";}','','user_access','a:1:{i:0;s:18:\"administer filters\";}','filter_admin_configure_page','a:1:{i:0;i:3;}',29,5,'admin/settings/filters/%','admin/settings/filters/%','Configure','t','',128,'','','',1,'modules/filter/filter.admin.inc');
INSERT INTO `menu_router` VALUES ('admin/settings/filters/%/edit','a:1:{i:3;s:18:\"filter_format_load\";}','','user_access','a:1:{i:0;s:18:\"administer filters\";}','filter_admin_format_page','a:1:{i:0;i:3;}',29,5,'admin/settings/filters/%','admin/settings/filters/%','Edit','t','',136,'','','',0,'modules/filter/filter.admin.inc');
INSERT INTO `menu_router` VALUES ('admin/settings/filters/%/order','a:1:{i:3;s:18:\"filter_format_load\";}','','user_access','a:1:{i:0;s:18:\"administer filters\";}','filter_admin_order_page','a:1:{i:0;i:3;}',29,5,'admin/settings/filters/%','admin/settings/filters/%','Rearrange','t','',128,'','','',2,'modules/filter/filter.admin.inc');
INSERT INTO `menu_router` VALUES ('admin/settings/filters/add','','','user_access','a:1:{i:0;s:18:\"administer filters\";}','filter_admin_format_page','a:0:{}',15,4,'admin/settings/filters','admin/settings/filters','Add input format','t','',128,'','','',1,'modules/filter/filter.admin.inc');
INSERT INTO `menu_router` VALUES ('admin/settings/filters/defaults','','','user_access','a:1:{i:0;s:18:\"administer filters\";}','drupal_get_form','a:1:{i:0;s:34:\"better_formats_defaults_admin_form\";}',15,4,'admin/settings/filters','admin/settings/filters','Defaults','t','',128,'','Manage input formats','',2,'sites/all/modules/better_formats/better_formats_defaults.admin.inc');
INSERT INTO `menu_router` VALUES ('admin/settings/filters/delete','','','user_access','a:1:{i:0;s:18:\"administer filters\";}','drupal_get_form','a:1:{i:0;s:19:\"filter_admin_delete\";}',15,4,'','admin/settings/filters/delete','Delete input format','t','',4,'','','',0,'modules/filter/filter.admin.inc');
INSERT INTO `menu_router` VALUES ('admin/settings/filters/list','','','user_access','a:1:{i:0;s:18:\"administer filters\";}','drupal_get_form','a:1:{i:0;s:21:\"filter_admin_overview\";}',15,4,'admin/settings/filters','admin/settings/filters','List','t','',136,'','','',0,'modules/filter/filter.admin.inc');
INSERT INTO `menu_router` VALUES ('admin/settings/filters/settings','','','user_access','a:1:{i:0;s:18:\"administer filters\";}','drupal_get_form','a:1:{i:0;s:34:\"better_formats_settings_admin_form\";}',15,4,'admin/settings/filters','admin/settings/filters','Settings','t','',128,'','Manage input formats','',3,'sites/all/modules/better_formats/better_formats_settings.admin.inc');
INSERT INTO `menu_router` VALUES ('admin/settings/geonames','','','user_access','a:1:{i:0;s:29:\"administer site configuration\";}','drupal_get_form','a:1:{i:0;s:23:\"geonames_admin_settings\";}',7,3,'','admin/settings/geonames','GeoNames','t','',6,'','GeoNames Configuration.','',0,'sites/all/modules/geonames/geonames.admin.inc');
INSERT INTO `menu_router` VALUES ('admin/settings/geonames/clear_cache','','','user_access','a:1:{i:0;s:29:\"administer site configuration\";}','geonames_cache_clear','a:1:{i:0;b:1;}',15,4,'','admin/settings/geonames/clear_cache','','t','',4,'','','',0,'sites/all/modules/geonames/geonames.admin.inc');
INSERT INTO `menu_router` VALUES ('admin/settings/geonames/reset_credits','','','user_access','a:1:{i:0;s:29:\"administer site configuration\";}','geonames_credits_reset','a:1:{i:0;b:1;}',15,4,'','admin/settings/geonames/reset_credits','','t','',4,'','','',0,'sites/all/modules/geonames/geonames.admin.inc');
INSERT INTO `menu_router` VALUES ('admin/settings/gmaps','','','user_access','a:1:{i:0;s:25:\"administer gmaps settings\";}','drupal_get_form','a:1:{i:0;s:20:\"gmaps_admin_settings\";}',7,3,'','admin/settings/gmaps','Google Maps Tools','t','',6,'','Configure GMaps Core settings.','',0,'sites/all/modules/gmaps/includes/gmaps.admin.inc');
INSERT INTO `menu_router` VALUES ('admin/settings/gmaps/core','','','user_access','a:1:{i:0;s:25:\"administer gmaps settings\";}','drupal_get_form','a:1:{i:0;s:20:\"gmaps_admin_settings\";}',15,4,'admin/settings/gmaps','admin/settings/gmaps','Core settings','t','',136,'','','',-10,'sites/all/modules/gmaps/includes/gmaps.admin.inc');
INSERT INTO `menu_router` VALUES ('admin/settings/image-toolkit','','','user_access','a:1:{i:0;s:29:\"administer site configuration\";}','drupal_get_form','a:1:{i:0;s:29:\"system_image_toolkit_settings\";}',7,3,'','admin/settings/image-toolkit','Image toolkit','t','',6,'','Choose which image toolkit to use if you have installed optional toolkits.','',0,'modules/system/system.admin.inc');
INSERT INTO `menu_router` VALUES ('admin/settings/imageapi','','','user_access','a:1:{i:0;s:19:\"administer imageapi\";}','drupal_get_form','a:1:{i:0;s:17:\"imageapi_settings\";}',7,3,'','admin/settings/imageapi','ImageAPI','t','',6,'','Configure ImageAPI.','',0,'');
INSERT INTO `menu_router` VALUES ('admin/settings/imageapi/config','','','user_access','a:1:{i:0;s:19:\"administer imageapi\";}','drupal_get_form','a:1:{i:0;s:25:\"imageapi_gd_settings_form\";}',15,4,'admin/settings/imageapi','admin/settings/imageapi','Configure','t','',128,'','','',0,'');
INSERT INTO `menu_router` VALUES ('admin/settings/imageapi/config/imageapi_gd','','','user_access','a:1:{i:0;s:19:\"administer imageapi\";}','drupal_get_form','a:1:{i:0;s:25:\"imageapi_gd_settings_form\";}',31,5,'admin/settings/imageapi/config','admin/settings/imageapi','@name','t','a:1:{s:5:\"@name\";s:12:\"ImageAPI GD2\";}',136,'','','',0,'');
INSERT INTO `menu_router` VALUES ('admin/settings/imageapi/list','','','user_access','a:1:{i:0;s:19:\"administer imageapi\";}','drupal_get_form','a:1:{i:0;s:17:\"imageapi_settings\";}',15,4,'admin/settings/imageapi','admin/settings/imageapi','List','t','',136,'','','',-1,'');
INSERT INTO `menu_router` VALUES ('admin/settings/language','','','user_access','a:1:{i:0;s:20:\"administer languages\";}','locale_inc_callback','a:2:{i:0;s:15:\"drupal_get_form\";i:1;s:30:\"locale_languages_overview_form\";}',7,3,'','admin/settings/language','Languages','t','',6,'','Configure languages for content and the user interface.','',0,'');
INSERT INTO `menu_router` VALUES ('admin/settings/language/add','','','user_access','a:1:{i:0;s:20:\"administer languages\";}','locale_inc_callback','a:1:{i:0;s:27:\"locale_languages_add_screen\";}',15,4,'admin/settings/language','admin/settings/language','Add language','t','',128,'','','',5,'');
INSERT INTO `menu_router` VALUES ('admin/settings/language/configure','','','user_access','a:1:{i:0;s:20:\"administer languages\";}','locale_inc_callback','a:2:{i:0;s:15:\"drupal_get_form\";i:1;s:31:\"locale_languages_configure_form\";}',15,4,'admin/settings/language','admin/settings/language','Configure','t','',128,'','','',10,'');
INSERT INTO `menu_router` VALUES ('admin/settings/language/configure/l10n_client','','','user_access','a:1:{i:0;s:20:\"administer languages\";}','drupal_get_form','a:1:{i:0;s:25:\"l10n_client_settings_form\";}',31,5,'admin/settings/language/configure','admin/settings/language','Localization sharing','t','',128,'','','',5,'');
INSERT INTO `menu_router` VALUES ('admin/settings/language/configure/language','','','user_access','a:1:{i:0;s:20:\"administer languages\";}','locale_inc_callback','a:2:{i:0;s:15:\"drupal_get_form\";i:1;s:31:\"locale_languages_configure_form\";}',31,5,'admin/settings/language/configure','admin/settings/language','Language negotiation','t','',136,'','','',-10,'');
INSERT INTO `menu_router` VALUES ('admin/settings/language/delete/%','a:1:{i:4;N;}','','user_access','a:1:{i:0;s:20:\"administer languages\";}','locale_inc_callback','a:3:{i:0;s:15:\"drupal_get_form\";i:1;s:28:\"locale_languages_delete_form\";i:2;i:4;}',30,5,'','admin/settings/language/delete/%','Confirm','t','',4,'','','',0,'');
INSERT INTO `menu_router` VALUES ('admin/settings/language/edit/%','a:1:{i:4;N;}','','user_access','a:1:{i:0;s:20:\"administer languages\";}','locale_inc_callback','a:3:{i:0;s:15:\"drupal_get_form\";i:1;s:26:\"locale_languages_edit_form\";i:2;i:4;}',30,5,'','admin/settings/language/edit/%','Edit language','t','',4,'','','',0,'');
INSERT INTO `menu_router` VALUES ('admin/settings/language/overview','','','user_access','a:1:{i:0;s:20:\"administer languages\";}','locale_inc_callback','a:2:{i:0;s:15:\"drupal_get_form\";i:1;s:30:\"locale_languages_overview_form\";}',15,4,'admin/settings/language','admin/settings/language','List','t','',136,'','','',0,'');
INSERT INTO `menu_router` VALUES ('admin/settings/lightbox2','','','user_access','a:1:{i:0;s:20:\"administer lightbox2\";}','lightbox2_settings_page','a:0:{}',7,3,'','admin/settings/lightbox2','Lightbox2','t','',6,'','Allows the user to configure the lightbox2 settings','',0,'sites/all/modules/lightbox2/lightbox2.admin.inc');
INSERT INTO `menu_router` VALUES ('admin/settings/lightbox2/automatic','','','user_access','a:1:{i:0;s:20:\"administer lightbox2\";}','drupal_get_form','a:1:{i:0;s:43:\"lightbox2_auto_image_handling_settings_form\";}',15,4,'admin/settings/lightbox2','admin/settings/lightbox2','Automatic image handling','t','',128,'','Allows the user to configure the lightbox2 automatic image handling settings','',3,'sites/all/modules/lightbox2/lightbox2.admin.inc');
INSERT INTO `menu_router` VALUES ('admin/settings/lightbox2/general','','','user_access','a:1:{i:0;s:20:\"administer lightbox2\";}','drupal_get_form','a:1:{i:0;s:31:\"lightbox2_general_settings_form\";}',15,4,'admin/settings/lightbox2','admin/settings/lightbox2','General','t','',136,'','Allows the user to configure the lightbox2 settings','',0,'sites/all/modules/lightbox2/lightbox2.admin.inc');
INSERT INTO `menu_router` VALUES ('admin/settings/lightbox2/html_content','','','user_access','a:1:{i:0;s:20:\"administer lightbox2\";}','drupal_get_form','a:1:{i:0;s:30:\"lightbox2_iframe_settings_form\";}',15,4,'admin/settings/lightbox2','admin/settings/lightbox2','HTML Content','t','',128,'','Allows the user to configure the lightbox2 HTML content functionality.','',2,'sites/all/modules/lightbox2/lightbox2.admin.inc');
INSERT INTO `menu_router` VALUES ('admin/settings/lightbox2/slideshow','','','user_access','a:1:{i:0;s:20:\"administer lightbox2\";}','drupal_get_form','a:1:{i:0;s:33:\"lightbox2_slideshow_settings_form\";}',15,4,'admin/settings/lightbox2','admin/settings/lightbox2','Slideshow','t','',128,'','Allows the user to configure the lightbox2 slideshow functionality','',1,'sites/all/modules/lightbox2/lightbox2.admin.inc');
INSERT INTO `menu_router` VALUES ('admin/settings/logging','','','user_access','a:1:{i:0;s:29:\"administer site configuration\";}','system_logging_overview','a:0:{}',7,3,'','admin/settings/logging','Logging and alerts','t','',6,'','Settings for logging and alerts modules. Various modules can route Drupal\'s system events to different destination, such as syslog, database, email, ...etc.','',0,'modules/system/system.admin.inc');
INSERT INTO `menu_router` VALUES ('admin/settings/logging/dblog','','','user_access','a:1:{i:0;s:29:\"administer site configuration\";}','drupal_get_form','a:1:{i:0;s:20:\"dblog_admin_settings\";}',15,4,'','admin/settings/logging/dblog','Database logging','t','',6,'','Settings for logging to the Drupal database logs. This is the most common method for small to medium sites on shared hosting. The logs are viewable from the admin pages.','',0,'modules/dblog/dblog.admin.inc');
INSERT INTO `menu_router` VALUES ('admin/settings/messages','','','user_access','a:1:{i:0;s:30:\"administer privatemsg settings\";}','drupal_get_form','a:1:{i:0;s:24:\"private_message_settings\";}',7,3,'','admin/settings/messages','Private messages','t','',6,'','Configure private messaging settings.','',0,'');
INSERT INTO `menu_router` VALUES ('admin/settings/messages/default','','','user_access','a:1:{i:0;s:30:\"administer privatemsg settings\";}','drupal_get_form','a:1:{i:0;s:24:\"private_message_settings\";}',15,4,'admin/settings/messages','admin/settings/messages','Private messages','t','',136,'','Configure private messaging settings.','',-10,'');
INSERT INTO `menu_router` VALUES ('admin/settings/messages/filter','','','user_access','a:1:{i:0;s:30:\"administer privatemsg settings\";}','drupal_get_form','a:1:{i:0;s:23:\"privatemsg_filter_admin\";}',15,4,'admin/settings/messages','admin/settings/messages','Filter','t','',128,'','Configure filter settings.','',0,'');
INSERT INTO `menu_router` VALUES ('admin/settings/messages/notify','','','user_access','a:1:{i:0;s:30:\"administer privatemsg settings\";}','drupal_get_form','a:1:{i:0;s:35:\"pm_email_notify_admin_settings_form\";}',15,4,'admin/settings/messages','admin/settings/messages','E-mail notify','t','',128,'','E-mail notification settings','',10,'');
INSERT INTO `menu_router` VALUES ('admin/settings/messages/tags','','','user_access','a:1:{i:0;s:30:\"administer privatemsg settings\";}','privatemsg_tags_admin','a:0:{}',15,4,'admin/settings/messages','admin/settings/messages','Tags','t','',128,'','Configure tags.','',0,'sites/all/modules/privatemsg/privatemsg_filter/privatemsg_filter.admin.inc');
INSERT INTO `menu_router` VALUES ('admin/settings/messages/tags/add','','','user_access','a:1:{i:0;s:30:\"administer privatemsg settings\";}','drupal_get_form','a:1:{i:0;s:20:\"privatemsg_tags_form\";}',31,5,'admin/settings/messages/tags','admin/settings/messages','Add','t','',128,'','Configure tags.','',0,'sites/all/modules/privatemsg/privatemsg_filter/privatemsg_filter.admin.inc');
INSERT INTO `menu_router` VALUES ('admin/settings/messages/tags/delete/%','a:1:{i:5;N;}','','user_access','a:1:{i:0;s:30:\"administer privatemsg settings\";}','drupal_get_form','a:2:{i:0;s:29:\"privatemsg_filter_tags_delete\";i:1;i:5;}',62,6,'','admin/settings/messages/tags/delete/%','Add','t','',4,'','Configure tags.','',0,'sites/all/modules/privatemsg/privatemsg_filter/privatemsg_filter.admin.inc');
INSERT INTO `menu_router` VALUES ('admin/settings/messages/tags/edit/%','a:1:{i:5;N;}','','user_access','a:1:{i:0;s:30:\"administer privatemsg settings\";}','drupal_get_form','a:2:{i:0;s:20:\"privatemsg_tags_form\";i:1;i:5;}',62,6,'','admin/settings/messages/tags/edit/%','Add','t','',4,'','Configure tags.','',0,'sites/all/modules/privatemsg/privatemsg_filter/privatemsg_filter.admin.inc');
INSERT INTO `menu_router` VALUES ('admin/settings/messages/tags/list','','','user_access','a:1:{i:0;s:30:\"administer privatemsg settings\";}','privatemsg_tags_admin','a:0:{}',31,5,'admin/settings/messages/tags','admin/settings/messages','List','t','',136,'','Configure tags.','',-10,'sites/all/modules/privatemsg/privatemsg_filter/privatemsg_filter.admin.inc');
INSERT INTO `menu_router` VALUES ('admin/settings/module_builder','','','user_access','a:1:{i:0;s:21:\"access module builder\";}','drupal_get_form','a:1:{i:0;s:29:\"module_builder_admin_settings\";}',7,3,'','admin/settings/module_builder','Module builder','t','',6,'','Set default header and footer, api download location, defaults for detail and download and force the api to be re-downloaded.','',0,'sites/all/modules/module_builder/includes/module_builder.admin.inc');
INSERT INTO `menu_router` VALUES ('admin/settings/module_builder/settings','','','user_access','a:1:{i:0;s:21:\"access module builder\";}','drupal_get_form','a:1:{i:0;s:29:\"module_builder_admin_settings\";}',15,4,'admin/settings/module_builder','admin/settings/module_builder','Settings','t','',136,'','Set default header and footer, folder locations, and defaults for detail.','',0,'sites/all/modules/module_builder/includes/module_builder.admin.inc');
INSERT INTO `menu_router` VALUES ('admin/settings/module_builder/update','','','user_access','a:1:{i:0;s:21:\"access module builder\";}','drupal_get_form','a:1:{i:0;s:27:\"module_builder_admin_update\";}',15,4,'admin/settings/module_builder','admin/settings/module_builder','Update hooks','t','',128,'','Download hook documentation.','',0,'sites/all/modules/module_builder/includes/module_builder.admin.inc');
INSERT INTO `menu_router` VALUES ('admin/settings/oauth','','','user_access','a:1:{i:0;s:29:\"administer site configuration\";}','drupal_get_form','a:1:{i:0;s:12:\"_oauth_admin\";}',7,3,'','admin/settings/oauth','OAuth','t','',6,'','','',0,'sites/all/modules/oauth/oauth.admin.inc');
INSERT INTO `menu_router` VALUES ('admin/settings/performance','','','user_access','a:1:{i:0;s:29:\"administer site configuration\";}','drupal_get_form','a:1:{i:0;s:27:\"system_performance_settings\";}',7,3,'','admin/settings/performance','Performance','t','',6,'','Enable or disable page caching for anonymous users and set CSS and JS bandwidth optimization options.','',0,'modules/system/system.admin.inc');
INSERT INTO `menu_router` VALUES ('admin/settings/search','','','user_access','a:1:{i:0;s:17:\"administer search\";}','drupal_get_form','a:1:{i:0;s:21:\"search_admin_settings\";}',7,3,'','admin/settings/search','Search settings','t','',6,'','Configure relevance settings for search and other indexing options','',0,'modules/search/search.admin.inc');
INSERT INTO `menu_router` VALUES ('admin/settings/search/wipe','','','user_access','a:1:{i:0;s:17:\"administer search\";}','drupal_get_form','a:1:{i:0;s:19:\"search_wipe_confirm\";}',15,4,'','admin/settings/search/wipe','Clear index','t','',4,'','','',0,'modules/search/search.admin.inc');
INSERT INTO `menu_router` VALUES ('admin/settings/simplemenu','','','user_access','a:1:{i:0;s:21:\"administer simplemenu\";}','drupal_get_form','a:1:{i:0;s:25:\"simplemenu_admin_settings\";}',7,3,'','admin/settings/simplemenu','SimpleMenu','t','',6,'','Select the menu to display.','',0,'sites/all/modules/simplemenu/simplemenu.admin.inc');
INSERT INTO `menu_router` VALUES ('admin/settings/site-information','','','user_access','a:1:{i:0;s:29:\"administer site configuration\";}','drupal_get_form','a:1:{i:0;s:32:\"system_site_information_settings\";}',7,3,'','admin/settings/site-information','Site information','t','',6,'','Change basic site information, such as the site name, slogan, e-mail address, mission, front page and more.','',0,'modules/system/system.admin.inc');
INSERT INTO `menu_router` VALUES ('admin/settings/site-maintenance','','','user_access','a:1:{i:0;s:29:\"administer site configuration\";}','drupal_get_form','a:1:{i:0;s:32:\"system_site_maintenance_settings\";}',7,3,'','admin/settings/site-maintenance','Site maintenance','t','',6,'','Take the site off-line for maintenance or bring it back online.','',0,'modules/system/system.admin.inc');
INSERT INTO `menu_router` VALUES ('admin/settings/twitter','','','user_access','a:1:{i:0;s:29:\"administer site configuration\";}','drupal_get_form','a:1:{i:0;s:18:\"twitter_admin_form\";}',7,3,'','admin/settings/twitter','Twitter setup','t','',6,'','Twitter module settings','',0,'sites/all/modules/twitter/twitter.pages.inc');
INSERT INTO `menu_router` VALUES ('admin/settings/twitter/default','','','user_access','a:1:{i:0;s:29:\"administer site configuration\";}','drupal_get_form','a:1:{i:0;s:18:\"twitter_admin_form\";}',15,4,'admin/settings/twitter','admin/settings/twitter','Twitter','t','',136,'','','',0,'sites/all/modules/twitter/twitter.pages.inc');
INSERT INTO `menu_router` VALUES ('admin/settings/twitter/signin','','','user_access','a:1:{i:0;s:29:\"administer site configuration\";}','drupal_get_form','a:1:{i:0;s:29:\"twitter_signin_admin_settings\";}',15,4,'admin/settings/twitter','admin/settings/twitter','Sign-in','t','',128,'','','',5,'sites/all/modules/twitter/twitter_signin/twitter_signin.pages.inc');
INSERT INTO `menu_router` VALUES ('admin/user','','','user_access','a:1:{i:0;s:27:\"access administration pages\";}','system_admin_menu_block_page','a:0:{}',3,2,'','admin/user','User management','t','',6,'','Manage your site\'s users, groups and access to site features.','left',0,'modules/system/system.admin.inc');
INSERT INTO `menu_router` VALUES ('admin/user/permissions','','','user_access','a:1:{i:0;s:22:\"administer permissions\";}','drupal_get_form','a:1:{i:0;s:15:\"user_admin_perm\";}',7,3,'','admin/user/permissions','Permissions','t','',6,'','Determine access to features by selecting permissions for roles.','',0,'modules/user/user.admin.inc');
INSERT INTO `menu_router` VALUES ('admin/user/roles','','','user_access','a:1:{i:0;s:22:\"administer permissions\";}','drupal_get_form','a:1:{i:0;s:19:\"user_admin_new_role\";}',7,3,'','admin/user/roles','Roles','t','',6,'','List, edit, or add user roles.','',0,'modules/user/user.admin.inc');
INSERT INTO `menu_router` VALUES ('admin/user/roles/edit','','','user_access','a:1:{i:0;s:22:\"administer permissions\";}','drupal_get_form','a:1:{i:0;s:15:\"user_admin_role\";}',15,4,'','admin/user/roles/edit','Edit role','t','',4,'','','',0,'modules/user/user.admin.inc');
INSERT INTO `menu_router` VALUES ('admin/user/rules','','','user_access','a:1:{i:0;s:22:\"administer permissions\";}','user_admin_access','a:0:{}',7,3,'','admin/user/rules','Access rules','t','',6,'','List and create rules to disallow usernames, e-mail addresses, and IP addresses.','',0,'modules/user/user.admin.inc');
INSERT INTO `menu_router` VALUES ('admin/user/rules/add','','','user_access','a:1:{i:0;s:22:\"administer permissions\";}','user_admin_access_add','a:0:{}',15,4,'admin/user/rules','admin/user/rules','Add rule','t','',128,'','','',0,'modules/user/user.admin.inc');
INSERT INTO `menu_router` VALUES ('admin/user/rules/check','','','user_access','a:1:{i:0;s:22:\"administer permissions\";}','user_admin_access_check','a:0:{}',15,4,'admin/user/rules','admin/user/rules','Check rules','t','',128,'','','',0,'modules/user/user.admin.inc');
INSERT INTO `menu_router` VALUES ('admin/user/rules/delete','','','user_access','a:1:{i:0;s:22:\"administer permissions\";}','drupal_get_form','a:1:{i:0;s:32:\"user_admin_access_delete_confirm\";}',15,4,'','admin/user/rules/delete','Delete rule','t','',4,'','','',0,'modules/user/user.admin.inc');
INSERT INTO `menu_router` VALUES ('admin/user/rules/edit','','','user_access','a:1:{i:0;s:22:\"administer permissions\";}','user_admin_access_edit','a:0:{}',15,4,'','admin/user/rules/edit','Edit rule','t','',4,'','','',0,'modules/user/user.admin.inc');
INSERT INTO `menu_router` VALUES ('admin/user/rules/list','','','user_access','a:1:{i:0;s:22:\"administer permissions\";}','user_admin_access','a:0:{}',15,4,'admin/user/rules','admin/user/rules','List','t','',136,'','','',-10,'modules/user/user.admin.inc');
INSERT INTO `menu_router` VALUES ('admin/user/settings','','','user_access','a:1:{i:0;s:16:\"administer users\";}','drupal_get_form','a:1:{i:0;s:19:\"user_admin_settings\";}',7,3,'','admin/user/settings','User settings','t','',6,'','Configure default behavior of users, including registration requirements, e-mails, and user pictures.','',0,'modules/user/user.admin.inc');
INSERT INTO `menu_router` VALUES ('admin/user/user','','','user_access','a:1:{i:0;s:16:\"administer users\";}','user_admin','a:1:{i:0;s:4:\"list\";}',7,3,'','admin/user/user','Users','t','',6,'','List, add, and edit users.','',0,'modules/user/user.admin.inc');
INSERT INTO `menu_router` VALUES ('admin/user/user/create','','','user_access','a:1:{i:0;s:16:\"administer users\";}','user_admin','a:1:{i:0;s:6:\"create\";}',15,4,'admin/user/user','admin/user/user','Add user','t','',128,'','','',0,'modules/user/user.admin.inc');
INSERT INTO `menu_router` VALUES ('admin/user/user/list','','','user_access','a:1:{i:0;s:16:\"administer users\";}','user_admin','a:1:{i:0;s:4:\"list\";}',15,4,'admin/user/user','admin/user/user','List','t','',136,'','','',-10,'modules/user/user.admin.inc');
INSERT INTO `menu_router` VALUES ('admin/views/ajax/autocomplete/tag','','','user_access','a:1:{i:0;s:16:\"administer views\";}','views_ui_autocomplete_tag','a:0:{}',31,5,'','admin/views/ajax/autocomplete/tag','','t','',4,'','','',0,'sites/all/modules/views/includes/admin.inc');
INSERT INTO `menu_router` VALUES ('admin/views/ajax/autocomplete/user','','','user_access','a:1:{i:0;s:14:\"access content\";}','views_ajax_autocomplete_user','a:0:{}',31,5,'','admin/views/ajax/autocomplete/user','','t','',4,'','','',0,'sites/all/modules/views/includes/ajax.inc');
INSERT INTO `menu_router` VALUES ('batch','','','1','a:0:{}','system_batch_page','a:0:{}',1,1,'','batch','','t','',4,'','','',0,'modules/system/system.admin.inc');
INSERT INTO `menu_router` VALUES ('bookmarks','','','views_access','a:1:{i:0;a:2:{i:0;s:17:\"views_check_roles\";i:1;a:1:{i:0;a:1:{i:2;s:1:\"2\";}}}}','views_page','a:2:{i:0;s:14:\"flag_bookmarks\";i:1;s:4:\"page\";}',1,1,'','bookmarks','My bookmarks','t','',6,'','','',0,'');
INSERT INTO `menu_router` VALUES ('comment/delete','','','user_access','a:1:{i:0;s:19:\"administer comments\";}','comment_delete','a:0:{}',3,2,'','comment/delete','Delete comment','t','',4,'','','',0,'modules/comment/comment.admin.inc');
INSERT INTO `menu_router` VALUES ('comment/edit','','','user_access','a:1:{i:0;s:13:\"post comments\";}','comment_edit','a:0:{}',3,2,'','comment/edit','Edit comment','t','',4,'','','',0,'modules/comment/comment.pages.inc');
INSERT INTO `menu_router` VALUES ('comment/reply/%','a:1:{i:2;s:9:\"node_load\";}','','node_access','a:2:{i:0;s:4:\"view\";i:1;i:2;}','comment_reply','a:1:{i:0;i:2;}',6,3,'','comment/reply/%','Reply to comment','t','',4,'','','',0,'modules/comment/comment.pages.inc');
INSERT INTO `menu_router` VALUES ('contact/lightbox2','','','user_access','a:1:{i:0;s:29:\"access site-wide contact form\";}','lightbox2_contact','a:0:{}',3,2,'','contact/lightbox2','Contact','t','',4,'','','',0,'');
INSERT INTO `menu_router` VALUES ('content/js_add_more','','','user_access','a:1:{i:0;s:14:\"access content\";}','content_add_more_js','a:0:{}',3,2,'','content/js_add_more','','t','',4,'','','',0,'sites/all/modules/cck/includes/content.node_form.inc');
INSERT INTO `menu_router` VALUES ('ctools/autocomplete/node','','','user_access','a:1:{i:0;s:14:\"access content\";}','ctools_content_autocomplete_node','a:0:{}',7,3,'','ctools/autocomplete/node','','t','',4,'','','',0,'sites/all/modules/ctools/includes/content.menu.inc');
INSERT INTO `menu_router` VALUES ('ctools/context/ajax/access/add','','','user_access','a:1:{i:0;s:14:\"access content\";}','ctools_access_ajax_add','a:0:{}',31,5,'','ctools/context/ajax/access/add','','t','',4,'','','',0,'sites/all/modules/ctools/includes/context-access-admin.inc');
INSERT INTO `menu_router` VALUES ('ctools/context/ajax/access/configure','','','user_access','a:1:{i:0;s:14:\"access content\";}','ctools_access_ajax_edit','a:0:{}',31,5,'','ctools/context/ajax/access/configure','','t','',4,'','','',0,'sites/all/modules/ctools/includes/context-access-admin.inc');
INSERT INTO `menu_router` VALUES ('ctools/context/ajax/access/delete','','','user_access','a:1:{i:0;s:14:\"access content\";}','ctools_access_ajax_delete','a:0:{}',31,5,'','ctools/context/ajax/access/delete','','t','',4,'','','',0,'sites/all/modules/ctools/includes/context-access-admin.inc');
INSERT INTO `menu_router` VALUES ('ctools/context/ajax/add','','','user_access','a:1:{i:0;s:14:\"access content\";}','ctools_context_ajax_item_add','a:0:{}',15,4,'','ctools/context/ajax/add','','t','',4,'','','',0,'sites/all/modules/ctools/includes/context-admin.inc');
INSERT INTO `menu_router` VALUES ('ctools/context/ajax/configure','','','user_access','a:1:{i:0;s:14:\"access content\";}','ctools_context_ajax_item_edit','a:0:{}',15,4,'','ctools/context/ajax/configure','','t','',4,'','','',0,'sites/all/modules/ctools/includes/context-admin.inc');
INSERT INTO `menu_router` VALUES ('ctools/context/ajax/delete','','','user_access','a:1:{i:0;s:14:\"access content\";}','ctools_context_ajax_item_delete','a:0:{}',15,4,'','ctools/context/ajax/delete','','t','',4,'','','',0,'sites/all/modules/ctools/includes/context-admin.inc');
INSERT INTO `menu_router` VALUES ('email/%/%','a:2:{i:1;N;i:2;N;}','','user_access','a:1:{i:0;s:14:\"access content\";}','email_mail_page','a:2:{i:0;i:1;i:1;i:2;}',4,3,'','email/%/%','Email Contact Form','t','',4,'','','',0,'');
INSERT INTO `menu_router` VALUES ('filefield/ahah/%/%/%','a:3:{i:2;N;i:3;N;i:4;N;}','','filefield_edit_access','a:2:{i:0;i:2;i:1;i:3;}','filefield_js','a:3:{i:0;i:2;i:1;i:3;i:2;i:4;}',24,5,'','filefield/ahah/%/%/%','','t','',4,'','','',0,'');
INSERT INTO `menu_router` VALUES ('filefield/progress','','','user_access','a:1:{i:0;s:14:\"access content\";}','filefield_progress','a:0:{}',3,2,'','filefield/progress','','t','',4,'','','',0,'');
INSERT INTO `menu_router` VALUES ('filter/tips','','','1','a:0:{}','filter_tips_long','a:0:{}',3,2,'','filter/tips','Compose tips','t','',20,'','','',0,'modules/filter/filter.pages.inc');
INSERT INTO `menu_router` VALUES ('flag','','','user_access','a:1:{i:0;s:14:\"access content\";}','flag_page','a:0:{}',1,1,'','flag','Flag','t','',4,'','','',0,'');
INSERT INTO `menu_router` VALUES ('flag/confirm','','','user_access','a:1:{i:0;s:14:\"access content\";}','drupal_get_form','a:1:{i:0;s:12:\"flag_confirm\";}',3,2,'','flag/confirm','Flag confirm','t','',4,'','','',0,'');
INSERT INTO `menu_router` VALUES ('geonames/autocomplete','','','user_access','a:1:{i:0;s:14:\"access content\";}','geonames_tools_search_autocomplete','a:0:{}',3,2,'','geonames/autocomplete','Autocomplete Geonames Search','t','',4,'','','',0,'');
INSERT INTO `menu_router` VALUES ('geonames/docs','','','user_access','a:1:{i:0;s:13:\"geonames docs\";}','geonames_docs','a:0:{}',3,2,'','geonames/docs','Geonames Docs','t','',6,'','','',0,'sites/all/modules/geonames/geonames.doc.inc');
INSERT INTO `menu_router` VALUES ('geotest','','','user_access','a:1:{i:0;s:14:\"access content\";}','geotest_page','a:0:{}',1,1,'','geotest','GeoTest Page','t','',6,'','','',0,'');
INSERT INTO `menu_router` VALUES ('geotest/autocomplete','','','user_access','a:1:{i:0;s:14:\"access content\";}','geotest_autocomplete','a:0:{}',3,2,'','geotest/autocomplete','','t','',4,'','','',0,'');
INSERT INTO `menu_router` VALUES ('gmaps/element-help-js','','','user_access','a:1:{i:0;s:14:\"access content\";}','_gmaps_element_help_page','a:1:{i:0;i:2;}',3,2,'','gmaps/element-help-js','Javascript Choice Form','t','',4,'','','',0,'sites/all/modules/gmaps/includes/gmaps.advanced-help.inc');
INSERT INTO `menu_router` VALUES ('gmaps/geocode','','','user_access','a:1:{i:0;s:23:\"access geocoder service\";}','gmaps_geocode','a:1:{i:0;i:2;}',3,2,'','gmaps/geocode','Geocoder callback','t','',4,'','','',0,'sites/all/modules/gmaps/includes/gmaps.geocode.inc');
INSERT INTO `menu_router` VALUES ('gmaps/length-converter-js','','','user_access','a:1:{i:0;s:14:\"access content\";}','gmaps_length_converter_block_js','a:0:{}',3,2,'','gmaps/length-converter-js','Javascript Choice Form','t','',4,'','','',0,'sites/all/modules/gmaps/includes/gmaps.pages.inc');
INSERT INTO `menu_router` VALUES ('guides','','','views_access','a:1:{i:0;b:1;}','views_page','a:2:{i:0;s:6:\"guides\";i:1;s:6:\"page_1\";}',1,1,'','guides','','t','',4,'','','',0,'');
INSERT INTO `menu_router` VALUES ('guides/redirect','','','user_access','a:1:{i:0;s:22:\"edit own guide content\";}','guides_helpers_redirect','a:0:{}',3,2,'','guides/redirect','','t','',4,'','','',0,'');
INSERT INTO `menu_router` VALUES ('l10n_client/save','','','l10n_client_access','a:0:{}','l10n_client_save_string','a:0:{}',3,2,'','l10n_client/save','Save string','t','',4,'','','',0,'');
INSERT INTO `menu_router` VALUES ('length-converter','','','user_access','a:1:{i:0;s:14:\"access content\";}','gmaps_length_converter_page','a:0:{}',1,1,'','length-converter','Length converter','t','',20,'','Convert length values from a unit to all known units.','',0,'sites/all/modules/gmaps/includes/gmaps.pages.inc');
INSERT INTO `menu_router` VALUES ('locale','','','l10n_client_access','a:0:{}','l10n_client_translate_page','a:0:{}',1,1,'','locale','Translate strings','t','',6,'','','',0,'');
INSERT INTO `menu_router` VALUES ('locale/translated','','','l10n_client_access','a:0:{}','l10n_client_translate_page','a:1:{i:0;s:10:\"translated\";}',3,2,'locale','locale','Translated','t','',128,'','','',10,'');
INSERT INTO `menu_router` VALUES ('locale/untranslated','','','l10n_client_access','a:0:{}','l10n_client_translate_page','a:1:{i:0;s:12:\"untranslated\";}',3,2,'locale','locale','Untranslated','t','',136,'','','',-10,'');
INSERT INTO `menu_router` VALUES ('logout','','','user_is_logged_in','a:0:{}','user_logout','a:0:{}',1,1,'','logout','Log out','t','',6,'','','',10,'modules/user/user.pages.inc');
INSERT INTO `menu_router` VALUES ('messages','','','privatemsg_user_access','a:0:{}','drupal_get_form','a:2:{i:0;s:15:\"privatemsg_list\";i:1;s:5:\"inbox\";}',1,1,'','messages','Messages','privatemsg_title_callback','',6,'','','',0,'');
INSERT INTO `menu_router` VALUES ('messages/delete/%/%','a:2:{i:2;s:22:\"privatemsg_thread_load\";i:3;s:23:\"privatemsg_message_load\";}','','privatemsg_user_access','a:1:{i:0;s:17:\"delete privatemsg\";}','drupal_get_form','a:3:{i:0;s:17:\"privatemsg_delete\";i:1;i:2;i:2;i:3;}',12,4,'','messages/delete/%/%','Delete message','t','',4,'','','',0,'');
INSERT INTO `menu_router` VALUES ('messages/filter/tag-autocomplete','','','privatemsg_user_access','a:1:{i:0;s:20:\"tag private messages\";}','privatemsg_filter_tags_autocomplete','a:0:{}',7,3,'','messages/filter/tag-autocomplete','','t','',4,'','','',-10,'');
INSERT INTO `menu_router` VALUES ('messages/filter/user-name-autocomplete','','','privatemsg_user_access','a:1:{i:0;s:16:\"write privatemsg\";}','privatemsg_user_name_autocomplete','a:0:{}',7,3,'','messages/filter/user-name-autocomplete','','t','',4,'','','',0,'');
INSERT INTO `menu_router` VALUES ('messages/inbox','','','privatemsg_user_access','a:0:{}','drupal_get_form','a:2:{i:0;s:15:\"privatemsg_list\";i:1;s:5:\"inbox\";}',3,2,'messages','messages','Inbox','t','',136,'','','',-15,'');
INSERT INTO `menu_router` VALUES ('messages/list','','','privatemsg_user_access','a:0:{}','drupal_get_form','a:2:{i:0;s:15:\"privatemsg_list\";i:1;s:4:\"list\";}',3,2,'messages','messages','All messages','t','',128,'','','',-10,'');
INSERT INTO `menu_router` VALUES ('messages/new','','','privatemsg_user_access','a:1:{i:0;s:16:\"write privatemsg\";}','drupal_get_form','a:4:{i:0;s:14:\"privatemsg_new\";i:1;i:2;i:2;i:3;i:3;N;}',3,2,'messages','messages','Write new message','t','',128,'','','',-3,'');
INSERT INTO `menu_router` VALUES ('messages/sent','','','privatemsg_user_access','a:0:{}','drupal_get_form','a:2:{i:0;s:15:\"privatemsg_list\";i:1;s:4:\"sent\";}',3,2,'messages','messages','Sent messages','t','',128,'','','',-12,'');
INSERT INTO `menu_router` VALUES ('messages/undo/action','','','user_access','a:1:{i:0;s:15:\"read privatemsg\";}','privatemsg_undo_action','a:0:{}',7,3,'','messages/undo/action','Private messages','t','',4,'','Undo last thread action','',0,'');
INSERT INTO `menu_router` VALUES ('messages/user-name-autocomplete','','','privatemsg_user_access','a:1:{i:0;s:16:\"write privatemsg\";}','privatemsg_user_name_autocomplete','a:0:{}',3,2,'','messages/user-name-autocomplete','','t','',4,'','','',-10,'');
INSERT INTO `menu_router` VALUES ('messages/view/%','a:1:{i:2;s:22:\"privatemsg_thread_load\";}','','privatemsg_view_access','a:0:{}','privatemsg_view','a:1:{i:0;i:2;}',6,3,'messages','messages','Read message','t','',128,'','','',-5,'');
INSERT INTO `menu_router` VALUES ('module_builder','','','user_access','a:1:{i:0;s:21:\"access module builder\";}','drupal_get_form','a:1:{i:0;s:19:\"module_builder_page\";}',1,1,'','module_builder','Module builder','t','',6,'','Builds scaffolding for custom modules.','',0,'sites/all/modules/module_builder/includes/module_builder.pages.inc');
INSERT INTO `menu_router` VALUES ('news','','','views_access','a:1:{i:0;b:1;}','views_page','a:2:{i:0;s:4:\"news\";i:1;s:6:\"page_1\";}',1,1,'','news','Новости','t','',6,'','','',0,'');
INSERT INTO `menu_router` VALUES ('node','','','user_access','a:1:{i:0;s:14:\"access content\";}','node_page_default','a:0:{}',1,1,'','node','Content','t','',4,'','','',0,'');
INSERT INTO `menu_router` VALUES ('node/%','a:1:{i:1;s:9:\"node_load\";}','','node_access','a:2:{i:0;s:4:\"view\";i:1;i:1;}','node_page_view','a:1:{i:0;i:1;}',2,2,'','node/%','','node_page_title','a:1:{i:0;i:1;}',4,'','','',0,'');
INSERT INTO `menu_router` VALUES ('node/%/delete','a:1:{i:1;s:9:\"node_load\";}','','node_access','a:2:{i:0;s:6:\"delete\";i:1;i:1;}','drupal_get_form','a:2:{i:0;s:19:\"node_delete_confirm\";i:1;i:1;}',5,3,'','node/%/delete','Delete','t','',4,'','','',1,'modules/node/node.pages.inc');
INSERT INTO `menu_router` VALUES ('node/%/edit','a:1:{i:1;s:9:\"node_load\";}','','node_access','a:2:{i:0;s:6:\"update\";i:1;i:1;}','node_page_edit','a:1:{i:0;i:1;}',5,3,'node/%','node/%','Edit','t','',128,'','','',1,'modules/node/node.pages.inc');
INSERT INTO `menu_router` VALUES ('node/%/panel_content','a:1:{i:1;s:9:\"node_load\";}','','panels_node_edit_node','a:1:{i:0;i:1;}','panels_node_edit_content','a:1:{i:0;i:1;}',5,3,'node/%','node/%','Panel content','t','',128,'','','',3,'');
INSERT INTO `menu_router` VALUES ('node/%/panel_layout','a:1:{i:1;s:9:\"node_load\";}','','panels_node_edit_node','a:1:{i:0;i:1;}','panels_node_edit_layout','a:1:{i:0;i:1;}',5,3,'node/%','node/%','Panel layout','t','',128,'','','',2,'');
INSERT INTO `menu_router` VALUES ('node/%/revisions','a:1:{i:1;s:9:\"node_load\";}','','diff_node_revision_access','a:1:{i:0;i:1;}','diff_diffs_overview','a:1:{i:0;i:1;}',5,3,'node/%','node/%','Revisions','t','',128,'','','',2,'sites/all/modules/diff/diff.pages.inc');
INSERT INTO `menu_router` VALUES ('node/%/revisions/%/delete','a:2:{i:1;a:1:{s:9:\"node_load\";a:1:{i:0;i:3;}}i:3;N;}','','diff_node_revision_access','a:2:{i:0;i:1;i:1;s:6:\"delete\";}','drupal_get_form','a:2:{i:0;s:28:\"node_revision_delete_confirm\";i:1;i:1;}',21,5,'','node/%/revisions/%/delete','Delete earlier revision','t','',4,'','','',0,'modules/node/node.pages.inc');
INSERT INTO `menu_router` VALUES ('node/%/revisions/%/revert','a:2:{i:1;a:1:{s:9:\"node_load\";a:1:{i:0;i:3;}}i:3;N;}','','diff_node_revision_access','a:2:{i:0;i:1;i:1;s:6:\"update\";}','drupal_get_form','a:2:{i:0;s:28:\"node_revision_revert_confirm\";i:1;i:1;}',21,5,'','node/%/revisions/%/revert','Revert to earlier revision','t','',4,'','','',0,'modules/node/node.pages.inc');
INSERT INTO `menu_router` VALUES ('node/%/revisions/%/view','a:2:{i:1;a:1:{s:9:\"node_load\";a:1:{i:0;i:3;}}i:3;N;}','','diff_node_revision_access','a:1:{i:0;i:1;}','node_show','a:3:{i:0;i:1;i:1;N;i:2;b:1;}',21,5,'','node/%/revisions/%/view','Revisions','t','',4,'','','',0,'');
INSERT INTO `menu_router` VALUES ('node/%/revisions/diff-inline','a:1:{i:1;s:9:\"node_load\";}','','diff_node_revision_access','a:1:{i:0;i:1;}','diff_inline_ahah','a:1:{i:0;i:1;}',11,4,'','node/%/revisions/diff-inline','','t','',4,'','','',0,'sites/all/modules/diff/diff.pages.inc');
INSERT INTO `menu_router` VALUES ('node/%/revisions/list','a:1:{i:1;s:9:\"node_load\";}','','diff_node_revision_access','a:1:{i:0;i:1;}','diff_diffs_overview','a:0:{}',11,4,'node/%/revisions','node/%','List revisions','t','',136,'','','',0,'sites/all/modules/diff/diff.pages.inc');
INSERT INTO `menu_router` VALUES ('node/%/revisions/view/%/%','a:3:{i:1;s:9:\"node_load\";i:4;N;i:5;N;}','','diff_node_revision_access','a:1:{i:0;i:1;}','diff_diffs_show','a:3:{i:0;i:1;i:1;i:4;i:2;i:5;}',44,6,'node/%/revisions/list','node/%','Diff','t','',128,'','','',0,'sites/all/modules/diff/diff.pages.inc');
INSERT INTO `menu_router` VALUES ('node/%/revisions/view/latest','a:1:{i:1;s:9:\"node_load\";}','','diff_node_revision_access','a:1:{i:0;i:1;}','diff_latest','a:1:{i:0;i:1;}',23,5,'node/%/revisions/view','node/%','Show latest diff','t','',128,'','','',0,'sites/all/modules/diff/diff.pages.inc');
INSERT INTO `menu_router` VALUES ('node/%/view','a:1:{i:1;s:9:\"node_load\";}','','node_access','a:2:{i:0;s:4:\"view\";i:1;i:1;}','node_page_view','a:1:{i:0;i:1;}',5,3,'node/%','node/%','View','t','',136,'','','',-10,'');
INSERT INTO `menu_router` VALUES ('node/add','','','_node_add_access','a:0:{}','node_add_page','a:0:{}',3,2,'','node/add','Create content','t','',6,'','','',1,'modules/node/node.pages.inc');
INSERT INTO `menu_router` VALUES ('node/add/guide','','','node_access','a:2:{i:0;s:6:\"create\";i:1;s:5:\"guide\";}','node_add','a:1:{i:0;i:2;}',7,3,'','node/add/guide','Карточка гида','check_plain','',6,'','','',0,'modules/node/node.pages.inc');
INSERT INTO `menu_router` VALUES ('node/add/news','','','node_access','a:2:{i:0;s:6:\"create\";i:1;s:4:\"news\";}','node_add','a:1:{i:0;i:2;}',7,3,'','node/add/news','Новость','check_plain','',6,'','','',0,'modules/node/node.pages.inc');
INSERT INTO `menu_router` VALUES ('node/add/page','','','node_access','a:2:{i:0;s:6:\"create\";i:1;s:4:\"page\";}','node_add','a:1:{i:0;i:2;}',7,3,'','node/add/page','Page','check_plain','',6,'','A <em>page</em>, similar in form to a <em>story</em>, is a simple method for creating and displaying information that rarely changes, such as an \"About us\" section of a website. By default, a <em>page</em> entry does not allow visitor comments and is not featured on the site\'s initial home page.','',0,'modules/node/node.pages.inc');
INSERT INTO `menu_router` VALUES ('node/add/panel','','','node_access','a:2:{i:0;s:6:\"create\";i:1;s:5:\"panel\";}','node_add','a:1:{i:0;i:2;}',7,3,'','node/add/panel','Panel','check_plain','',6,'','A panel layout broken up into rows and columns.','',0,'modules/node/node.pages.inc');
INSERT INTO `menu_router` VALUES ('node/add/panel/choose-layout','','','user_access','a:1:{i:0;s:18:\"create panel-nodes\";}','panels_node_add','a:0:{}',15,4,'','node/add/panel/choose-layout','Choose layout','t','',4,'','','',0,'');
INSERT INTO `menu_router` VALUES ('node/add/profile','','','node_access','a:2:{i:0;s:6:\"create\";i:1;s:7:\"profile\";}','node_add','a:1:{i:0;i:2;}',7,3,'','node/add/profile','Profile','check_plain','',6,'','A user profile built as content.','',0,'modules/node/node.pages.inc');
INSERT INTO `menu_router` VALUES ('node/add/story','','','node_access','a:2:{i:0;s:6:\"create\";i:1;s:5:\"story\";}','node_add','a:1:{i:0;i:2;}',7,3,'','node/add/story','Story','check_plain','',6,'','A <em>story</em>, similar in form to a <em>page</em>, is ideal for creating and displaying content that informs or engages website visitors. Press releases, site announcements, and informal blog-like entries may all be created with a <em>story</em> entry. By default, a <em>story</em> entry is automatically featured on the site\'s initial home page, and provides the ability to post comments.','',0,'modules/node/node.pages.inc');
INSERT INTO `menu_router` VALUES ('node/add/testimonial','','','node_access','a:2:{i:0;s:6:\"create\";i:1;s:11:\"testimonial\";}','node_add','a:1:{i:0;i:2;}',7,3,'','node/add/testimonial','Отзыв','check_plain','',6,'','','',0,'modules/node/node.pages.inc');
INSERT INTO `menu_router` VALUES ('nodereference/autocomplete','','','nodereference_autocomplete_access','a:1:{i:0;i:2;}','nodereference_autocomplete','a:0:{}',3,2,'','nodereference/autocomplete','Nodereference autocomplete','t','',4,'','','',0,'');
INSERT INTO `menu_router` VALUES ('openid/authenticate','','','user_is_anonymous','a:0:{}','openid_authentication_page','a:0:{}',3,2,'','openid/authenticate','OpenID Login','t','',4,'','','',0,'modules/openid/openid.pages.inc');
INSERT INTO `menu_router` VALUES ('panels/ajax','','','user_access','a:1:{i:0;s:14:\"access content\";}','panels_ajax_router','a:0:{}',3,2,'','panels/ajax','','t','',4,'','','',0,'');
INSERT INTO `menu_router` VALUES ('rss.xml','','','user_access','a:1:{i:0;s:14:\"access content\";}','node_feed','a:0:{}',1,1,'','rss.xml','RSS feed','t','',4,'','','',0,'');
INSERT INTO `menu_router` VALUES ('search','','','user_access','a:1:{i:0;s:14:\"search content\";}','search_view','a:0:{}',1,1,'','search','Search','t','',20,'','','',0,'modules/search/search.pages.inc');
INSERT INTO `menu_router` VALUES ('search/node/%','a:1:{i:2;N;}','a:1:{i:2;s:16:\"menu_tail_to_arg\";}','_search_menu','a:1:{i:0;s:4:\"node\";}','search_view','a:1:{i:0;s:4:\"node\";}',6,3,'search','search','','module_invoke','a:4:{i:0;s:4:\"node\";i:1;s:6:\"search\";i:2;s:4:\"name\";i:3;b:1;}',128,'','','',0,'modules/search/search.pages.inc');
INSERT INTO `menu_router` VALUES ('search/user/%','a:1:{i:2;N;}','a:1:{i:2;s:16:\"menu_tail_to_arg\";}','_search_menu','a:1:{i:0;s:4:\"user\";}','search_view','a:1:{i:0;s:4:\"user\";}',6,3,'search','search','','module_invoke','a:4:{i:0;s:4:\"user\";i:1;s:6:\"search\";i:2;s:4:\"name\";i:3;b:1;}',128,'','','',0,'modules/search/search.pages.inc');
INSERT INTO `menu_router` VALUES ('sites/default/files/imagecache','','','1','a:0:{}','imagecache_cache','a:0:{}',15,4,'','sites/default/files/imagecache','','t','',4,'','','',0,'');
INSERT INTO `menu_router` VALUES ('system/files','','','1','a:0:{}','file_download','a:0:{}',3,2,'','system/files','File download','t','',4,'','','',0,'');
INSERT INTO `menu_router` VALUES ('system/files/imagecache','','','1','a:0:{}','imagecache_cache_private','a:0:{}',7,3,'','system/files/imagecache','','t','',4,'','','',0,'');
INSERT INTO `menu_router` VALUES ('system/lightbox2/filter-xss','','','1','a:0:{}','lightbox2_filter_xss','a:0:{}',7,3,'','system/lightbox2/filter-xss','Filter XSS','t','',4,'','','',0,'');
INSERT INTO `menu_router` VALUES ('taxonomy/autocomplete','','','user_access','a:1:{i:0;s:14:\"access content\";}','taxonomy_autocomplete','a:0:{}',3,2,'','taxonomy/autocomplete','Autocomplete taxonomy','t','',4,'','','',0,'modules/taxonomy/taxonomy.pages.inc');
INSERT INTO `menu_router` VALUES ('taxonomy/term/%','a:1:{i:2;N;}','','user_access','a:1:{i:0;s:14:\"access content\";}','taxonomy_term_page','a:1:{i:0;i:2;}',6,3,'','taxonomy/term/%','Taxonomy term','t','',4,'','','',0,'modules/taxonomy/taxonomy.pages.inc');
INSERT INTO `menu_router` VALUES ('testimonials/guide','','','views_access','a:1:{i:0;b:1;}','views_page','a:2:{i:0;s:12:\"testimonials\";i:1;s:6:\"page_1\";}',3,2,'','testimonials/guide','','t','',4,'','','',0,'');
INSERT INTO `menu_router` VALUES ('twitter/oauth','','','1','a:0:{}','drupal_get_form','a:1:{i:0;s:22:\"twitter_oauth_callback\";}',3,2,'','twitter/oauth','Twitter','t','',4,'','','',0,'sites/all/modules/twitter/twitter.pages.inc');
INSERT INTO `menu_router` VALUES ('twitter/redirect','','','1','a:0:{}','twitter_signin_redirect','a:0:{}',3,2,'','twitter/redirect','Twitter Redirect','t','',4,'','','',0,'');
INSERT INTO `menu_router` VALUES ('user','','','1','a:0:{}','user_page','a:0:{}',1,1,'','user','User account','t','',4,'','','',0,'modules/user/user.pages.inc');
INSERT INTO `menu_router` VALUES ('user/%','a:1:{i:1;s:22:\"user_uid_optional_load\";}','a:1:{i:1;s:24:\"user_uid_optional_to_arg\";}','user_view_access','a:1:{i:0;i:1;}','user_view','a:1:{i:0;i:1;}',2,2,'','user/%','My account','user_page_title','a:1:{i:0;i:1;}',6,'','','',0,'modules/user/user.pages.inc');
INSERT INTO `menu_router` VALUES ('user/%/bookmarks','a:1:{i:1;a:1:{s:14:\"views_arg_load\";a:3:{i:0;s:18:\"flag_bookmarks_tab\";i:1;s:4:\"page\";i:2;s:6:\"%index\";}}}','','views_access','a:1:{i:0;a:2:{i:0;s:17:\"views_check_roles\";i:1;a:1:{i:0;a:1:{i:2;s:1:\"2\";}}}}','views_page','a:3:{i:0;s:18:\"flag_bookmarks_tab\";i:1;s:4:\"page\";i:2;i:1;}',5,3,'user/%','user/%','Bookmarks','t','',128,'','','',0,'');
INSERT INTO `menu_router` VALUES ('user/%/delete','a:1:{i:1;s:9:\"user_load\";}','','user_access','a:1:{i:0;s:16:\"administer users\";}','drupal_get_form','a:2:{i:0;s:19:\"user_confirm_delete\";i:1;i:1;}',5,3,'','user/%/delete','Delete','t','',4,'','','',0,'modules/user/user.pages.inc');
INSERT INTO `menu_router` VALUES ('user/%/edit','a:1:{i:1;a:1:{s:18:\"user_category_load\";a:2:{i:0;s:4:\"%map\";i:1;s:6:\"%index\";}}}','','user_edit_access','a:1:{i:0;i:1;}','user_edit','a:1:{i:0;i:1;}',5,3,'user/%','user/%','Edit','t','',128,'','','',0,'modules/user/user.pages.inc');
INSERT INTO `menu_router` VALUES ('user/%/edit/account','a:1:{i:1;a:1:{s:18:\"user_category_load\";a:2:{i:0;s:4:\"%map\";i:1;s:6:\"%index\";}}}','','user_edit_access','a:1:{i:0;i:1;}','user_edit','a:1:{i:0;i:1;}',11,4,'user/%/edit','user/%','Account','t','',136,'','','',0,'modules/user/user.pages.inc');
INSERT INTO `menu_router` VALUES ('user/%/edit/twitter','a:1:{i:1;a:1:{s:18:\"user_category_load\";a:2:{i:0;s:4:\"%map\";i:1;s:6:\"%index\";}}}','','user_access','a:1:{i:0;s:20:\"add twitter accounts\";}','twitter_user_settings','a:1:{i:0;i:1;}',11,4,'user/%/edit','user/%','Twitter accounts','t','',128,'','','',10,'sites/all/modules/twitter/twitter.pages.inc');
INSERT INTO `menu_router` VALUES ('user/%/edit/twitter/global/%','a:2:{i:1;s:9:\"user_load\";i:5;N;}','','user_access','a:1:{i:0;s:28:\"make twitter accounts global\";}','drupal_get_form','a:3:{i:0;s:24:\"twitter_user_make_global\";i:1;i:1;i:2;i:5;}',46,6,'','user/%/edit/twitter/global/%','Twitter accounts','t','',4,'','','',0,'sites/all/modules/twitter/twitter.pages.inc');
INSERT INTO `menu_router` VALUES ('user/%/messages','a:1:{i:1;N;}','','privatemsg_user_access','a:1:{i:0;s:25:\"read all private messages\";}','drupal_get_form','a:3:{i:0;s:15:\"privatemsg_list\";i:1;s:4:\"list\";i:2;i:1;}',5,3,'user/%','user/%','Messages','t','',128,'','','',0,'');
INSERT INTO `menu_router` VALUES ('user/%/openid','a:1:{i:1;s:9:\"user_load\";}','','user_edit_access','a:1:{i:0;i:1;}','openid_user_identities','a:1:{i:0;i:1;}',5,3,'user/%','user/%','OpenID identities','t','',128,'','','',0,'modules/openid/openid.pages.inc');
INSERT INTO `menu_router` VALUES ('user/%/openid/delete','a:1:{i:1;s:9:\"user_load\";}','','user_edit_access','a:1:{i:0;i:1;}','drupal_get_form','a:2:{i:0;s:23:\"openid_user_delete_form\";i:1;i:1;}',11,4,'','user/%/openid/delete','Delete OpenID','t','',4,'','','',0,'modules/openid/openid.pages.inc');
INSERT INTO `menu_router` VALUES ('user/%/tweets','a:1:{i:1;a:1:{s:14:\"views_arg_load\";a:3:{i:0;s:6:\"tweets\";i:1;s:4:\"page\";i:2;s:6:\"%index\";}}}','','views_access','a:1:{i:0;b:1;}','views_page','a:3:{i:0;s:6:\"tweets\";i:1;s:4:\"page\";i:2;i:1;}',5,3,'user/%','user/%','Twitter','t','',128,'','','',1,'');
INSERT INTO `menu_router` VALUES ('user/%/view','a:1:{i:1;s:9:\"user_load\";}','','user_view_access','a:1:{i:0;i:1;}','user_view','a:1:{i:0;i:1;}',5,3,'user/%','user/%','View','t','',136,'','','',-10,'modules/user/user.pages.inc');
INSERT INTO `menu_router` VALUES ('user/autocomplete','','','user_access','a:1:{i:0;s:20:\"access user profiles\";}','user_autocomplete','a:0:{}',3,2,'','user/autocomplete','User autocomplete','t','',4,'','','',0,'modules/user/user.pages.inc');
INSERT INTO `menu_router` VALUES ('user/login','','','user_is_anonymous','a:0:{}','user_page','a:0:{}',3,2,'user','user','Log in','t','',136,'','','',0,'modules/user/user.pages.inc');
INSERT INTO `menu_router` VALUES ('user/login/lightbox2','','','user_is_anonymous','a:0:{}','lightbox2_login','a:0:{}',7,3,'','user/login/lightbox2','Login','t','',4,'','','',0,'');
INSERT INTO `menu_router` VALUES ('user/password','','','user_is_anonymous','a:0:{}','drupal_get_form','a:1:{i:0;s:9:\"user_pass\";}',3,2,'user','user','Request new password','t','',128,'','','',0,'modules/user/user.pages.inc');
INSERT INTO `menu_router` VALUES ('user/register','','','user_register_access','a:0:{}','drupal_get_form','a:1:{i:0;s:13:\"user_register\";}',3,2,'user','user','Create new account','t','',128,'','','',0,'modules/user/user.pages.inc');
INSERT INTO `menu_router` VALUES ('user/reset/%/%/%','a:3:{i:2;N;i:3;N;i:4;N;}','','1','a:0:{}','drupal_get_form','a:4:{i:0;s:15:\"user_pass_reset\";i:1;i:2;i:2;i:3;i:3;i:4;}',24,5,'','user/reset/%/%/%','Reset password','t','',4,'','','',0,'modules/user/user.pages.inc');
INSERT INTO `menu_router` VALUES ('userreference/autocomplete','','','user_access','a:1:{i:0;s:14:\"access content\";}','userreference_autocomplete','a:0:{}',3,2,'','userreference/autocomplete','Userreference autocomplete','t','',4,'','','',0,'');
INSERT INTO `menu_router` VALUES ('views/ajax','','','1','a:0:{}','views_ajax','a:0:{}',3,2,'','views/ajax','Views','t','',4,'','Ajax callback for view loading.','',0,'sites/all/modules/views/includes/ajax.inc');
INSERT INTO `menu_router` VALUES ('webservice/token_access','','','1','a:0:{}','_oauth_token_access','a:6:{i:0;N;i:1;N;i:2;N;i:3;N;i:4;N;i:5;N;}',3,2,'','webservice/token_access','','t','',4,'','','',0,'sites/all/modules/oauth/oauth.inc');
INSERT INTO `menu_router` VALUES ('webservice/token_auth','','','1','a:0:{}','_oauth_token_auth','a:0:{}',3,2,'','webservice/token_auth','','t','',4,'','','',0,'sites/all/modules/oauth/oauth.inc');
INSERT INTO `menu_router` VALUES ('webservice/token_request','','','1','a:0:{}','_oauth_token_request','a:5:{i:0;N;i:1;N;i:2;N;i:3;N;i:4;N;}',3,2,'','webservice/token_request','','t','',4,'','','',0,'sites/all/modules/oauth/oauth.inc');
/*!40000 ALTER TABLE `menu_router` ENABLE KEYS */;
UNLOCK TABLES;

DROP TABLE IF EXISTS `node_type`;
CREATE TABLE `node_type` (
  `type` varchar(32) NOT NULL,
  `name` varchar(255) NOT NULL DEFAULT '',
  `module` varchar(255) NOT NULL,
  `description` mediumtext NOT NULL,
  `help` mediumtext NOT NULL,
  `has_title` tinyint(3) unsigned NOT NULL,
  `title_label` varchar(255) NOT NULL DEFAULT '',
  `has_body` tinyint(3) unsigned NOT NULL,
  `body_label` varchar(255) NOT NULL DEFAULT '',
  `min_word_count` smallint(5) unsigned NOT NULL,
  `custom` tinyint(4) NOT NULL DEFAULT '0',
  `modified` tinyint(4) NOT NULL DEFAULT '0',
  `locked` tinyint(4) NOT NULL DEFAULT '0',
  `orig_type` varchar(255) NOT NULL DEFAULT '',
  PRIMARY KEY (`type`)
) ENGINE=InnoDB DEFAULT CHARSET=utf8;

LOCK TABLES `node_type` WRITE;
/*!40000 ALTER TABLE `node_type` DISABLE KEYS */;
INSERT INTO `node_type` VALUES ('guide','Карточка гида','node','','',1,'Имя',1,'О себе',0,1,1,0,'');
INSERT INTO `node_type` VALUES ('news','Новость','node','','',1,'Title',1,'Body',0,1,1,0,'');
INSERT INTO `node_type` VALUES ('page','Page','node','A <em>page</em>, similar in form to a <em>story</em>, is a simple method for creating and displaying information that rarely changes, such as an \"About us\" section of a website. By default, a <em>page</em> entry does not allow visitor comments and is not featured on the site\'s initial home page.','',1,'Title',1,'Body',0,1,1,0,'page');
INSERT INTO `node_type` VALUES ('panel','Panel','panels_node','A panel layout broken up into rows and columns.','',1,'Title',1,'Teaser',0,0,0,1,'panel');
INSERT INTO `node_type` VALUES ('profile','Profile','node','A user profile built as content.','',1,'Title',1,'Body',0,1,0,0,'profile');
INSERT INTO `node_type` VALUES ('story','Story','node','A <em>story</em>, similar in form to a <em>page</em>, is ideal for creating and displaying content that informs or engages website visitors. Press releases, site announcements, and informal blog-like entries may all be created with a <em>story</em> entry. By default, a <em>story</em> entry is automatically featured on the site\'s initial home page, and provides the ability to post comments.','',1,'Title',1,'Body',0,1,1,0,'story');
INSERT INTO `node_type` VALUES ('testimonial','Отзыв','node','','',1,'Title',1,'Body',0,1,1,0,'');
/*!40000 ALTER TABLE `node_type` ENABLE KEYS */;
UNLOCK TABLES;

DROP TABLE IF EXISTS `panels_display`;
CREATE TABLE `panels_display` (
  `did` int(11) NOT NULL AUTO_INCREMENT,
  `layout` varchar(32) DEFAULT '',
  `layout_settings` longtext,
  `panel_settings` longtext,
  `cache` text,
  `title` varchar(255) DEFAULT '',
  `hide_title` tinyint(4) DEFAULT '0',
  `title_pane` int(11) DEFAULT '0',
  PRIMARY KEY (`did`)
) ENGINE=InnoDB DEFAULT CHARSET=utf8;

LOCK TABLES `panels_display` WRITE;
/*!40000 ALTER TABLE `panels_display` DISABLE KEYS */;
INSERT INTO `panels_display` VALUES (1,'twocol_stacked','a:0:{}','a:2:{s:14:\"style_settings\";a:5:{s:7:\"default\";N;s:3:\"top\";N;s:4:\"left\";N;s:5:\"right\";N;s:6:\"bottom\";N;}s:4:\"left\";a:1:{s:5:\"style\";s:2:\"-1\";}}','a:0:{}','',0,0);
/*!40000 ALTER TABLE `panels_display` ENABLE KEYS */;
UNLOCK TABLES;

DROP TABLE IF EXISTS `panels_layout`;
CREATE TABLE `panels_layout` (
  `lid` int(11) NOT NULL AUTO_INCREMENT,
  `name` varchar(255) DEFAULT NULL,
  `admin_title` varchar(255) DEFAULT NULL,
  `admin_description` longtext,
  `category` varchar(255) DEFAULT NULL,
  `plugin` varchar(255) DEFAULT NULL,
  `settings` longtext,
  PRIMARY KEY (`lid`)
) ENGINE=InnoDB DEFAULT CHARSET=utf8;

LOCK TABLES `panels_layout` WRITE;
/*!40000 ALTER TABLE `panels_layout` DISABLE KEYS */;
INSERT INTO `panels_layout` VALUES (1,'frontpage','','','','flexible','a:0:{}');
/*!40000 ALTER TABLE `panels_layout` ENABLE KEYS */;
UNLOCK TABLES;

DROP TABLE IF EXISTS `panels_node`;
CREATE TABLE `panels_node` (
  `nid` int(11) NOT NULL DEFAULT '0',
  `css_id` varchar(255) DEFAULT NULL,
  `did` int(11) NOT NULL,
  `pipeline` varchar(255) DEFAULT NULL,
  PRIMARY KEY (`did`)
) ENGINE=InnoDB DEFAULT CHARSET=utf8;

LOCK TABLES `panels_node` WRITE;
/*!40000 ALTER TABLE `panels_node` DISABLE KEYS */;
INSERT INTO `panels_node` VALUES (6,'',1,'');
/*!40000 ALTER TABLE `panels_node` ENABLE KEYS */;
UNLOCK TABLES;

DROP TABLE IF EXISTS `panels_pane`;
CREATE TABLE `panels_pane` (
  `pid` int(11) NOT NULL AUTO_INCREMENT,
  `did` int(11) NOT NULL DEFAULT '0',
  `panel` varchar(32) DEFAULT '',
  `type` varchar(32) DEFAULT '',
  `subtype` varchar(64) DEFAULT '',
  `shown` tinyint(4) DEFAULT '1',
  `access` longtext,
  `configuration` longtext,
  `cache` longtext,
  `style` longtext,
  `css` longtext,
  `extras` longtext,
  `position` smallint(6) DEFAULT '0',
  PRIMARY KEY (`pid`),
  KEY `did_idx` (`did`)
) ENGINE=InnoDB DEFAULT CHARSET=utf8;

LOCK TABLES `panels_pane` WRITE;
/*!40000 ALTER TABLE `panels_pane` DISABLE KEYS */;
INSERT INTO `panels_pane` VALUES (1,1,'right','block','views-guides-block_1',1,'a:0:{}','a:2:{s:14:\"override_title\";i:0;s:19:\"override_title_text\";s:0:\"\";}','a:0:{}','a:1:{s:8:\"settings\";N;}','a:0:{}','a:0:{}',0);
INSERT INTO `panels_pane` VALUES (2,1,'right','block','views-guides-block_2',1,'a:0:{}','a:2:{s:14:\"override_title\";i:0;s:19:\"override_title_text\";s:0:\"\";}','a:0:{}','a:1:{s:8:\"settings\";N;}','a:0:{}','a:0:{}',1);
INSERT INTO `panels_pane` VALUES (3,1,'right','block','views-testimonials-block_1',1,'a:0:{}','a:2:{s:14:\"override_title\";i:0;s:19:\"override_title_text\";s:0:\"\";}','a:0:{}','a:1:{s:8:\"settings\";N;}','a:0:{}','a:0:{}',2);
INSERT INTO `panels_pane` VALUES (4,1,'left','block','views-news-block_1',1,'a:0:{}','a:2:{s:14:\"override_title\";i:0;s:19:\"override_title_text\";s:0:\"\";}','a:0:{}','a:1:{s:8:\"settings\";N;}','a:0:{}','a:0:{}',0);
/*!40000 ALTER TABLE `panels_pane` ENABLE KEYS */;
UNLOCK TABLES;

DROP TABLE IF EXISTS `panels_renderer_pipeline`;
CREATE TABLE `panels_renderer_pipeline` (
  `rpid` int(11) NOT NULL AUTO_INCREMENT,
  `name` varchar(255) DEFAULT NULL,
  `admin_title` varchar(255) DEFAULT NULL,
  `admin_description` longtext,
  `weight` smallint(6) DEFAULT '0',
  `settings` longtext,
  PRIMARY KEY (`rpid`)
) ENGINE=InnoDB DEFAULT CHARSET=utf8;

LOCK TABLES `panels_renderer_pipeline` WRITE;
/*!40000 ALTER TABLE `panels_renderer_pipeline` DISABLE KEYS */;
/*!40000 ALTER TABLE `panels_renderer_pipeline` ENABLE KEYS */;
UNLOCK TABLES;

DROP TABLE IF EXISTS `permission`;
CREATE TABLE `permission` (
  `pid` int(11) NOT NULL AUTO_INCREMENT,
  `rid` int(10) unsigned NOT NULL DEFAULT '0',
  `perm` longtext,
  `tid` int(10) unsigned NOT NULL DEFAULT '0',
  PRIMARY KEY (`pid`),
  KEY `rid` (`rid`)
) ENGINE=InnoDB DEFAULT CHARSET=utf8;

LOCK TABLES `permission` WRITE;
/*!40000 ALTER TABLE `permission` DISABLE KEYS */;
INSERT INTO `permission` VALUES (17,1,'access comments, access content, create guide content, access user profiles',0);
INSERT INTO `permission` VALUES (18,2,'access comments, post comments, post comments without approval, access content, create guide content, create testimonial content, delete own guide content, delete own testimonial content, edit own guide content, edit own testimonial content, read privatemsg, write privatemsg, create private message tags, filter private messages, tag private messages, view simplemenu, access user profiles',0);
/*!40000 ALTER TABLE `permission` ENABLE KEYS */;
UNLOCK TABLES;

DROP TABLE IF EXISTS `pm_tags`;
CREATE TABLE `pm_tags` (
  `tag_id` int(10) unsigned NOT NULL AUTO_INCREMENT,
  `tag` varchar(255) NOT NULL,
  `public` tinyint(3) unsigned default '0',
  PRIMARY KEY (`tag_id`),
  KEY `tag_list` (`tag_id`,`tag`,`public`)
) ENGINE=InnoDB DEFAULT CHARSET=utf8;

LOCK TABLES `pm_tags` WRITE;
/*!40000 ALTER TABLE `pm_tags` DISABLE KEYS */;
/*!40000 ALTER TABLE `pm_tags` ENABLE KEYS */;
UNLOCK TABLES;

DROP TABLE IF EXISTS `role`;
CREATE TABLE `role` (
  `rid` int(10) unsigned NOT NULL AUTO_INCREMENT,
  `name` varchar(64) NOT NULL DEFAULT '',
  PRIMARY KEY (`rid`),
  UNIQUE KEY `name` (`name`)
) ENGINE=InnoDB DEFAULT CHARSET=utf8;

LOCK TABLES `role` WRITE;
/*!40000 ALTER TABLE `role` DISABLE KEYS */;
INSERT INTO `role` VALUES (1,'anonymous user');
INSERT INTO `role` VALUES (2,'authenticated user');
INSERT INTO `role` VALUES (3,'superadmin');
/*!40000 ALTER TABLE `role` ENABLE KEYS */;
UNLOCK TABLES;

DROP TABLE IF EXISTS `rules_rules`;
CREATE TABLE `rules_rules` (
  `name` varchar(255) NOT NULL DEFAULT '',
  `data` longblob,
  PRIMARY KEY (`name`)
) ENGINE=InnoDB DEFAULT CHARSET=utf8;

LOCK TABLES `rules_rules` WRITE;
/*!40000 ALTER TABLE `rules_rules` DISABLE KEYS */;
INSERT INTO `rules_rules` VALUES ('rules_1','a:9:{s:5:\"#type\";s:4:\"rule\";s:4:\"#set\";s:17:\"event_node_insert\";s:6:\"#label\";s:54:\"Unpublish guide card when created by unregistered user\";s:7:\"#active\";i:1;s:7:\"#weight\";s:1:\"0\";s:11:\"#categories\";a:2:{i:0;s:6:\"guides\";i:1;s:5:\"users\";}s:7:\"#status\";s:6:\"custom\";s:11:\"#conditions\";a:3:{i:0;a:5:{s:5:\"#type\";s:9:\"condition\";s:9:\"#settings\";a:2:{s:4:\"type\";a:1:{s:5:\"guide\";s:5:\"guide\";}s:13:\"#argument map\";a:1:{s:4:\"node\";s:4:\"node\";}}s:5:\"#name\";s:31:\"rules_condition_content_is_type\";s:5:\"#info\";a:3:{s:5:\"label\";s:44:\"Created content is Карточка гида\";s:9:\"arguments\";a:1:{s:4:\"node\";a:2:{s:4:\"type\";s:4:\"node\";s:5:\"label\";s:7:\"Content\";}}s:6:\"module\";s:4:\"Node\";}s:7:\"#weight\";d:0;}i:1;a:5:{s:7:\"#weight\";d:0;s:5:\"#type\";s:9:\"condition\";s:9:\"#settings\";a:3:{s:5:\"roles\";a:1:{i:0;i:2;}s:9:\"operation\";s:2:\"OR\";s:13:\"#argument map\";a:1:{s:4:\"user\";s:6:\"author\";}}s:5:\"#name\";s:28:\"rules_condition_user_hasrole\";s:5:\"#info\";a:3:{s:5:\"label\";s:16:\"User has role(s)\";s:9:\"arguments\";a:1:{s:4:\"user\";a:2:{s:4:\"type\";s:4:\"user\";s:5:\"label\";s:4:\"User\";}}s:6:\"module\";s:4:\"User\";}}i:2;a:5:{s:7:\"#weight\";d:0;s:5:\"#info\";a:3:{s:5:\"label\";s:23:\"Execute custom PHP code\";s:6:\"module\";s:3:\"PHP\";s:10:\"eval input\";a:1:{i:0;s:4:\"code\";}}s:5:\"#name\";s:26:\"rules_condition_custom_php\";s:9:\"#settings\";a:2:{s:4:\"code\";s:69:\"global $user;\r\n\r\nif($user->uid==0)\r\nreturn true;\r\nelse\r\nreturn false;\";s:4:\"vars\";a:1:{i:0;s:4:\"user\";}}s:5:\"#type\";s:9:\"condition\";}}s:8:\"#actions\";a:3:{i:0;a:5:{s:7:\"#weight\";d:0;s:5:\"#info\";a:8:{s:5:\"label\";s:25:\"Unpublish created content\";s:6:\"module\";s:4:\"Node\";s:9:\"arguments\";a:1:{s:4:\"node\";a:2:{s:5:\"label\";s:7:\"Content\";s:4:\"type\";s:4:\"node\";}}s:4:\"base\";s:25:\"rules_core_action_execute\";s:11:\"action_name\";s:21:\"node_unpublish_action\";s:12:\"configurable\";b:0;s:14:\"label callback\";s:30:\"rules_core_node_label_callback\";s:14:\"label_skeleton\";s:15:\"Unpublish @node\";}s:5:\"#name\";s:32:\"rules_core_node_unpublish_action\";s:9:\"#settings\";a:2:{s:9:\"auto_save\";i:1;s:13:\"#argument map\";a:1:{s:4:\"node\";s:4:\"node\";}}s:5:\"#type\";s:6:\"action\";}i:1;a:5:{s:5:\"#type\";s:6:\"action\";s:9:\"#settings\";a:2:{s:7:\"message\";s:345:\"Ваша карточка гида будет доступна другим пользователям после того, как вы подтвердите свой адрес email. Посмотрите в свой почтовый ящик — там должно быть письмо со ссылкой для подтверждения.\";s:5:\"error\";i:0;}s:5:\"#name\";s:27:\"rules_action_drupal_message\";s:5:\"#info\";a:3:{s:5:\"label\";s:39:\"Show a configurable message on the site\";s:6:\"module\";s:6:\"System\";s:10:\"eval input\";a:1:{i:0;s:7:\"message\";}}s:7:\"#weight\";d:0;}i:2;a:5:{s:7:\"#weight\";d:0;s:5:\"#info\";a:3:{s:5:\"label\";s:13:\"Page redirect\";s:6:\"module\";s:6:\"System\";s:10:\"eval input\";a:3:{i:0;s:4:\"path\";i:1;s:5:\"query\";i:2;s:8:\"fragment\";}}s:5:\"#name\";s:24:\"rules_action_drupal_goto\";s:9:\"#settings\";a:5:{s:4:\"path\";s:7:\"<front>\";s:5:\"query\";s:0:\"\";s:8:\"fragment\";s:0:\"\";s:5:\"force\";i:0;s:9:\"immediate\";i:0;}s:5:\"#type\";s:6:\"action\";}}}');
INSERT INTO `rules_rules` VALUES ('rules_3','a:9:{s:5:\"#type\";s:4:\"rule\";s:4:\"#set\";s:16:\"event_user_login\";s:6:\"#label\";s:37:\"Publish guide card when guide logs in\";s:7:\"#active\";i:1;s:7:\"#weight\";s:1:\"0\";s:11:\"#categories\";a:2:{i:0;s:6:\"guides\";i:1;s:5:\"users\";}s:7:\"#status\";s:6:\"custom\";s:11:\"#conditions\";a:1:{i:0;a:5:{s:5:\"#type\";s:9:\"condition\";s:9:\"#settings\";a:2:{s:4:\"code\";s:166:\"global $user;\r\n$nid=db_result(db_query(\"SELECT nid FROM {node} WHERE uid=%d AND type=\'guide\' AND status=0\", $user->uid));\r\nif($nid)\r\nreturn true;\r\nelse\r\nreturn false;\";s:4:\"vars\";a:0:{}}s:5:\"#name\";s:26:\"rules_condition_custom_php\";s:5:\"#info\";a:3:{s:5:\"label\";s:23:\"Execute custom PHP code\";s:6:\"module\";s:3:\"PHP\";s:10:\"eval input\";a:1:{i:0;s:4:\"code\";}}s:7:\"#weight\";d:0;}}s:8:\"#actions\";a:3:{i:0;a:5:{s:7:\"#weight\";d:0;s:5:\"#info\";a:3:{s:5:\"label\";s:18:\"Publish guide card\";s:9:\"arguments\";a:1:{s:4:\"user\";a:2:{s:4:\"type\";s:4:\"user\";s:5:\"label\";s:12:\"Current user\";}}s:6:\"module\";s:4:\"User\";}s:5:\"#name\";s:29:\"guides_helpers_publish_action\";s:9:\"#settings\";a:1:{s:13:\"#argument map\";a:1:{s:4:\"user\";s:7:\"account\";}}s:5:\"#type\";s:6:\"action\";}i:1;a:5:{s:7:\"#weight\";d:0;s:5:\"#info\";a:3:{s:5:\"label\";s:39:\"Show a configurable message on the site\";s:6:\"module\";s:6:\"System\";s:10:\"eval input\";a:1:{i:0;s:7:\"message\";}}s:5:\"#name\";s:27:\"rules_action_drupal_message\";s:9:\"#settings\";a:2:{s:7:\"message\";s:60:\"Ваша карточка гида опубликована!\";s:5:\"error\";i:0;}s:5:\"#type\";s:6:\"action\";}i:3;a:5:{s:7:\"#weight\";d:0;s:5:\"#type\";s:6:\"action\";s:9:\"#settings\";a:5:{s:4:\"path\";s:15:\"guides/redirect\";s:5:\"query\";s:0:\"\";s:8:\"fragment\";s:0:\"\";s:5:\"force\";i:1;s:9:\"immediate\";i:0;}s:5:\"#name\";s:24:\"rules_action_drupal_goto\";s:5:\"#info\";a:3:{s:5:\"label\";s:13:\"Page redirect\";s:6:\"module\";s:6:\"System\";s:10:\"eval input\";a:3:{i:0;s:4:\"path\";i:1;s:5:\"query\";i:2;s:8:\"fragment\";}}}}}');
INSERT INTO `rules_rules` VALUES ('rules_4','a:9:{s:5:\"#type\";s:4:\"rule\";s:4:\"#set\";s:25:\"rules_guide_card_workflow\";s:6:\"#label\";s:18:\"Publish guide card\";s:7:\"#active\";i:1;s:7:\"#weight\";s:1:\"0\";s:11:\"#categories\";a:0:{}s:7:\"#status\";s:6:\"custom\";s:11:\"#conditions\";a:1:{i:0;a:5:{s:7:\"#weight\";d:0;s:5:\"#info\";a:3:{s:5:\"label\";s:36:\"Content is Карточка гида\";s:9:\"arguments\";a:1:{s:4:\"node\";a:2:{s:4:\"type\";s:4:\"node\";s:5:\"label\";s:7:\"Content\";}}s:6:\"module\";s:4:\"Node\";}s:5:\"#name\";s:31:\"rules_condition_content_is_type\";s:9:\"#settings\";a:2:{s:4:\"type\";a:1:{s:5:\"guide\";s:5:\"guide\";}s:13:\"#argument map\";a:1:{s:4:\"node\";s:4:\"node\";}}s:5:\"#type\";s:9:\"condition\";}}s:8:\"#actions\";a:1:{i:0;a:5:{s:5:\"#type\";s:6:\"action\";s:9:\"#settings\";a:2:{s:9:\"auto_save\";i:1;s:13:\"#argument map\";a:1:{s:4:\"node\";s:4:\"node\";}}s:5:\"#name\";s:30:\"rules_core_node_publish_action\";s:5:\"#info\";a:8:{s:5:\"label\";s:15:\"Publish Content\";s:6:\"module\";s:4:\"Node\";s:9:\"arguments\";a:1:{s:4:\"node\";a:2:{s:5:\"label\";s:7:\"Content\";s:4:\"type\";s:4:\"node\";}}s:4:\"base\";s:25:\"rules_core_action_execute\";s:11:\"action_name\";s:19:\"node_publish_action\";s:12:\"configurable\";b:0;s:14:\"label callback\";s:30:\"rules_core_node_label_callback\";s:14:\"label_skeleton\";s:13:\"Publish @node\";}s:7:\"#weight\";d:0;}}}');
INSERT INTO `rules_rules` VALUES ('rules_example_1','a:8:{s:5:\"#type\";s:4:\"rule\";s:4:\"#set\";s:15:\"event_node_view\";s:6:\"#label\";s:59:\"Example rule: When viewing an unpublished page, publish it.\";s:7:\"#status\";s:6:\"custom\";s:11:\"#categories\";a:1:{i:0;s:7:\"example\";}s:7:\"#active\";i:0;s:11:\"#conditions\";a:2:{i:0;a:5:{s:5:\"#type\";s:9:\"condition\";s:5:\"#name\";s:36:\"rules_condition_content_is_published\";s:9:\"#settings\";a:1:{s:13:\"#argument map\";a:1:{s:4:\"node\";s:4:\"node\";}}s:7:\"#negate\";i:1;s:5:\"#info\";a:3:{s:5:\"label\";s:27:\"Viewed content is published\";s:9:\"arguments\";a:1:{s:4:\"node\";a:2:{s:4:\"type\";s:4:\"node\";s:5:\"label\";s:7:\"Content\";}}s:6:\"module\";s:4:\"Node\";}}i:1;a:4:{s:5:\"#type\";s:9:\"condition\";s:5:\"#name\";s:31:\"rules_condition_content_is_type\";s:9:\"#settings\";a:2:{s:13:\"#argument map\";a:1:{s:4:\"node\";s:4:\"node\";}s:4:\"type\";a:1:{i:0;s:4:\"page\";}}s:5:\"#info\";a:3:{s:5:\"label\";s:22:\"Viewed content is Page\";s:9:\"arguments\";a:1:{s:4:\"node\";a:2:{s:4:\"type\";s:4:\"node\";s:5:\"label\";s:7:\"Content\";}}s:6:\"module\";s:4:\"Node\";}}}s:8:\"#actions\";a:1:{i:0;a:4:{s:5:\"#type\";s:6:\"action\";s:5:\"#name\";s:30:\"rules_core_node_publish_action\";s:9:\"#settings\";a:2:{s:13:\"#argument map\";a:1:{s:4:\"node\";s:4:\"node\";}s:9:\"auto_save\";b:1;}s:5:\"#info\";a:7:{s:5:\"label\";s:22:\"Publish viewed content\";s:6:\"module\";s:4:\"Node\";s:9:\"arguments\";a:1:{s:4:\"node\";a:2:{s:5:\"label\";s:7:\"Content\";s:4:\"type\";s:4:\"node\";}}s:4:\"base\";s:25:\"rules_core_action_execute\";s:11:\"action_name\";s:19:\"node_publish_action\";s:12:\"configurable\";b:0;s:14:\"label callback\";s:30:\"rules_core_node_label_callback\";}}}}');
/*!40000 ALTER TABLE `rules_rules` ENABLE KEYS */;
UNLOCK TABLES;

DROP TABLE IF EXISTS `rules_sets`;
CREATE TABLE `rules_sets` (
  `name` varchar(255) NOT NULL DEFAULT '',
  `data` longblob,
  PRIMARY KEY (`name`)
) ENGINE=InnoDB DEFAULT CHARSET=utf8;

LOCK TABLES `rules_sets` WRITE;
/*!40000 ALTER TABLE `rules_sets` DISABLE KEYS */;
INSERT INTO `rules_sets` VALUES ('rules_guide_card_workflow','a:4:{s:9:\"arguments\";a:1:{s:4:\"node\";a:2:{s:5:\"label\";s:7:\"Content\";s:4:\"type\";s:4:\"node\";}}s:5:\"label\";s:28:\"Guide card creation workflow\";s:6:\"status\";s:6:\"custom\";s:10:\"categories\";a:0:{}}');
INSERT INTO `rules_sets` VALUES ('rules_set_1','a:4:{s:5:\"label\";s:44:\"Example: Empty rule set working with content\";s:9:\"arguments\";a:1:{s:4:\"node\";a:2:{s:4:\"type\";s:4:\"node\";s:5:\"label\";s:7:\"Content\";}}s:10:\"categories\";a:1:{i:0;s:7:\"example\";}s:6:\"status\";s:6:\"custom\";}');
/*!40000 ALTER TABLE `rules_sets` ENABLE KEYS */;
UNLOCK TABLES;

DROP TABLE IF EXISTS `system`;
CREATE TABLE `system` (
  `filename` varchar(255) NOT NULL DEFAULT '',
  `name` varchar(255) NOT NULL DEFAULT '',
  `type` varchar(255) NOT NULL DEFAULT '',
  `owner` varchar(255) NOT NULL DEFAULT '',
  `status` int(11) NOT NULL DEFAULT '0',
  `throttle` tinyint(4) NOT NULL DEFAULT '0',
  `bootstrap` int(11) NOT NULL DEFAULT '0',
  `schema_version` smallint(6) NOT NULL DEFAULT '-1',
  `weight` int(11) NOT NULL DEFAULT '0',
  `info` text,
  PRIMARY KEY (`filename`),
  KEY `modules` (`type`(12),`status`,`weight`,`filename`),
  KEY `bootstrap` (`type`(12),`status`,`bootstrap`,`weight`,`filename`),
  KEY `type_name` (`type`(12),`name`)
) ENGINE=InnoDB DEFAULT CHARSET=utf8;

LOCK TABLES `system` WRITE;
/*!40000 ALTER TABLE `system` DISABLE KEYS */;
INSERT INTO `system` VALUES ('modules/aggregator/aggregator.module','aggregator','module','',0,0,0,-1,0,'a:10:{s:4:\"name\";s:10:\"Aggregator\";s:11:\"description\";s:57:\"Aggregates syndicated content (RSS, RDF, and Atom feeds).\";s:7:\"package\";s:15:\"Core - optional\";s:7:\"version\";s:4:\"6.19\";s:4:\"core\";s:3:\"6.x\";s:7:\"project\";s:6:\"drupal\";s:9:\"datestamp\";s:10:\"1281559292\";s:12:\"dependencies\";a:0:{}s:10:\"dependents\";a:0:{}s:3:\"php\";s:5:\"4.3.5\";}');
INSERT INTO `system` VALUES ('modules/block/block.module','block','module','',1,0,0,0,0,'a:10:{s:4:\"name\";s:5:\"Block\";s:11:\"description\";s:62:\"Controls the boxes that are displayed around the main content.\";s:7:\"package\";s:15:\"Core - required\";s:7:\"version\";s:4:\"6.19\";s:4:\"core\";s:3:\"6.x\";s:7:\"project\";s:6:\"drupal\";s:9:\"datestamp\";s:10:\"1281559292\";s:12:\"dependencies\";a:0:{}s:10:\"dependents\";a:0:{}s:3:\"php\";s:5:\"4.3.5\";}');
INSERT INTO `system` VALUES ('modules/blog/blog.module','blog','module','',0,0,0,-1,0,'a:10:{s:4:\"name\";s:4:\"Blog\";s:11:\"description\";s:69:\"Enables keeping easily and regularly updated user web pages or blogs.\";s:7:\"package\";s:15:\"Core - optional\";s:7:\"version\";s:4:\"6.19\";s:4:\"core\";s:3:\"6.x\";s:7:\"project\";s:6:\"drupal\";s:9:\"datestamp\";s:10:\"1281559292\";s:12:\"dependencies\";a:0:{}s:10:\"dependents\";a:0:{}s:3:\"php\";s:5:\"4.3.5\";}');
INSERT INTO `system` VALUES ('modules/blogapi/blogapi.module','blogapi','module','',0,0,0,-1,0,'a:10:{s:4:\"name\";s:8:\"Blog API\";s:11:\"description\";s:79:\"Allows users to post content using applications that support XML-RPC blog APIs.\";s:7:\"package\";s:15:\"Core - optional\";s:7:\"version\";s:4:\"6.19\";s:4:\"core\";s:3:\"6.x\";s:7:\"project\";s:6:\"drupal\";s:9:\"datestamp\";s:10:\"1281559292\";s:12:\"dependencies\";a:0:{}s:10:\"dependents\";a:0:{}s:3:\"php\";s:5:\"4.3.5\";}');
INSERT INTO `system` VALUES ('modules/book/book.module','book','module','',0,0,0,-1,0,'a:10:{s:4:\"name\";s:4:\"Book\";s:11:\"description\";s:63:\"Allows users to structure site pages in a hierarchy or outline.\";s:7:\"package\";s:15:\"Core - optional\";s:7:\"version\";s:4:\"6.19\";s:4:\"core\";s:3:\"6.x\";s:7:\"project\";s:6:\"drupal\";s:9:\"datestamp\";s:10:\"1281559292\";s:12:\"dependencies\";a:0:{}s:10:\"dependents\";a:0:{}s:3:\"php\";s:5:\"4.3.5\";}');
INSERT INTO `system` VALUES ('modules/color/color.module','color','module','',0,0,0,0,0,'a:10:{s:4:\"name\";s:5:\"Color\";s:11:\"description\";s:61:\"Allows the user to change the color scheme of certain themes.\";s:7:\"package\";s:15:\"Core - optional\";s:7:\"version\";s:4:\"6.19\";s:4:\"core\";s:3:\"6.x\";s:7:\"project\";s:6:\"drupal\";s:9:\"datestamp\";s:10:\"1281559292\";s:12:\"dependencies\";a:0:{}s:10:\"dependents\";a:0:{}s:3:\"php\";s:5:\"4.3.5\";}');
INSERT INTO `system` VALUES ('modules/comment/comment.module','comment','module','',1,0,0,6003,0,'a:10:{s:4:\"name\";s:7:\"Comment\";s:11:\"description\";s:57:\"Allows users to comment on and discuss published content.\";s:7:\"package\";s:15:\"Core - optional\";s:7:\"version\";s:4:\"6.19\";s:4:\"core\";s:3:\"6.x\";s:7:\"project\";s:6:\"drupal\";s:9:\"datestamp\";s:10:\"1281559292\";s:12:\"dependencies\";a:0:{}s:10:\"dependents\";a:0:{}s:3:\"php\";s:5:\"4.3.5\";}');
INSERT INTO `system` VALUES ('modules/contact/contact.module','contact','module','',0,0,0,-1,0,'a:10:{s:4:\"name\";s:7:\"Contact\";s:11:\"description\";s:61:\"Enables the use of both personal and site-wide contact forms.\";s:7:\"package\";s:15:\"Core - optional\";s:7:\"version\";s:4:\"6.19\";s:4:\"core\";s:3:\"6.x\";s:7:\"project\";s:6:\"drupal\";s:9:\"datestamp\";s:10:\"1281559292\";s:12:\"dependencies\";a:0:{}s:10:\"dependents\";a:0:{}s:3:\"php\";s:5:\"4.3.5\";}');
INSERT INTO `system` VALUES ('modules/dblog/dblog.module','dblog','module','',1,0,0,6000,0,'a:10:{s:4:\"name\";s:16:\"Database logging\";s:11:\"description\";s:47:\"Logs and records system events to the database.\";s:7:\"package\";s:15:\"Core - optional\";s:7:\"version\";s:4:\"6.19\";s:4:\"core\";s:3:\"6.x\";s:7:\"project\";s:6:\"drupal\";s:9:\"datestamp\";s:10:\"1281559292\";s:12:\"dependencies\";a:0:{}s:10:\"dependents\";a:0:{}s:3:\"php\";s:5:\"4.3.5\";}');
INSERT INTO `system` VALUES ('modules/filter/filter.module','filter','module','',1,0,0,0,0,'a:10:{s:4:\"name\";s:6:\"Filter\";s:11:\"description\";s:60:\"Handles the filtering of content in preparation for display.\";s:7:\"package\";s:15:\"Core - required\";s:7:\"version\";s:4:\"6.19\";s:4:\"core\";s:3:\"6.x\";s:7:\"project\";s:6:\"drupal\";s:9:\"datestamp\";s:10:\"1281559292\";s:12:\"dependencies\";a:0:{}s:10:\"dependents\";a:0:{}s:3:\"php\";s:5:\"4.3.5\";}');
INSERT INTO `system` VALUES ('modules/forum/forum.module','forum','module','',0,0,0,-1,0,'a:10:{s:4:\"name\";s:5:\"Forum\";s:11:\"description\";s:50:\"Enables threaded discussions about general topics.\";s:12:\"dependencies\";a:2:{i:0;s:8:\"taxonomy\";i:1;s:7:\"comment\";}s:7:\"package\";s:15:\"Core - optional\";s:7:\"version\";s:4:\"6.19\";s:4:\"core\";s:3:\"6.x\";s:7:\"project\";s:6:\"drupal\";s:9:\"datestamp\";s:10:\"1281559292\";s:10:\"dependents\";a:0:{}s:3:\"php\";s:5:\"4.3.5\";}');
INSERT INTO `system` VALUES ('modules/help/help.module','help','module','',1,0,0,0,0,'a:10:{s:4:\"name\";s:4:\"Help\";s:11:\"description\";s:35:\"Manages the display of online help.\";s:7:\"package\";s:15:\"Core - optional\";s:7:\"version\";s:4:\"6.19\";s:4:\"core\";s:3:\"6.x\";s:7:\"project\";s:6:\"drupal\";s:9:\"datestamp\";s:10:\"1281559292\";s:12:\"dependencies\";a:0:{}s:10:\"dependents\";a:0:{}s:3:\"php\";s:5:\"4.3.5\";}');
INSERT INTO `system` VALUES ('modules/locale/locale.module','locale','module','',1,0,0,6006,0,'a:10:{s:4:\"name\";s:6:\"Locale\";s:11:\"description\";s:119:\"Adds language handling functionality and enables the translation of the user interface to languages other than English.\";s:7:\"package\";s:15:\"Core - optional\";s:7:\"version\";s:4:\"6.19\";s:4:\"core\";s:3:\"6.x\";s:7:\"project\";s:6:\"drupal\";s:9:\"datestamp\";s:10:\"1281559292\";s:12:\"dependencies\";a:0:{}s:10:\"dependents\";a:0:{}s:3:\"php\";s:5:\"4.3.5\";}');
INSERT INTO `system` VALUES ('modules/menu/menu.module','menu','module','',1,0,0,0,0,'a:10:{s:4:\"name\";s:4:\"Menu\";s:11:\"description\";s:60:\"Allows administrators to customize the site navigation menu.\";s:7:\"package\";s:15:\"Core - optional\";s:7:\"version\";s:4:\"6.19\";s:4:\"core\";s:3:\"6.x\";s:7:\"project\";s:6:\"drupal\";s:9:\"datestamp\";s:10:\"1281559292\";s:12:\"dependencies\";a:0:{}s:10:\"dependents\";a:0:{}s:3:\"php\";s:5:\"4.3.5\";}');
INSERT INTO `system` VALUES ('modules/node/node.module','node','module','',1,0,0,0,0,'a:10:{s:4:\"name\";s:4:\"Node\";s:11:\"description\";s:66:\"Allows content to be submitted to the site and displayed on pages.\";s:7:\"package\";s:15:\"Core - required\";s:7:\"version\";s:4:\"6.19\";s:4:\"core\";s:3:\"6.x\";s:7:\"project\";s:6:\"drupal\";s:9:\"datestamp\";s:10:\"1281559292\";s:12:\"dependencies\";a:0:{}s:10:\"dependents\";a:0:{}s:3:\"php\";s:5:\"4.3.5\";}');
INSERT INTO `system` VALUES ('modules/openid/openid.module','openid','module','',1,0,0,6000,0,'a:10:{s:4:\"name\";s:6:\"OpenID\";s:11:\"description\";s:48:\"Allows users to log into your site using OpenID.\";s:7:\"version\";s:4:\"6.19\";s:7:\"package\";s:15:\"Core - optional\";s:4:\"core\";s:3:\"6.x\";s:7:\"project\";s:6:\"drupal\";s:9:\"datestamp\";s:10:\"1281559292\";s:12:\"dependencies\";a:0:{}s:10:\"dependents\";a:0:{}s:3:\"php\";s:5:\"4.3.5\";}');
INSERT INTO `system` VALUES ('modules/path/path.module','path','module','',0,0,0,-1,0,'a:10:{s:4:\"name\";s:4:\"Path\";s:11:\"description\";s:28:\"Allows users to rename URLs.\";s:7:\"package\";s:15:\"Core - optional\";s:7:\"version\";s:4:\"6.19\";s:4:\"core\";s:3:\"6.x\";s:7:\"project\";s:6:\"drupal\";s:9:\"datestamp\";s:10:\"1281559292\";s:12:\"dependencies\";a:0:{}s:10:\"dependents\";a:0:{}s:3:\"php\";s:5:\"4.3.5\";}');
INSERT INTO `system` VALUES ('modules/php/php.module','php','module','',1,0,0,0,0,'a:10:{s:4:\"name\";s:10:\"PHP filter\";s:11:\"description\";s:50:\"Allows embedded PHP code/snippets to be evaluated.\";s:7:\"package\";s:15:\"Core - optional\";s:7:\"version\";s:4:\"6.19\";s:4:\"core\";s:3:\"6.x\";s:7:\"project\";s:6:\"drupal\";s:9:\"datestamp\";s:10:\"1281559292\";s:12:\"dependencies\";a:0:{}s:10:\"dependents\";a:0:{}s:3:\"php\";s:5:\"4.3.5\";}');
INSERT INTO `system` VALUES ('modules/ping/ping.module','ping','module','',0,0,0,-1,0,'a:10:{s:4:\"name\";s:4:\"Ping\";s:11:\"description\";s:51:\"Alerts other sites when your site has been updated.\";s:7:\"package\";s:15:\"Core - optional\";s:7:\"version\";s:4:\"6.19\";s:4:\"core\";s:3:\"6.x\";s:7:\"project\";s:6:\"drupal\";s:9:\"datestamp\";s:10:\"1281559292\";s:12:\"dependencies\";a:0:{}s:10:\"dependents\";a:0:{}s:3:\"php\";s:5:\"4.3.5\";}');
INSERT INTO `system` VALUES ('modules/poll/poll.module','poll','module','',0,0,0,-1,0,'a:10:{s:4:\"name\";s:4:\"Poll\";s:11:\"description\";s:95:\"Allows your site to capture votes on different topics in the form of multiple choice questions.\";s:7:\"package\";s:15:\"Core - optional\";s:7:\"version\";s:4:\"6.19\";s:4:\"core\";s:3:\"6.x\";s:7:\"project\";s:6:\"drupal\";s:9:\"datestamp\";s:10:\"1281559292\";s:12:\"dependencies\";a:0:{}s:10:\"dependents\";a:0:{}s:3:\"php\";s:5:\"4.3.5\";}');
INSERT INTO `system` VALUES ('modules/profile/profile.module','profile','module','',0,0,0,-1,0,'a:10:{s:4:\"name\";s:7:\"Profile\";s:11:\"description\";s:36:\"Supports configurable user profiles.\";s:7:\"package\";s:15:\"Core - optional\";s:7:\"version\";s:4:\"6.19\";s:4:\"core\";s:3:\"6.x\";s:7:\"project\";s:6:\"drupal\";s:9:\"datestamp\";s:10:\"1281559292\";s:12:\"dependencies\";a:0:{}s:10:\"dependents\";a:0:{}s:3:\"php\";s:5:\"4.3.5\";}');
INSERT INTO `system` VALUES ('modules/search/search.module','search','module','',1,0,0,0,0,'a:10:{s:4:\"name\";s:6:\"Search\";s:11:\"description\";s:36:\"Enables site-wide keyword searching.\";s:7:\"package\";s:15:\"Core - optional\";s:7:\"version\";s:4:\"6.19\";s:4:\"core\";s:3:\"6.x\";s:7:\"project\";s:6:\"drupal\";s:9:\"datestamp\";s:10:\"1281559292\";s:12:\"dependencies\";a:0:{}s:10:\"dependents\";a:0:{}s:3:\"php\";s:5:\"4.3.5\";}');
INSERT INTO `system` VALUES ('modules/statistics/statistics.module','statistics','module','',0,0,0,-1,0,'a:10:{s:4:\"name\";s:10:\"Statistics\";s:11:\"description\";s:37:\"Logs access statistics for your site.\";s:7:\"package\";s:15:\"Core - optional\";s:7:\"version\";s:4:\"6.19\";s:4:\"core\";s:3:\"6.x\";s:7:\"project\";s:6:\"drupal\";s:9:\"datestamp\";s:10:\"1281559292\";s:12:\"dependencies\";a:0:{}s:10:\"dependents\";a:0:{}s:3:\"php\";s:5:\"4.3.5\";}');
INSERT INTO `system` VALUES ('modules/syslog/syslog.module','syslog','module','',0,0,0,-1,0,'a:10:{s:4:\"name\";s:6:\"Syslog\";s:11:\"description\";s:41:\"Logs and records system events to syslog.\";s:7:\"package\";s:15:\"Core - optional\";s:7:\"version\";s:4:\"6.19\";s:4:\"core\";s:3:\"6.x\";s:7:\"project\";s:6:\"drupal\";s:9:\"datestamp\";s:10:\"1281559292\";s:12:\"dependencies\";a:0:{}s:10:\"dependents\";a:0:{}s:3:\"php\";s:5:\"4.3.5\";}');
INSERT INTO `system` VALUES ('modules/system/system.module','system','module','',1,0,0,6055,0,'a:10:{s:4:\"name\";s:6:\"System\";s:11:\"description\";s:54:\"Handles general site configuration for administrators.\";s:7:\"package\";s:15:\"Core - required\";s:7:\"version\";s:4:\"6.19\";s:4:\"core\";s:3:\"6.x\";s:7:\"project\";s:6:\"drupal\";s:9:\"datestamp\";s:10:\"1281559292\";s:12:\"dependencies\";a:0:{}s:10:\"dependents\";a:0:{}s:3:\"php\";s:5:\"4.3.5\";}');
INSERT INTO `system` VALUES ('modules/taxonomy/taxonomy.module','taxonomy','module','',1,0,0,0,0,'a:10:{s:4:\"name\";s:8:\"Taxonomy\";s:11:\"description\";s:38:\"Enables the categorization of content.\";s:7:\"package\";s:15:\"Core - optional\";s:7:\"version\";s:4:\"6.19\";s:4:\"core\";s:3:\"6.x\";s:7:\"project\";s:6:\"drupal\";s:9:\"datestamp\";s:10:\"1281559292\";s:12:\"dependencies\";a:0:{}s:10:\"dependents\";a:0:{}s:3:\"php\";s:5:\"4.3.5\";}');
INSERT INTO `system` VALUES ('modules/throttle/throttle.module','throttle','module','',0,0,0,-1,0,'a:10:{s:4:\"name\";s:8:\"Throttle\";s:11:\"description\";s:66:\"Handles the auto-throttling mechanism, to control site congestion.\";s:7:\"package\";s:15:\"Core - optional\";s:7:\"version\";s:4:\"6.19\";s:4:\"core\";s:3:\"6.x\";s:7:\"project\";s:6:\"drupal\";s:9:\"datestamp\";s:10:\"1281559292\";s:12:\"dependencies\";a:0:{}s:10:\"dependents\";a:0:{}s:3:\"php\";s:5:\"4.3.5\";}');
INSERT INTO `system` VALUES ('modules/tracker/tracker.module','tracker','module','',0,0,0,-1,0,'a:10:{s:4:\"name\";s:7:\"Tracker\";s:11:\"description\";s:43:\"Enables tracking of recent posts for users.\";s:12:\"dependencies\";a:1:{i:0;s:7:\"comment\";}s:7:\"package\";s:15:\"Core - optional\";s:7:\"version\";s:4:\"6.19\";s:4:\"core\";s:3:\"6.x\";s:7:\"project\";s:6:\"drupal\";s:9:\"datestamp\";s:10:\"1281559292\";s:10:\"dependents\";a:0:{}s:3:\"php\";s:5:\"4.3.5\";}');
INSERT INTO `system` VALUES ('modules/translation/translation.module','translation','module','',0,0,0,-1,0,'a:10:{s:4:\"name\";s:19:\"Content translation\";s:11:\"description\";s:57:\"Allows content to be translated into different languages.\";s:12:\"dependencies\";a:1:{i:0;s:6:\"locale\";}s:7:\"package\";s:15:\"Core - optional\";s:7:\"version\";s:4:\"6.19\";s:4:\"core\";s:3:\"6.x\";s:7:\"project\";s:6:\"drupal\";s:9:\"datestamp\";s:10:\"1281559292\";s:10:\"dependents\";a:0:{}s:3:\"php\";s:5:\"4.3.5\";}');
INSERT INTO `system` VALUES ('modules/trigger/trigger.module','trigger','module','',0,0,0,0,0,'a:10:{s:4:\"name\";s:7:\"Trigger\";s:11:\"description\";s:90:\"Enables actions to be fired on certain system events, such as when new content is created.\";s:7:\"package\";s:15:\"Core - optional\";s:7:\"version\";s:4:\"6.19\";s:4:\"core\";s:3:\"6.x\";s:7:\"project\";s:6:\"drupal\";s:9:\"datestamp\";s:10:\"1281559292\";s:12:\"dependencies\";a:0:{}s:10:\"dependents\";a:0:{}s:3:\"php\";s:5:\"4.3.5\";}');
INSERT INTO `system` VALUES ('modules/update/update.module','update','module','',1,0,0,6000,0,'a:10:{s:4:\"name\";s:13:\"Update status\";s:11:\"description\";s:88:\"Checks the status of available updates for Drupal and your installed modules and themes.\";s:7:\"version\";s:4:\"6.19\";s:7:\"package\";s:15:\"Core - optional\";s:4:\"core\";s:3:\"6.x\";s:7:\"project\";s:6:\"drupal\";s:9:\"datestamp\";s:10:\"1281559292\";s:12:\"dependencies\";a:0:{}s:10:\"dependents\";a:0:{}s:3:\"php\";s:5:\"4.3.5\";}');
INSERT INTO `system` VALUES ('modules/upload/upload.module','upload','module','',0,0,0,-1,0,'a:10:{s:4:\"name\";s:6:\"Upload\";s:11:\"description\";s:51:\"Allows users to upload and attach files to content.\";s:7:\"package\";s:15:\"Core - optional\";s:7:\"version\";s:4:\"6.19\";s:4:\"core\";s:3:\"6.x\";s:7:\"project\";s:6:\"drupal\";s:9:\"datestamp\";s:10:\"1281559292\";s:12:\"dependencies\";a:0:{}s:10:\"dependents\";a:0:{}s:3:\"php\";s:5:\"4.3.5\";}');
INSERT INTO `system` VALUES ('modules/user/user.module','user','module','',1,0,0,0,0,'a:10:{s:4:\"name\";s:4:\"User\";s:11:\"description\";s:47:\"Manages the user registration and login system.\";s:7:\"package\";s:15:\"Core - required\";s:7:\"version\";s:4:\"6.19\";s:4:\"core\";s:3:\"6.x\";s:7:\"project\";s:6:\"drupal\";s:9:\"datestamp\";s:10:\"1281559292\";s:12:\"dependencies\";a:0:{}s:10:\"dependents\";a:0:{}s:3:\"php\";s:5:\"4.3.5\";}');
INSERT INTO `system` VALUES ('sites/all/modules/addresses/addresses.module','addresses','module','',0,0,0,-1,0,'a:10:{s:4:\"core\";s:3:\"6.x\";s:12:\"dependencies\";a:1:{i:0;s:5:\"token\";}s:11:\"description\";s:63:\"You can associate a geographic location with content and users.\";s:4:\"name\";s:9:\"Addresses\";s:7:\"package\";s:9:\"Addresses\";s:7:\"version\";s:8:\"6.x-1.10\";s:7:\"project\";s:9:\"addresses\";s:9:\"datestamp\";s:10:\"1283982104\";s:10:\"dependents\";a:0:{}s:3:\"php\";s:5:\"4.3.5\";}');
INSERT INTO `system` VALUES ('sites/all/modules/addresses/addresses_cck/addresses_cck.module','addresses_cck','module','',0,0,0,-1,0,'a:10:{s:4:\"core\";s:3:\"6.x\";s:11:\"description\";s:36:\"Link addresses to contents using CCK\";s:12:\"dependencies\";a:2:{i:0;s:9:\"addresses\";i:1;s:7:\"content\";}s:4:\"name\";s:15:\"Addresses - CCK\";s:7:\"package\";s:9:\"Addresses\";s:7:\"version\";s:8:\"6.x-1.10\";s:7:\"project\";s:9:\"addresses\";s:9:\"datestamp\";s:10:\"1283982104\";s:10:\"dependents\";a:0:{}s:3:\"php\";s:5:\"4.3.5\";}');
INSERT INTO `system` VALUES ('sites/all/modules/addresses/addresses_phone/addresses_phone.module','addresses_phone','module','',0,0,0,-1,0,'a:10:{s:4:\"core\";s:3:\"6.x\";s:11:\"description\";s:37:\"Add phone and fax fields on addresses\";s:12:\"dependencies\";a:1:{i:0;s:9:\"addresses\";}s:4:\"name\";s:21:\"Addresses - Phone/Fax\";s:7:\"package\";s:9:\"Addresses\";s:7:\"version\";s:8:\"6.x-1.10\";s:7:\"project\";s:9:\"addresses\";s:9:\"datestamp\";s:10:\"1283982104\";s:10:\"dependents\";a:0:{}s:3:\"php\";s:5:\"4.3.5\";}');
INSERT INTO `system` VALUES ('sites/all/modules/addresses/addresses_user/addresses_user.module','addresses_user','module','',0,0,0,-1,0,'a:10:{s:4:\"core\";s:3:\"6.x\";s:11:\"description\";s:46:\"Let your users add addresses to their profiles\";s:12:\"dependencies\";a:1:{i:0;s:9:\"addresses\";}s:4:\"name\";s:17:\"Addresses - Users\";s:7:\"package\";s:9:\"Addresses\";s:7:\"version\";s:8:\"6.x-1.10\";s:7:\"project\";s:9:\"addresses\";s:9:\"datestamp\";s:10:\"1283982104\";s:10:\"dependents\";a:0:{}s:3:\"php\";s:5:\"4.3.5\";}');
INSERT INTO `system` VALUES ('sites/all/modules/autoload/autoload.module','autoload','module','',0,0,0,6001,-100,'a:9:{s:4:\"name\";s:8:\"Autoload\";s:11:\"description\";s:46:\"Helper module to autoload classes under PHP 5.\";s:3:\"php\";s:5:\"5.1.2\";s:4:\"core\";s:3:\"6.x\";s:7:\"version\";s:7:\"6.x-1.4\";s:7:\"project\";s:8:\"autoload\";s:9:\"datestamp\";s:10:\"1277856609\";s:12:\"dependencies\";a:0:{}s:10:\"dependents\";a:0:{}}');
INSERT INTO `system` VALUES ('sites/all/modules/better_formats/better_formats.module','better_formats','module','',1,0,0,6110,100,'a:9:{s:4:\"name\";s:14:\"Better Formats\";s:11:\"description\";s:85:\"Enhances the core input format system by managing input format defaults and settings.\";s:4:\"core\";s:3:\"6.x\";s:7:\"version\";s:7:\"6.x-1.2\";s:7:\"project\";s:14:\"better_formats\";s:9:\"datestamp\";s:10:\"1265402405\";s:12:\"dependencies\";a:0:{}s:10:\"dependents\";a:0:{}s:3:\"php\";s:5:\"4.3.5\";}');
INSERT INTO `system` VALUES ('sites/all/modules/cck/content.module','content','module','',1,0,0,6010,0,'a:10:{s:4:\"name\";s:7:\"Content\";s:11:\"description\";s:50:\"Allows administrators to define new content types.\";s:7:\"package\";s:3:\"CCK\";s:4:\"core\";s:3:\"6.x\";s:7:\"version\";s:7:\"6.x-2.8\";s:7:\"project\";s:3:\"cck\";s:9:\"datestamp\";s:10:\"1281570988\";s:12:\"dependencies\";a:0:{}s:10:\"dependents\";a:0:{}s:3:\"php\";s:5:\"4.3.5\";}');
INSERT INTO `system` VALUES ('sites/all/modules/cck/modules/content_copy/content_copy.module','content_copy','module','',0,0,0,-1,0,'a:10:{s:4:\"name\";s:12:\"Content Copy\";s:11:\"description\";s:51:\"Enables ability to import/export field definitions.\";s:12:\"dependencies\";a:1:{i:0;s:7:\"content\";}s:7:\"package\";s:3:\"CCK\";s:4:\"core\";s:3:\"6.x\";s:7:\"version\";s:7:\"6.x-2.8\";s:7:\"project\";s:3:\"cck\";s:9:\"datestamp\";s:10:\"1281570988\";s:10:\"dependents\";a:0:{}s:3:\"php\";s:5:\"4.3.5\";}');
INSERT INTO `system` VALUES ('sites/all/modules/cck/modules/content_permissions/content_permissions.module','content_permissions','module','',0,0,0,0,0,'a:10:{s:4:\"name\";s:19:\"Content Permissions\";s:11:\"description\";s:43:\"Set field-level permissions for CCK fields.\";s:7:\"package\";s:3:\"CCK\";s:4:\"core\";s:3:\"6.x\";s:12:\"dependencies\";a:1:{i:0;s:7:\"content\";}s:7:\"version\";s:7:\"6.x-2.8\";s:7:\"project\";s:3:\"cck\";s:9:\"datestamp\";s:10:\"1281570988\";s:10:\"dependents\";a:0:{}s:3:\"php\";s:5:\"4.3.5\";}');
INSERT INTO `system` VALUES ('sites/all/modules/cck/modules/fieldgroup/fieldgroup.module','fieldgroup','module','',1,0,0,6007,9,'a:10:{s:4:\"name\";s:10:\"Fieldgroup\";s:11:\"description\";s:37:\"Create display groups for CCK fields.\";s:12:\"dependencies\";a:1:{i:0;s:7:\"content\";}s:7:\"package\";s:3:\"CCK\";s:4:\"core\";s:3:\"6.x\";s:7:\"version\";s:7:\"6.x-2.8\";s:7:\"project\";s:3:\"cck\";s:9:\"datestamp\";s:10:\"1281570988\";s:10:\"dependents\";a:0:{}s:3:\"php\";s:5:\"4.3.5\";}');
INSERT INTO `system` VALUES ('sites/all/modules/cck/modules/nodereference/nodereference.module','nodereference','module','',1,0,0,6001,0,'a:10:{s:4:\"name\";s:14:\"Node Reference\";s:11:\"description\";s:59:\"Defines a field type for referencing one node from another.\";s:12:\"dependencies\";a:3:{i:0;s:7:\"content\";i:1;s:4:\"text\";i:2;s:13:\"optionwidgets\";}s:7:\"package\";s:3:\"CCK\";s:4:\"core\";s:3:\"6.x\";s:7:\"version\";s:7:\"6.x-2.8\";s:7:\"project\";s:3:\"cck\";s:9:\"datestamp\";s:10:\"1281570988\";s:10:\"dependents\";a:0:{}s:3:\"php\";s:5:\"4.3.5\";}');
INSERT INTO `system` VALUES ('sites/all/modules/cck/modules/number/number.module','number','module','',1,0,0,6000,0,'a:10:{s:4:\"name\";s:6:\"Number\";s:11:\"description\";s:28:\"Defines numeric field types.\";s:12:\"dependencies\";a:1:{i:0;s:7:\"content\";}s:7:\"package\";s:3:\"CCK\";s:4:\"core\";s:3:\"6.x\";s:7:\"version\";s:7:\"6.x-2.8\";s:7:\"project\";s:3:\"cck\";s:9:\"datestamp\";s:10:\"1281570988\";s:10:\"dependents\";a:0:{}s:3:\"php\";s:5:\"4.3.5\";}');
INSERT INTO `system` VALUES ('sites/all/modules/cck/modules/optionwidgets/optionwidgets.module','optionwidgets','module','',1,0,0,6001,0,'a:10:{s:4:\"name\";s:14:\"Option Widgets\";s:11:\"description\";s:82:\"Defines selection, check box and radio button widgets for text and numeric fields.\";s:12:\"dependencies\";a:1:{i:0;s:7:\"content\";}s:7:\"package\";s:3:\"CCK\";s:4:\"core\";s:3:\"6.x\";s:7:\"version\";s:7:\"6.x-2.8\";s:7:\"project\";s:3:\"cck\";s:9:\"datestamp\";s:10:\"1281570988\";s:10:\"dependents\";a:0:{}s:3:\"php\";s:5:\"4.3.5\";}');
INSERT INTO `system` VALUES ('sites/all/modules/cck/modules/text/text.module','text','module','',1,0,0,6003,0,'a:10:{s:4:\"name\";s:4:\"Text\";s:11:\"description\";s:32:\"Defines simple text field types.\";s:12:\"dependencies\";a:1:{i:0;s:7:\"content\";}s:7:\"package\";s:3:\"CCK\";s:4:\"core\";s:3:\"6.x\";s:7:\"version\";s:7:\"6.x-2.8\";s:7:\"project\";s:3:\"cck\";s:9:\"datestamp\";s:10:\"1281570988\";s:10:\"dependents\";a:0:{}s:3:\"php\";s:5:\"4.3.5\";}');
INSERT INTO `system` VALUES ('sites/all/modules/cck/modules/userreference/userreference.module','userreference','module','',1,0,0,6002,0,'a:10:{s:4:\"name\";s:14:\"User Reference\";s:11:\"description\";s:56:\"Defines a field type for referencing a user from a node.\";s:12:\"dependencies\";a:3:{i:0;s:7:\"content\";i:1;s:4:\"text\";i:2;s:13:\"optionwidgets\";}s:7:\"package\";s:3:\"CCK\";s:4:\"core\";s:3:\"6.x\";s:7:\"version\";s:7:\"6.x-2.8\";s:7:\"project\";s:3:\"cck\";s:9:\"datestamp\";s:10:\"1281570988\";s:10:\"dependents\";a:0:{}s:3:\"php\";s:5:\"4.3.5\";}');
INSERT INTO `system` VALUES ('sites/all/modules/contemplate/contemplate.module','contemplate','module','',0,0,0,6102,10,'a:10:{s:4:\"name\";s:17:\"Content Templates\";s:11:\"description\";s:64:\"Create templates to customize output of teaser and body content.\";s:7:\"package\";s:3:\"CCK\";s:4:\"core\";s:3:\"6.x\";s:7:\"version\";s:7:\"6.x-1.2\";s:7:\"project\";s:11:\"contemplate\";s:9:\"datestamp\";s:10:\"1279686006\";s:12:\"dependencies\";a:0:{}s:10:\"dependents\";a:0:{}s:3:\"php\";s:5:\"4.3.5\";}');
INSERT INTO `system` VALUES ('sites/all/modules/content_profile/content_profile.module','content_profile','module','',1,0,0,6004,-1,'a:10:{s:4:\"name\";s:15:\"Content Profile\";s:11:\"description\";s:36:\"Use content types for user profiles.\";s:7:\"package\";s:15:\"Content Profile\";s:4:\"core\";s:3:\"6.x\";s:7:\"version\";s:7:\"6.x-1.0\";s:7:\"project\";s:15:\"content_profile\";s:9:\"datestamp\";s:10:\"1270662007\";s:12:\"dependencies\";a:0:{}s:10:\"dependents\";a:0:{}s:3:\"php\";s:5:\"4.3.5\";}');
INSERT INTO `system` VALUES ('sites/all/modules/content_profile/modules/content_profile_registration.module','content_profile_registration','module','',0,0,0,-1,0,'a:10:{s:4:\"name\";s:33:\"Content Profile User Registration\";s:11:\"description\";s:56:\"Enable content profile features during user registration\";s:7:\"package\";s:15:\"Content Profile\";s:4:\"core\";s:3:\"6.x\";s:12:\"dependencies\";a:1:{i:0;s:15:\"content_profile\";}s:7:\"version\";s:7:\"6.x-1.0\";s:7:\"project\";s:15:\"content_profile\";s:9:\"datestamp\";s:10:\"1270662007\";s:10:\"dependents\";a:0:{}s:3:\"php\";s:5:\"4.3.5\";}');
INSERT INTO `system` VALUES ('sites/all/modules/content_profile/modules/content_profile_tokens.module','content_profile_tokens','module','',0,0,0,-1,0,'a:10:{s:4:\"name\";s:22:\"Content Profile Tokens\";s:11:\"description\";s:37:\"Add user tokens for content profiles.\";s:7:\"package\";s:15:\"Content Profile\";s:12:\"dependencies\";a:3:{i:0;s:15:\"content_profile\";i:1;s:5:\"token\";i:2;s:7:\"content\";}s:4:\"core\";s:3:\"6.x\";s:7:\"version\";s:7:\"6.x-1.0\";s:7:\"project\";s:15:\"content_profile\";s:9:\"datestamp\";s:10:\"1270662007\";s:10:\"dependents\";a:0:{}s:3:\"php\";s:5:\"4.3.5\";}');
INSERT INTO `system` VALUES ('sites/all/modules/ctools/bulk_export/bulk_export.module','bulk_export','module','',0,0,0,-1,0,'a:10:{s:4:\"name\";s:11:\"Bulk Export\";s:11:\"description\";s:67:\"Performs bulk exporting of data objects known about by Chaos tools.\";s:4:\"core\";s:3:\"6.x\";s:12:\"dependencies\";a:1:{i:0;s:6:\"ctools\";}s:7:\"package\";s:16:\"Chaos tool suite\";s:7:\"version\";s:7:\"6.x-1.8\";s:7:\"project\";s:6:\"ctools\";s:9:\"datestamp\";s:10:\"1288393844\";s:10:\"dependents\";a:0:{}s:3:\"php\";s:5:\"4.3.5\";}');
INSERT INTO `system` VALUES ('sites/all/modules/ctools/ctools.module','ctools','module','',1,0,0,6007,0,'a:10:{s:4:\"name\";s:11:\"Chaos tools\";s:11:\"description\";s:46:\"A library of helpful tools by Merlin of Chaos.\";s:4:\"core\";s:3:\"6.x\";s:7:\"package\";s:16:\"Chaos tool suite\";s:7:\"version\";s:7:\"6.x-1.8\";s:7:\"project\";s:6:\"ctools\";s:9:\"datestamp\";s:10:\"1288393844\";s:12:\"dependencies\";a:0:{}s:10:\"dependents\";a:0:{}s:3:\"php\";s:5:\"4.3.5\";}');
INSERT INTO `system` VALUES ('sites/all/modules/ctools/ctools_access_ruleset/ctools_access_ruleset.module','ctools_access_ruleset','module','',0,0,0,-1,0,'a:10:{s:4:\"name\";s:15:\"Custom rulesets\";s:11:\"description\";s:81:\"Create custom, exportable, reusable access rulesets for applications like Panels.\";s:4:\"core\";s:3:\"6.x\";s:7:\"package\";s:16:\"Chaos tool suite\";s:12:\"dependencies\";a:1:{i:0;s:6:\"ctools\";}s:7:\"version\";s:7:\"6.x-1.8\";s:7:\"project\";s:6:\"ctools\";s:9:\"datestamp\";s:10:\"1288393844\";s:10:\"dependents\";a:0:{}s:3:\"php\";s:5:\"4.3.5\";}');
INSERT INTO `system` VALUES ('sites/all/modules/ctools/ctools_ajax_sample/ctools_ajax_sample.module','ctools_ajax_sample','module','',0,0,0,-1,0,'a:10:{s:4:\"name\";s:33:\"Chaos Tools (CTools) AJAX Example\";s:11:\"description\";s:41:\"Shows how to use the power of Chaos AJAX.\";s:7:\"package\";s:16:\"Chaos tool suite\";s:12:\"dependencies\";a:1:{i:0;s:6:\"ctools\";}s:7:\"version\";s:7:\"6.x-1.8\";s:4:\"core\";s:3:\"6.x\";s:7:\"project\";s:6:\"ctools\";s:9:\"datestamp\";s:10:\"1288393844\";s:10:\"dependents\";a:0:{}s:3:\"php\";s:5:\"4.3.5\";}');
INSERT INTO `system` VALUES ('sites/all/modules/ctools/ctools_custom_content/ctools_custom_content.module','ctools_custom_content','module','',0,0,0,-1,0,'a:10:{s:4:\"name\";s:20:\"Custom content panes\";s:11:\"description\";s:79:\"Create custom, exportable, reusable content panes for applications like Panels.\";s:4:\"core\";s:3:\"6.x\";s:7:\"package\";s:16:\"Chaos tool suite\";s:12:\"dependencies\";a:1:{i:0;s:6:\"ctools\";}s:7:\"version\";s:7:\"6.x-1.8\";s:7:\"project\";s:6:\"ctools\";s:9:\"datestamp\";s:10:\"1288393844\";s:10:\"dependents\";a:0:{}s:3:\"php\";s:5:\"4.3.5\";}');
INSERT INTO `system` VALUES ('sites/all/modules/ctools/ctools_plugin_example/ctools_plugin_example.module','ctools_plugin_example','module','',0,0,0,-1,0,'a:10:{s:4:\"name\";s:35:\"Chaos Tools (CTools) Plugin Example\";s:11:\"description\";s:75:\"Shows how an external module can provide ctools plugins (for Panels, etc.).\";s:7:\"package\";s:16:\"Chaos tool suite\";s:12:\"dependencies\";a:4:{i:0;s:6:\"ctools\";i:1;s:6:\"panels\";i:2;s:12:\"page_manager\";i:3;s:13:\"advanced_help\";}s:4:\"core\";s:3:\"6.x\";s:7:\"version\";s:7:\"6.x-1.8\";s:7:\"project\";s:6:\"ctools\";s:9:\"datestamp\";s:10:\"1288393844\";s:10:\"dependents\";a:0:{}s:3:\"php\";s:5:\"4.3.5\";}');
INSERT INTO `system` VALUES ('sites/all/modules/ctools/page_manager/page_manager.module','page_manager','module','',0,0,0,-1,0,'a:10:{s:4:\"name\";s:12:\"Page manager\";s:11:\"description\";s:54:\"Provides a UI and API to manage pages within the site.\";s:4:\"core\";s:3:\"6.x\";s:12:\"dependencies\";a:1:{i:0;s:6:\"ctools\";}s:7:\"package\";s:16:\"Chaos tool suite\";s:7:\"version\";s:7:\"6.x-1.8\";s:7:\"project\";s:6:\"ctools\";s:9:\"datestamp\";s:10:\"1288393844\";s:10:\"dependents\";a:0:{}s:3:\"php\";s:5:\"4.3.5\";}');
INSERT INTO `system` VALUES ('sites/all/modules/ctools/stylizer/stylizer.module','stylizer','module','',0,0,0,-1,0,'a:10:{s:4:\"name\";s:8:\"Stylizer\";s:11:\"description\";s:53:\"Create custom styles for applications such as Panels.\";s:4:\"core\";s:3:\"6.x\";s:7:\"package\";s:16:\"Chaos tool suite\";s:12:\"dependencies\";a:1:{i:0;s:6:\"ctools\";}s:7:\"version\";s:7:\"6.x-1.8\";s:7:\"project\";s:6:\"ctools\";s:9:\"datestamp\";s:10:\"1288393844\";s:10:\"dependents\";a:0:{}s:3:\"php\";s:5:\"4.3.5\";}');
INSERT INTO `system` VALUES ('sites/all/modules/ctools/views_content/views_content.module','views_content','module','',0,0,0,-1,0,'a:10:{s:4:\"name\";s:19:\"Views content panes\";s:11:\"description\";s:104:\"Allows Views content to be used in Panels, Dashboard and other modules which use the CTools Content API.\";s:7:\"package\";s:16:\"Chaos tool suite\";s:12:\"dependencies\";a:2:{i:0;s:6:\"ctools\";i:1;s:5:\"views\";}s:4:\"core\";s:3:\"6.x\";s:7:\"version\";s:7:\"6.x-1.8\";s:7:\"project\";s:6:\"ctools\";s:9:\"datestamp\";s:10:\"1288393844\";s:10:\"dependents\";a:0:{}s:3:\"php\";s:5:\"4.3.5\";}');
INSERT INTO `system` VALUES ('sites/all/modules/custom_links/custom_links.module','custom_links','module','',1,0,0,1,0,'a:9:{s:4:\"name\";s:12:\"Custom Links\";s:11:\"description\";s:95:\"Allows administrators to add custom links to nodes. More By This Author, Visit Bob\'s Blog, etc.\";s:4:\"core\";s:3:\"6.x\";s:7:\"version\";s:7:\"6.x-1.4\";s:7:\"project\";s:12:\"custom_links\";s:9:\"datestamp\";s:10:\"1201425603\";s:12:\"dependencies\";a:0:{}s:10:\"dependents\";a:0:{}s:3:\"php\";s:5:\"4.3.5\";}');
INSERT INTO `system` VALUES ('sites/all/modules/diff/diff.module','diff','module','',1,0,0,0,0,'a:9:{s:4:\"name\";s:4:\"Diff\";s:11:\"description\";s:39:\"Show difference between node revisions.\";s:4:\"core\";s:3:\"6.x\";s:7:\"version\";s:7:\"6.x-2.1\";s:7:\"project\";s:4:\"diff\";s:9:\"datestamp\";s:10:\"1281632190\";s:12:\"dependencies\";a:0:{}s:10:\"dependents\";a:0:{}s:3:\"php\";s:5:\"4.3.5\";}');
INSERT INTO `system` VALUES ('sites/all/modules/email/email.module','email','module','',1,0,0,6001,0,'a:10:{s:4:\"name\";s:5:\"Email\";s:11:\"description\";s:35:\"Defines an email field type for cck\";s:12:\"dependencies\";a:1:{i:0;s:7:\"content\";}s:7:\"package\";s:3:\"CCK\";s:4:\"core\";s:3:\"6.x\";s:7:\"version\";s:7:\"6.x-1.2\";s:7:\"project\";s:5:\"email\";s:9:\"datestamp\";s:10:\"1244921128\";s:10:\"dependents\";a:0:{}s:3:\"php\";s:5:\"4.3.5\";}');
INSERT INTO `system` VALUES ('sites/all/modules/fb/contrib/fb_actions.module','fb_actions','module','',0,0,0,-1,0,'a:10:{s:4:\"name\";s:27:\"Drupal for Facebook Actions\";s:11:\"description\";s:135:\"Since facebook has deprecated user profiles, there is little reason to enable this module.  (May become deprecated in the near future).\";s:7:\"package\";s:29:\"Drupal for Facebook - contrib\";s:12:\"dependencies\";a:2:{i:0;s:2:\"fb\";i:1;s:7:\"trigger\";}s:4:\"core\";s:3:\"6.x\";s:7:\"version\";s:11:\"6.x-2.0-rc3\";s:7:\"project\";s:2:\"fb\";s:9:\"datestamp\";s:10:\"1287194184\";s:10:\"dependents\";a:0:{}s:3:\"php\";s:5:\"4.3.5\";}');
INSERT INTO `system` VALUES ('sites/all/modules/fb/contrib/fb_friend.module','fb_friend','module','',0,0,0,-1,0,'a:10:{s:4:\"name\";s:15:\"Friend Features\";s:11:\"description\";s:39:\"Blocks for showing and inviting friends\";s:7:\"package\";s:29:\"Drupal for Facebook - contrib\";s:4:\"core\";s:3:\"6.x\";s:12:\"dependencies\";a:3:{i:0;s:2:\"fb\";i:1;s:7:\"fb_form\";i:2;s:6:\"fb_app\";}s:7:\"version\";s:11:\"6.x-2.0-rc3\";s:7:\"project\";s:2:\"fb\";s:9:\"datestamp\";s:10:\"1287194184\";s:10:\"dependents\";a:0:{}s:3:\"php\";s:5:\"4.3.5\";}');
INSERT INTO `system` VALUES ('sites/all/modules/fb/contrib/fb_permission.module','fb_permission','module','',0,0,0,-1,0,'a:10:{s:4:\"name\";s:20:\"Extended Permissions\";s:11:\"description\";s:170:\"Extended Permissions allow apps to provide additional features, like posting to Streams and sending email.  This module helps you prompt users to grant those permissions.\";s:7:\"package\";s:29:\"Drupal for Facebook - contrib\";s:12:\"dependencies\";a:2:{i:0;s:2:\"fb\";i:1;s:6:\"fb_app\";}s:4:\"core\";s:3:\"6.x\";s:7:\"version\";s:11:\"6.x-2.0-rc3\";s:7:\"project\";s:2:\"fb\";s:9:\"datestamp\";s:10:\"1287194184\";s:10:\"dependents\";a:0:{}s:3:\"php\";s:5:\"4.3.5\";}');
INSERT INTO `system` VALUES ('sites/all/modules/fb/contrib/fb_register.module','fb_register','module','',0,0,0,-1,0,'a:10:{s:4:\"name\";s:14:\"Register Users\";s:11:\"description\";s:171:\"Avoid duplicate accounts when your site has local users who may become facebook application users.  See http://wiki.developers.facebook.com/index.php/Connect.registerUsers\";s:7:\"package\";s:29:\"Drupal for Facebook - contrib\";s:12:\"dependencies\";a:2:{i:0;s:2:\"fb\";i:1;s:6:\"fb_app\";}s:4:\"core\";s:3:\"6.x\";s:7:\"version\";s:11:\"6.x-2.0-rc3\";s:7:\"project\";s:2:\"fb\";s:9:\"datestamp\";s:10:\"1287194184\";s:10:\"dependents\";a:0:{}s:3:\"php\";s:5:\"4.3.5\";}');
INSERT INTO `system` VALUES ('sites/all/modules/fb/fb.module','fb','module','',0,0,0,6002,-2,'a:10:{s:4:\"name\";s:19:\"Drupal for Facebook\";s:11:\"description\";s:224:\"<strong>REQUIRED</strong>.  Imports and uses the Facebook API.  <strong>You must also</strong> download and install the Facebook client libraries, and make manual configuration changes.  (See <em>modules/fb/README.txt</em>.)\";s:7:\"package\";s:19:\"Drupal for Facebook\";s:4:\"core\";s:3:\"6.x\";s:3:\"php\";s:1:\"5\";s:7:\"version\";s:11:\"6.x-2.0-rc3\";s:7:\"project\";s:2:\"fb\";s:9:\"datestamp\";s:10:\"1287194184\";s:12:\"dependencies\";a:0:{}s:10:\"dependents\";a:0:{}}');
INSERT INTO `system` VALUES ('sites/all/modules/fb/fb_app.module','fb_app','module','',0,0,0,-1,0,'a:10:{s:4:\"name\";s:32:\"Drupal for Facebook Applications\";s:11:\"description\";s:133:\"Allows Drupal to host one or more Facebook Applications. <stong>REQUIRED</strong> (unless you have implemented a custom replacement).\";s:7:\"package\";s:19:\"Drupal for Facebook\";s:12:\"dependencies\";a:1:{i:0;s:2:\"fb\";}s:4:\"core\";s:3:\"6.x\";s:7:\"version\";s:11:\"6.x-2.0-rc3\";s:7:\"project\";s:2:\"fb\";s:9:\"datestamp\";s:10:\"1287194184\";s:10:\"dependents\";a:0:{}s:3:\"php\";s:5:\"4.3.5\";}');
INSERT INTO `system` VALUES ('sites/all/modules/fb/fb_canvas.module','fb_canvas','module','',0,0,0,-1,0,'a:10:{s:4:\"name\";s:12:\"Canvas Pages\";s:11:\"description\";s:127:\"For <a href=http://developers.facebook.com/get_started.php target=_blank>traditional Facebook Apps</a>.  Also for Profile Tabs.\";s:7:\"package\";s:19:\"Drupal for Facebook\";s:12:\"dependencies\";a:2:{i:0;s:2:\"fb\";i:1;s:6:\"fb_app\";}s:4:\"core\";s:3:\"6.x\";s:7:\"version\";s:11:\"6.x-2.0-rc3\";s:7:\"project\";s:2:\"fb\";s:9:\"datestamp\";s:10:\"1287194184\";s:10:\"dependents\";a:0:{}s:3:\"php\";s:5:\"4.3.5\";}');
INSERT INTO `system` VALUES ('sites/all/modules/fb/fb_connect.module','fb_connect','module','',0,0,0,-1,0,'a:10:{s:4:\"name\";s:16:\"Facebook Connect\";s:11:\"description\";s:202:\"For <a href=http://developers.facebook.com/connect.php target=_blank>Facebook Connect apps</a>.  Allow users to log in using Facebook credentials.  Include XFBML and facebook javascript in your website.\";s:7:\"package\";s:19:\"Drupal for Facebook\";s:4:\"core\";s:3:\"6.x\";s:12:\"dependencies\";a:2:{i:0;s:2:\"fb\";i:1;s:6:\"fb_app\";}s:7:\"version\";s:11:\"6.x-2.0-rc3\";s:7:\"project\";s:2:\"fb\";s:9:\"datestamp\";s:10:\"1287194184\";s:10:\"dependents\";a:0:{}s:3:\"php\";s:5:\"4.3.5\";}');
INSERT INTO `system` VALUES ('sites/all/modules/fb/fb_devel.module','fb_devel','module','',0,0,0,-1,0,'a:10:{s:4:\"name\";s:25:\"Drupal for Facebook Devel\";s:11:\"description\";s:234:\"<strong>HIGHLY RECOMMENDED</strong>.  Displays messages and blocks that help when developing and debugging Apps.  Do not even try to get started without this module.  Disable it later, on your production server when your site is live.\";s:7:\"package\";s:19:\"Drupal for Facebook\";s:12:\"dependencies\";a:2:{i:0;s:2:\"fb\";i:1;s:5:\"devel\";}s:4:\"core\";s:3:\"6.x\";s:7:\"version\";s:11:\"6.x-2.0-rc3\";s:7:\"project\";s:2:\"fb\";s:9:\"datestamp\";s:10:\"1287194184\";s:10:\"dependents\";a:0:{}s:3:\"php\";s:5:\"4.3.5\";}');
INSERT INTO `system` VALUES ('sites/all/modules/fb/fb_form.module','fb_form','module','',0,0,0,-1,0,'a:10:{s:4:\"name\";s:25:\"Drupal for Facebook Forms\";s:11:\"description\";s:47:\"Build FBML form constructs via Drupal Form API.\";s:7:\"package\";s:30:\"Drupal for Facebook - optional\";s:12:\"dependencies\";a:1:{i:0;s:2:\"fb\";}s:4:\"core\";s:3:\"6.x\";s:7:\"version\";s:11:\"6.x-2.0-rc3\";s:7:\"project\";s:2:\"fb\";s:9:\"datestamp\";s:10:\"1287194184\";s:10:\"dependents\";a:0:{}s:3:\"php\";s:5:\"4.3.5\";}');
INSERT INTO `system` VALUES ('sites/all/modules/fb/fb_stream.module','fb_stream','module','',0,0,0,-1,0,'a:10:{s:4:\"name\";s:27:\"Drupal for Facebook Streams\";s:11:\"description\";s:51:\"Post to Facebook Streams (a.k.a. News Feed or Wall)\";s:7:\"package\";s:30:\"Drupal for Facebook - optional\";s:12:\"dependencies\";a:1:{i:0;s:2:\"fb\";}s:4:\"core\";s:3:\"6.x\";s:7:\"version\";s:11:\"6.x-2.0-rc3\";s:7:\"project\";s:2:\"fb\";s:9:\"datestamp\";s:10:\"1287194184\";s:10:\"dependents\";a:0:{}s:3:\"php\";s:5:\"4.3.5\";}');
INSERT INTO `system` VALUES ('sites/all/modules/fb/fb_user.module','fb_user','module','',0,0,0,-1,0,'a:10:{s:4:\"name\";s:15:\"User Management\";s:11:\"description\";s:116:\"<strong>REQUIRED</strong> (unless your app is incredibly simple).  Create local accounts for users of Facebook Apps.\";s:7:\"package\";s:19:\"Drupal for Facebook\";s:12:\"dependencies\";a:2:{i:0;s:2:\"fb\";i:1;s:6:\"fb_app\";}s:4:\"core\";s:3:\"6.x\";s:7:\"version\";s:11:\"6.x-2.0-rc3\";s:7:\"project\";s:2:\"fb\";s:9:\"datestamp\";s:10:\"1287194184\";s:10:\"dependents\";a:0:{}s:3:\"php\";s:5:\"4.3.5\";}');
INSERT INTO `system` VALUES ('sites/all/modules/fb/fb_views/fb_views.module','fb_views','module','',0,0,0,-1,0,'a:10:{s:4:\"name\";s:25:\"Drupal for Facebook Views\";s:11:\"description\";s:61:\"Provides features specific to Views module for Facebook Apps.\";s:7:\"package\";s:30:\"Drupal for Facebook - optional\";s:4:\"core\";s:3:\"6.x\";s:12:\"dependencies\";a:2:{i:0;s:2:\"fb\";i:1;s:5:\"views\";}s:7:\"version\";s:11:\"6.x-2.0-rc3\";s:7:\"project\";s:2:\"fb\";s:9:\"datestamp\";s:10:\"1287194184\";s:10:\"dependents\";a:0:{}s:3:\"php\";s:5:\"4.3.5\";}');
INSERT INTO `system` VALUES ('sites/all/modules/features/features.module','features','module','',1,0,0,6101,20,'a:10:{s:4:\"name\";s:8:\"Features\";s:11:\"description\";s:39:\"Provides feature management for Drupal.\";s:4:\"core\";s:3:\"6.x\";s:7:\"package\";s:8:\"Features\";s:7:\"version\";s:7:\"6.x-1.0\";s:7:\"project\";s:8:\"features\";s:9:\"datestamp\";s:10:\"1282573607\";s:12:\"dependencies\";a:0:{}s:10:\"dependents\";a:0:{}s:3:\"php\";s:5:\"4.3.5\";}');
INSERT INTO `system` VALUES ('sites/all/modules/features/tests/features_test.module','features_test','module','',0,0,0,-1,0,'a:11:{s:4:\"core\";s:3:\"6.x\";s:12:\"dependencies\";a:4:{i:0;s:8:\"features\";i:1;s:10:\"fieldgroup\";i:2;s:4:\"text\";i:3;s:5:\"views\";}s:11:\"description\";s:33:\"Test module for Features testing.\";s:8:\"features\";a:8:{s:7:\"content\";a:3:{i:0;s:33:\"features_test-field_features_test\";i:1;s:41:\"features_test-field_features_test_child_a\";i:2;s:41:\"features_test-field_features_test_child_b\";}s:10:\"fieldgroup\";a:1:{i:0;s:33:\"features_test-group_features_test\";}s:6:\"filter\";a:1:{i:0;s:13:\"features_test\";}s:10:\"imagecache\";a:1:{i:0;s:13:\"features_test\";}s:4:\"node\";a:1:{i:0;s:13:\"features_test\";}s:15:\"user_permission\";a:1:{i:0;s:28:\"create features_test content\";}s:5:\"views\";a:1:{i:0;s:13:\"features_test\";}s:9:\"views_api\";a:1:{i:0;s:5:\"api:2\";}}s:4:\"name\";s:14:\"Features Tests\";s:7:\"package\";s:7:\"Testing\";s:7:\"version\";s:7:\"6.x-1.0\";s:7:\"project\";s:8:\"features\";s:9:\"datestamp\";s:10:\"1282573607\";s:10:\"dependents\";a:0:{}s:3:\"php\";s:5:\"4.3.5\";}');
INSERT INTO `system` VALUES ('sites/all/modules/filefield/filefield.module','filefield','module','',1,0,0,6104,0,'a:10:{s:4:\"name\";s:9:\"FileField\";s:11:\"description\";s:26:\"Defines a file field type.\";s:12:\"dependencies\";a:1:{i:0;s:7:\"content\";}s:7:\"package\";s:3:\"CCK\";s:4:\"core\";s:3:\"6.x\";s:3:\"php\";s:3:\"5.0\";s:7:\"version\";s:7:\"6.x-3.7\";s:7:\"project\";s:9:\"filefield\";s:9:\"datestamp\";s:10:\"1277943012\";s:10:\"dependents\";a:0:{}}');
INSERT INTO `system` VALUES ('sites/all/modules/filefield/filefield_meta/filefield_meta.module','filefield_meta','module','',0,0,0,-1,0,'a:10:{s:4:\"name\";s:14:\"FileField Meta\";s:11:\"description\";s:48:\"Add metadata gathering and storage to FileField.\";s:12:\"dependencies\";a:2:{i:0;s:9:\"filefield\";i:1;s:6:\"getid3\";}s:7:\"package\";s:3:\"CCK\";s:4:\"core\";s:3:\"6.x\";s:3:\"php\";s:3:\"5.0\";s:7:\"version\";s:7:\"6.x-3.7\";s:7:\"project\";s:9:\"filefield\";s:9:\"datestamp\";s:10:\"1277943012\";s:10:\"dependents\";a:0:{}}');
INSERT INTO `system` VALUES ('sites/all/modules/flag/flag.module','flag','module','',1,0,0,6005,0,'a:10:{s:4:\"name\";s:4:\"Flag\";s:11:\"description\";s:54:\"Create customized flags that users can set on content.\";s:4:\"core\";s:3:\"6.x\";s:7:\"package\";s:5:\"Flags\";s:7:\"version\";s:7:\"6.x-1.3\";s:7:\"project\";s:4:\"flag\";s:9:\"datestamp\";s:10:\"1273367107\";s:12:\"dependencies\";a:0:{}s:10:\"dependents\";a:0:{}s:3:\"php\";s:5:\"4.3.5\";}');
INSERT INTO `system` VALUES ('sites/all/modules/flag/flag_actions.module','flag_actions','module','',0,0,0,-1,0,'a:10:{s:4:\"name\";s:12:\"Flag actions\";s:11:\"description\";s:31:\"Execute actions on Flag events.\";s:4:\"core\";s:3:\"6.x\";s:12:\"dependencies\";a:1:{i:0;s:4:\"flag\";}s:7:\"package\";s:5:\"Flags\";s:7:\"version\";s:7:\"6.x-1.3\";s:7:\"project\";s:4:\"flag\";s:9:\"datestamp\";s:10:\"1273367107\";s:10:\"dependents\";a:0:{}s:3:\"php\";s:5:\"4.3.5\";}');
INSERT INTO `system` VALUES ('sites/all/modules/geonames/geonames.module','geonames','module','',1,0,0,6004,0,'a:10:{s:4:\"name\";s:12:\"GeoNames API\";s:11:\"description\";s:78:\"The GeoNames API provides the programming framework for the GeoNames services.\";s:7:\"package\";s:8:\"Geonames\";s:4:\"core\";s:3:\"6.x\";s:3:\"php\";s:3:\"5.1\";s:7:\"version\";s:7:\"6.x-1.4\";s:7:\"project\";s:8:\"geonames\";s:9:\"datestamp\";s:10:\"1270988707\";s:12:\"dependencies\";a:0:{}s:10:\"dependents\";a:0:{}}');
INSERT INTO `system` VALUES ('sites/all/modules/geonames/geonames_tools.module','geonames_tools','module','',1,0,0,0,0,'a:10:{s:4:\"name\";s:5:\"Tools\";s:11:\"description\";s:50:\"Various tools that depend on the Geonames Services\";s:12:\"dependencies\";a:1:{i:0;s:8:\"geonames\";}s:7:\"package\";s:8:\"Geonames\";s:4:\"core\";s:3:\"6.x\";s:7:\"version\";s:7:\"6.x-1.4\";s:7:\"project\";s:8:\"geonames\";s:9:\"datestamp\";s:10:\"1270988707\";s:10:\"dependents\";a:0:{}s:3:\"php\";s:5:\"4.3.5\";}');
INSERT INTO `system` VALUES ('sites/all/modules/geotest/geotest.module','geotest','module','',1,0,0,0,0,'a:7:{s:4:\"name\";s:7:\"Geotest\";s:11:\"description\";s:27:\"TODO: Description of module\";s:12:\"dependencies\";a:1:{i:0;s:8:\"geonames\";}s:4:\"core\";s:3:\"6.x\";s:10:\"dependents\";a:0:{}s:7:\"version\";N;s:3:\"php\";s:5:\"4.3.5\";}');
INSERT INTO `system` VALUES ('sites/all/modules/gmap/gmap.module','gmap','module','',0,0,0,-1,0,'a:10:{s:4:\"name\";s:4:\"GMap\";s:11:\"description\";s:53:\"Filter to allow insertion of a google map into a node\";s:4:\"core\";s:3:\"6.x\";s:7:\"package\";s:8:\"Location\";s:7:\"version\";s:7:\"6.x-1.1\";s:7:\"project\";s:4:\"gmap\";s:9:\"datestamp\";s:10:\"1278426618\";s:12:\"dependencies\";a:0:{}s:10:\"dependents\";a:0:{}s:3:\"php\";s:5:\"4.3.5\";}');
INSERT INTO `system` VALUES ('sites/all/modules/gmap/gmap_location.module','gmap_location','module','',0,0,0,-1,0,'a:10:{s:4:\"name\";s:13:\"GMap Location\";s:11:\"description\";s:50:\"Display location.module information on Google Maps\";s:7:\"package\";s:8:\"Location\";s:4:\"core\";s:3:\"6.x\";s:12:\"dependencies\";a:2:{i:0;s:4:\"gmap\";i:1;s:8:\"location\";}s:7:\"version\";s:7:\"6.x-1.1\";s:7:\"project\";s:4:\"gmap\";s:9:\"datestamp\";s:10:\"1278426618\";s:10:\"dependents\";a:0:{}s:3:\"php\";s:5:\"4.3.5\";}');
INSERT INTO `system` VALUES ('sites/all/modules/gmap/gmap_macro_builder.module','gmap_macro_builder','module','',0,0,0,-1,0,'a:10:{s:4:\"name\";s:18:\"GMap Macro Builder\";s:11:\"description\";s:28:\"UI for building GMap macros.\";s:7:\"package\";s:8:\"Location\";s:4:\"core\";s:3:\"6.x\";s:12:\"dependencies\";a:1:{i:0;s:4:\"gmap\";}s:7:\"version\";s:7:\"6.x-1.1\";s:7:\"project\";s:4:\"gmap\";s:9:\"datestamp\";s:10:\"1278426618\";s:10:\"dependents\";a:0:{}s:3:\"php\";s:5:\"4.3.5\";}');
INSERT INTO `system` VALUES ('sites/all/modules/gmap/gmap_taxonomy.module','gmap_taxonomy','module','',0,0,0,-1,0,'a:10:{s:4:\"name\";s:21:\"GMap Taxonomy Markers\";s:11:\"description\";s:22:\"Taxonomy based markers\";s:7:\"package\";s:8:\"Location\";s:4:\"core\";s:3:\"6.x\";s:12:\"dependencies\";a:2:{i:0;s:8:\"taxonomy\";i:1;s:4:\"gmap\";}s:7:\"version\";s:7:\"6.x-1.1\";s:7:\"project\";s:4:\"gmap\";s:9:\"datestamp\";s:10:\"1278426618\";s:10:\"dependents\";a:0:{}s:3:\"php\";s:5:\"4.3.5\";}');
INSERT INTO `system` VALUES ('sites/all/modules/gmaps/gmaps.module','gmaps','module','',1,0,0,6200,0,'a:10:{s:4:\"name\";s:5:\"GMaps\";s:11:\"description\";s:28:\"Google Maps API integration.\";s:4:\"core\";s:3:\"6.x\";s:12:\"dependencies\";a:2:{i:0;s:8:\"geonames\";i:1;s:9:\"jquery_ui\";}s:7:\"package\";s:17:\"Google Maps Tools\";s:7:\"version\";s:7:\"6.x-2.1\";s:7:\"project\";s:5:\"gmaps\";s:9:\"datestamp\";s:10:\"1273160107\";s:10:\"dependents\";a:0:{}s:3:\"php\";s:5:\"4.3.5\";}');
INSERT INTO `system` VALUES ('sites/all/modules/gmaps/modules/gmaps_cmo/gmaps_cmo.module','gmaps_cmo','module','',0,0,0,-1,0,'a:10:{s:4:\"name\";s:28:\"GMaps Content marker options\";s:11:\"description\";s:54:\"Content-type based marker options for content markers.\";s:4:\"core\";s:3:\"6.x\";s:12:\"dependencies\";a:2:{i:0;s:5:\"gmaps\";i:1;s:11:\"gmaps_views\";}s:7:\"package\";s:17:\"Google Maps Tools\";s:7:\"version\";s:7:\"6.x-2.1\";s:7:\"project\";s:5:\"gmaps\";s:9:\"datestamp\";s:10:\"1273160107\";s:10:\"dependents\";a:0:{}s:3:\"php\";s:5:\"4.3.5\";}');
INSERT INTO `system` VALUES ('sites/all/modules/gmaps/modules/gmaps_content/gmaps_content.module','gmaps_content','module','',1,0,0,6000,0,'a:10:{s:4:\"name\";s:13:\"GMaps Content\";s:11:\"description\";s:91:\"Distance, address, point and address \'n\' point CCK Fields with Views and Token integration.\";s:4:\"core\";s:3:\"6.x\";s:12:\"dependencies\";a:2:{i:0;s:5:\"gmaps\";i:1;s:7:\"content\";}s:7:\"package\";s:17:\"Google Maps Tools\";s:7:\"version\";s:7:\"6.x-2.1\";s:7:\"project\";s:5:\"gmaps\";s:9:\"datestamp\";s:10:\"1273160107\";s:10:\"dependents\";a:0:{}s:3:\"php\";s:5:\"4.3.5\";}');
INSERT INTO `system` VALUES ('sites/all/modules/gmaps/modules/gmaps_content_devel/gmaps_content_devel.module','gmaps_content_devel','module','',0,0,0,-1,0,'a:10:{s:4:\"name\";s:25:\"GMaps Content Development\";s:11:\"description\";s:40:\"CCK widget testing pages for developers.\";s:4:\"core\";s:3:\"6.x\";s:12:\"dependencies\";a:2:{i:0;s:13:\"gmaps_content\";i:1;s:11:\"gmaps_devel\";}s:7:\"package\";s:17:\"Google Maps Tools\";s:7:\"version\";s:7:\"6.x-2.1\";s:7:\"project\";s:5:\"gmaps\";s:9:\"datestamp\";s:10:\"1273160107\";s:10:\"dependents\";a:0:{}s:3:\"php\";s:5:\"4.3.5\";}');
INSERT INTO `system` VALUES ('sites/all/modules/gmaps/modules/gmaps_devel/gmaps_devel.module','gmaps_devel','module','',0,0,0,-1,0,'a:10:{s:4:\"name\";s:17:\"GMaps Development\";s:11:\"description\";s:29:\"Various pages for developers.\";s:4:\"core\";s:3:\"6.x\";s:12:\"dependencies\";a:2:{i:0;s:5:\"gmaps\";i:1;s:5:\"devel\";}s:7:\"package\";s:17:\"Google Maps Tools\";s:7:\"version\";s:7:\"6.x-2.1\";s:7:\"project\";s:5:\"gmaps\";s:9:\"datestamp\";s:10:\"1273160107\";s:10:\"dependents\";a:0:{}s:3:\"php\";s:5:\"4.3.5\";}');
INSERT INTO `system` VALUES ('sites/all/modules/gmaps/modules/gmaps_taxonomy/gmaps_taxonomy.module','gmaps_taxonomy','module','',0,0,0,-1,0,'a:10:{s:4:\"name\";s:14:\"GMaps Taxonomy\";s:11:\"description\";s:35:\"GMaps Content Taxonomy integration.\";s:4:\"core\";s:3:\"6.x\";s:12:\"dependencies\";a:3:{i:0;s:13:\"gmaps_content\";i:1;s:8:\"taxonomy\";i:2;s:4:\"menu\";}s:7:\"package\";s:17:\"Google Maps Tools\";s:7:\"version\";s:7:\"6.x-2.1\";s:7:\"project\";s:5:\"gmaps\";s:9:\"datestamp\";s:10:\"1273160107\";s:10:\"dependents\";a:0:{}s:3:\"php\";s:5:\"4.3.5\";}');
INSERT INTO `system` VALUES ('sites/all/modules/gmaps/modules/gmaps_term/gmaps_term.module','gmaps_term','module','',0,0,0,-1,0,'a:10:{s:4:\"name\";s:10:\"GMaps Term\";s:11:\"description\";s:68:\"Geodesical data and marker options for terms with Views integration.\";s:4:\"core\";s:3:\"6.x\";s:12:\"dependencies\";a:2:{i:0;s:5:\"gmaps\";i:1;s:8:\"taxonomy\";}s:7:\"package\";s:17:\"Google Maps Tools\";s:7:\"version\";s:7:\"6.x-2.1\";s:7:\"project\";s:5:\"gmaps\";s:9:\"datestamp\";s:10:\"1273160107\";s:10:\"dependents\";a:0:{}s:3:\"php\";s:5:\"4.3.5\";}');
INSERT INTO `system` VALUES ('sites/all/modules/gmaps/modules/gmaps_user/gmaps_user.module','gmaps_user','module','',0,0,0,-1,0,'a:10:{s:4:\"name\";s:10:\"GMaps User\";s:11:\"description\";s:68:\"Geodesical data and marker options for users with Views integration.\";s:4:\"core\";s:3:\"6.x\";s:12:\"dependencies\";a:1:{i:0;s:5:\"gmaps\";}s:7:\"package\";s:17:\"Google Maps Tools\";s:7:\"version\";s:7:\"6.x-2.1\";s:7:\"project\";s:5:\"gmaps\";s:9:\"datestamp\";s:10:\"1273160107\";s:10:\"dependents\";a:0:{}s:3:\"php\";s:5:\"4.3.5\";}');
INSERT INTO `system` VALUES ('sites/all/modules/gmaps/modules/gmaps_views/gmaps_views.module','gmaps_views','module','',0,0,0,-1,0,'a:10:{s:4:\"name\";s:11:\"GMaps Views\";s:11:\"description\";s:68:\"Tabs, Accordion, Interactive and static map style plugins for Views.\";s:4:\"core\";s:3:\"6.x\";s:12:\"dependencies\";a:2:{i:0;s:5:\"gmaps\";i:1;s:5:\"views\";}s:7:\"package\";s:17:\"Google Maps Tools\";s:7:\"version\";s:7:\"6.x-2.1\";s:7:\"project\";s:5:\"gmaps\";s:9:\"datestamp\";s:10:\"1273160107\";s:10:\"dependents\";a:0:{}s:3:\"php\";s:5:\"4.3.5\";}');
INSERT INTO `system` VALUES ('sites/all/modules/gmaps/modules/gmaps_views_geo/gmaps_views_geo.module','gmaps_views_geo','module','',0,0,0,-1,0,'a:10:{s:4:\"name\";s:15:\"GMaps Views Geo\";s:11:\"description\";s:59:\"Geo module based point option handlers for content markers.\";s:4:\"core\";s:3:\"6.x\";s:12:\"dependencies\";a:2:{i:0;s:11:\"gmaps_views\";i:1;s:9:\"geo_field\";}s:7:\"package\";s:17:\"Google Maps Tools\";s:7:\"version\";s:7:\"6.x-2.1\";s:7:\"project\";s:5:\"gmaps\";s:9:\"datestamp\";s:10:\"1273160107\";s:10:\"dependents\";a:0:{}s:3:\"php\";s:5:\"4.3.5\";}');
INSERT INTO `system` VALUES ('sites/all/modules/gmaps/modules/gmaps_views_geotaxonomy/gmaps_views_geotaxonomy.module','gmaps_views_geotaxonomy','module','',0,0,0,-1,0,'a:10:{s:4:\"name\";s:24:\"GMaps Views Geo Taxonomy\";s:11:\"description\";s:65:\"Geo Taxonomy module based point option handlers for term markers.\";s:4:\"core\";s:3:\"6.x\";s:12:\"dependencies\";a:2:{i:0;s:11:\"gmaps_views\";i:1;s:11:\"geotaxonomy\";}s:7:\"package\";s:17:\"Google Maps Tools\";s:7:\"version\";s:7:\"6.x-2.1\";s:7:\"project\";s:5:\"gmaps\";s:9:\"datestamp\";s:10:\"1273160107\";s:10:\"dependents\";a:0:{}s:3:\"php\";s:5:\"4.3.5\";}');
INSERT INTO `system` VALUES ('sites/all/modules/gmaps/modules/gmaps_views_location/gmaps_views_location.module','gmaps_views_location','module','',0,0,0,-1,0,'a:10:{s:4:\"name\";s:20:\"GMaps Views Location\";s:11:\"description\";s:73:\"Location module based point option handlers for content and user markers.\";s:4:\"core\";s:3:\"6.x\";s:12:\"dependencies\";a:2:{i:0;s:11:\"gmaps_views\";i:1;s:8:\"location\";}s:7:\"package\";s:17:\"Google Maps Tools\";s:7:\"version\";s:7:\"6.x-2.1\";s:7:\"project\";s:5:\"gmaps\";s:9:\"datestamp\";s:10:\"1273160107\";s:10:\"dependents\";a:0:{}s:3:\"php\";s:5:\"4.3.5\";}');
INSERT INTO `system` VALUES ('sites/all/modules/guides_card_workflow/guides_card_workflow.module','guides_card_workflow','module','',0,0,0,0,0,'a:9:{s:4:\"core\";s:3:\"6.x\";s:12:\"dependencies\";a:16:{i:0;s:5:\"email\";i:1;s:8:\"features\";i:2;s:10:\"fieldgroup\";i:3;s:4:\"flag\";i:4;s:13:\"gmaps_content\";i:5;s:14:\"guides_helpers\";i:6;s:10:\"imagecache\";i:7;s:10:\"imagefield\";i:8;s:19:\"inline_registration\";i:9;s:4:\"menu\";i:10;s:4:\"node\";i:11;s:17:\"nodereference_url\";i:12;s:5:\"rules\";i:13;s:6:\"system\";i:14;s:4:\"user\";i:15;s:5:\"views\";}s:11:\"description\";s:54:\"Все операции с карточкой гида\";s:8:\"features\";a:9:{s:7:\"content\";a:7:{i:0;s:19:\"guide-field_addinfo\";i:1;s:16:\"guide-field_mail\";i:2;s:17:\"guide-field_phone\";i:3;s:17:\"guide-field_photo\";i:4;s:17:\"guide-field_place\";i:5;s:17:\"guide-field_skype\";i:6;s:23:\"testimonial-field_guide\";}s:10:\"fieldgroup\";a:1:{i:0;s:20:\"guide-group_contacts\";}s:10:\"imagecache\";a:2:{i:0;s:10:\"guide_face\";i:1;s:7:\"userpic\";}s:10:\"menu_links\";a:1:{i:0;s:20:\"primary-links:guides\";}s:4:\"node\";a:2:{i:0;s:5:\"guide\";i:1;s:11:\"testimonial\";}s:16:\"rules_categories\";a:1:{i:0;s:6:\"guides\";}s:15:\"user_permission\";a:6:{i:0;s:20:\"create guide content\";i:1;s:26:\"create testimonial content\";i:2;s:24:\"delete own guide content\";i:3;s:30:\"delete own testimonial content\";i:4;s:22:\"edit own guide content\";i:5;s:28:\"edit own testimonial content\";}s:5:\"views\";a:2:{i:0;s:6:\"guides\";i:1;s:12:\"testimonials\";}s:9:\"views_api\";a:1:{i:0;s:5:\"api:2\";}}s:4:\"name\";s:20:\"Guides card workflow\";s:7:\"package\";s:8:\"Features\";s:10:\"dependents\";a:0:{}s:7:\"version\";N;s:3:\"php\";s:5:\"4.3.5\";}');
INSERT INTO `system` VALUES ('sites/all/modules/guides_helpers/guides_helpers.module','guides_helpers','module','',1,0,0,0,0,'a:7:{s:4:\"name\";s:14:\"Guides helpers\";s:11:\"description\";s:27:\"TODO: Description of module\";s:4:\"core\";s:3:\"6.x\";s:12:\"dependencies\";a:0:{}s:10:\"dependents\";a:0:{}s:7:\"version\";N;s:3:\"php\";s:5:\"4.3.5\";}');
INSERT INTO `system` VALUES ('sites/all/modules/guides_news/guides_news.module','guides_news','module','',1,0,0,0,0,'a:9:{s:4:\"core\";s:3:\"6.x\";s:12:\"dependencies\";a:3:{i:0;s:8:\"features\";i:1;s:4:\"menu\";i:2;s:5:\"views\";}s:11:\"description\";s:14:\"Новости\";s:8:\"features\";a:4:{s:10:\"menu_links\";a:1:{i:0;s:18:\"primary-links:news\";}s:4:\"node\";a:1:{i:0;s:4:\"news\";}s:5:\"views\";a:1:{i:0;s:4:\"news\";}s:9:\"views_api\";a:1:{i:0;s:5:\"api:2\";}}s:4:\"name\";s:4:\"News\";s:7:\"package\";s:8:\"Features\";s:10:\"dependents\";a:0:{}s:7:\"version\";N;s:3:\"php\";s:5:\"4.3.5\";}');
INSERT INTO `system` VALUES ('sites/all/modules/imageapi/imageapi.module','imageapi','module','',1,0,0,0,0,'a:10:{s:4:\"name\";s:8:\"ImageAPI\";s:11:\"description\";s:38:\"ImageAPI supporting multiple toolkits.\";s:7:\"package\";s:10:\"ImageCache\";s:4:\"core\";s:3:\"6.x\";s:3:\"php\";s:3:\"5.1\";s:7:\"version\";s:7:\"6.x-1.9\";s:7:\"project\";s:8:\"imageapi\";s:9:\"datestamp\";s:10:\"1287340884\";s:12:\"dependencies\";a:0:{}s:10:\"dependents\";a:0:{}}');
INSERT INTO `system` VALUES ('sites/all/modules/imageapi/imageapi_gd.module','imageapi_gd','module','',1,0,0,0,0,'a:10:{s:4:\"name\";s:12:\"ImageAPI GD2\";s:11:\"description\";s:49:\"Uses PHP\'s built-in GD2 image processing support.\";s:7:\"package\";s:10:\"ImageCache\";s:4:\"core\";s:3:\"6.x\";s:7:\"version\";s:7:\"6.x-1.9\";s:7:\"project\";s:8:\"imageapi\";s:9:\"datestamp\";s:10:\"1287340884\";s:12:\"dependencies\";a:0:{}s:10:\"dependents\";a:0:{}s:3:\"php\";s:5:\"4.3.5\";}');
INSERT INTO `system` VALUES ('sites/all/modules/imageapi/imageapi_imagemagick.module','imageapi_imagemagick','module','',0,0,0,-1,0,'a:10:{s:4:\"name\";s:20:\"ImageAPI ImageMagick\";s:11:\"description\";s:33:\"Command Line ImageMagick support.\";s:7:\"package\";s:10:\"ImageCache\";s:4:\"core\";s:3:\"6.x\";s:7:\"version\";s:7:\"6.x-1.9\";s:7:\"project\";s:8:\"imageapi\";s:9:\"datestamp\";s:10:\"1287340884\";s:12:\"dependencies\";a:0:{}s:10:\"dependents\";a:0:{}s:3:\"php\";s:5:\"4.3.5\";}');
INSERT INTO `system` VALUES ('sites/all/modules/imagecache/imagecache.module','imagecache','module','',1,0,0,6001,0,'a:10:{s:4:\"name\";s:10:\"ImageCache\";s:11:\"description\";s:36:\"Dynamic image manipulator and cache.\";s:7:\"package\";s:10:\"ImageCache\";s:12:\"dependencies\";a:1:{i:0;s:8:\"imageapi\";}s:4:\"core\";s:3:\"6.x\";s:7:\"version\";s:14:\"6.x-2.0-beta10\";s:7:\"project\";s:10:\"imagecache\";s:9:\"datestamp\";s:10:\"1250716281\";s:10:\"dependents\";a:0:{}s:3:\"php\";s:5:\"4.3.5\";}');
INSERT INTO `system` VALUES ('sites/all/modules/imagecache/imagecache_ui.module','imagecache_ui','module','',1,0,0,0,0,'a:10:{s:4:\"name\";s:13:\"ImageCache UI\";s:11:\"description\";s:26:\"ImageCache User Interface.\";s:12:\"dependencies\";a:2:{i:0;s:10:\"imagecache\";i:1;s:8:\"imageapi\";}s:7:\"package\";s:10:\"ImageCache\";s:4:\"core\";s:3:\"6.x\";s:7:\"version\";s:14:\"6.x-2.0-beta10\";s:7:\"project\";s:10:\"imagecache\";s:9:\"datestamp\";s:10:\"1250716281\";s:10:\"dependents\";a:0:{}s:3:\"php\";s:5:\"4.3.5\";}');
INSERT INTO `system` VALUES ('sites/all/modules/imagefield/imagefield.module','imagefield','module','',1,0,0,6006,0,'a:10:{s:4:\"name\";s:10:\"ImageField\";s:11:\"description\";s:28:\"Defines an image field type.\";s:4:\"core\";s:3:\"6.x\";s:12:\"dependencies\";a:2:{i:0;s:7:\"content\";i:1;s:9:\"filefield\";}s:7:\"package\";s:3:\"CCK\";s:7:\"version\";s:7:\"6.x-3.7\";s:7:\"project\";s:10:\"imagefield\";s:9:\"datestamp\";s:10:\"1277942710\";s:10:\"dependents\";a:0:{}s:3:\"php\";s:5:\"4.3.5\";}');
INSERT INTO `system` VALUES ('sites/all/modules/inline_registration/inline_registration.module','inline_registration','module','',1,0,0,0,0,'a:10:{s:4:\"name\";s:19:\"Inline Registration\";s:11:\"description\";s:57:\"Allows anonymous users to register via the node/add page.\";s:7:\"package\";s:5:\"Other\";s:4:\"core\";s:3:\"6.x\";s:7:\"version\";s:11:\"6.x-1.x-dev\";s:7:\"project\";s:19:\"inline_registration\";s:9:\"datestamp\";s:10:\"1278834594\";s:12:\"dependencies\";a:0:{}s:10:\"dependents\";a:0:{}s:3:\"php\";s:5:\"4.3.5\";}');
INSERT INTO `system` VALUES ('sites/all/modules/inputstream/inputstream.module','inputstream','module','',0,0,0,0,0,'a:9:{s:4:\"name\";s:19:\"Input stream helper\";s:11:\"description\";s:87:\"Provides a stream-wrapper for drupal://input that should be used instead of php://input\";s:4:\"core\";s:3:\"6.x\";s:3:\"php\";s:3:\"5.2\";s:7:\"version\";s:7:\"6.x-1.0\";s:7:\"project\";s:11:\"inputstream\";s:9:\"datestamp\";s:10:\"1242123338\";s:12:\"dependencies\";a:0:{}s:10:\"dependents\";a:0:{}}');
INSERT INTO `system` VALUES ('sites/all/modules/jquery_ui/jquery_ui.module','jquery_ui','module','',1,0,0,0,0,'a:10:{s:4:\"name\";s:9:\"jQuery UI\";s:11:\"description\";s:55:\"Provides the jQuery UI plug-in to other Drupal modules.\";s:7:\"package\";s:14:\"User interface\";s:4:\"core\";s:3:\"6.x\";s:7:\"version\";s:7:\"6.x-1.4\";s:7:\"project\";s:9:\"jquery_ui\";s:9:\"datestamp\";s:10:\"1284001909\";s:12:\"dependencies\";a:0:{}s:10:\"dependents\";a:0:{}s:3:\"php\";s:5:\"4.3.5\";}');
INSERT INTO `system` VALUES ('sites/all/modules/l10n_client/l10n_client.module','l10n_client','module','',1,0,0,0,0,'a:10:{s:4:\"name\";s:19:\"Localization client\";s:11:\"description\";s:29:\"Provides on-page localization\";s:12:\"dependencies\";a:1:{i:0;s:6:\"locale\";}s:4:\"core\";s:3:\"6.x\";s:7:\"package\";s:13:\"Multilanguage\";s:7:\"version\";s:7:\"6.x-1.8\";s:7:\"project\";s:11:\"l10n_client\";s:9:\"datestamp\";s:10:\"1280784974\";s:10:\"dependents\";a:0:{}s:3:\"php\";s:5:\"4.3.5\";}');
INSERT INTO `system` VALUES ('sites/all/modules/lightbox2/lightbox2.module','lightbox2','module','',1,0,0,6003,0,'a:9:{s:4:\"name\";s:9:\"Lightbox2\";s:11:\"description\";s:28:\"Enables Lightbox2 for Drupal\";s:4:\"core\";s:3:\"6.x\";s:7:\"version\";s:8:\"6.x-1.11\";s:7:\"project\";s:9:\"lightbox2\";s:9:\"datestamp\";s:10:\"1285342563\";s:12:\"dependencies\";a:0:{}s:10:\"dependents\";a:0:{}s:3:\"php\";s:5:\"4.3.5\";}');
INSERT INTO `system` VALUES ('sites/all/modules/location/contrib/location_addanother/location_addanother.module','location_addanother','module','',0,0,0,-1,0,'a:10:{s:4:\"name\";s:20:\"Location Add Another\";s:11:\"description\";s:94:\"Allows you to quickly add locations directly from a node without having to click \'edit\' first.\";s:12:\"dependencies\";a:2:{i:0;s:8:\"location\";i:1;s:13:\"location_node\";}s:7:\"package\";s:8:\"Location\";s:4:\"core\";s:3:\"6.x\";s:7:\"version\";s:7:\"6.x-3.1\";s:7:\"project\";s:8:\"location\";s:9:\"datestamp\";s:10:\"1278427508\";s:10:\"dependents\";a:0:{}s:3:\"php\";s:5:\"4.3.5\";}');
INSERT INTO `system` VALUES ('sites/all/modules/location/contrib/location_cck/location_cck.module','location_cck','module','',0,0,0,-1,0,'a:10:{s:4:\"name\";s:12:\"Location CCK\";s:11:\"description\";s:30:\"Defines a Location field type.\";s:4:\"core\";s:3:\"6.x\";s:7:\"package\";s:3:\"CCK\";s:12:\"dependencies\";a:2:{i:0;s:8:\"location\";i:1;s:7:\"content\";}s:7:\"version\";s:7:\"6.x-3.1\";s:7:\"project\";s:8:\"location\";s:9:\"datestamp\";s:10:\"1278427508\";s:10:\"dependents\";a:0:{}s:3:\"php\";s:5:\"4.3.5\";}');
INSERT INTO `system` VALUES ('sites/all/modules/location/contrib/location_fax/location_fax.module','location_fax','module','',0,0,0,-1,0,'a:10:{s:4:\"name\";s:12:\"Location Fax\";s:7:\"package\";s:8:\"Location\";s:11:\"description\";s:45:\"Allows you to add a fax number to a location.\";s:12:\"dependencies\";a:1:{i:0;s:8:\"location\";}s:4:\"core\";s:3:\"6.x\";s:7:\"version\";s:7:\"6.x-3.1\";s:7:\"project\";s:8:\"location\";s:9:\"datestamp\";s:10:\"1278427508\";s:10:\"dependents\";a:0:{}s:3:\"php\";s:5:\"4.3.5\";}');
INSERT INTO `system` VALUES ('sites/all/modules/location/contrib/location_generate/location_generate.module','location_generate','module','',0,0,0,-1,0,'a:10:{s:4:\"name\";s:17:\"Location Generate\";s:11:\"description\";s:52:\"Bulk assign random latitude and longitudes to nodes.\";s:7:\"package\";s:11:\"Development\";s:4:\"core\";s:3:\"6.x\";s:12:\"dependencies\";a:2:{i:0;s:14:\"devel_generate\";i:1;s:8:\"location\";}s:7:\"version\";s:7:\"6.x-3.1\";s:7:\"project\";s:8:\"location\";s:9:\"datestamp\";s:10:\"1278427508\";s:10:\"dependents\";a:0:{}s:3:\"php\";s:5:\"4.3.5\";}');
INSERT INTO `system` VALUES ('sites/all/modules/location/contrib/location_phone/location_phone.module','location_phone','module','',0,0,0,-1,0,'a:10:{s:4:\"name\";s:14:\"Location Phone\";s:7:\"package\";s:8:\"Location\";s:11:\"description\";s:47:\"Allows you to add a phone number to a location.\";s:12:\"dependencies\";a:1:{i:0;s:8:\"location\";}s:4:\"core\";s:3:\"6.x\";s:7:\"version\";s:7:\"6.x-3.1\";s:7:\"project\";s:8:\"location\";s:9:\"datestamp\";s:10:\"1278427508\";s:10:\"dependents\";a:0:{}s:3:\"php\";s:5:\"4.3.5\";}');
INSERT INTO `system` VALUES ('sites/all/modules/location/contrib/location_search/location_search.module','location_search','module','',0,0,0,-1,0,'a:10:{s:4:\"name\";s:15:\"Location Search\";s:7:\"package\";s:8:\"Location\";s:11:\"description\";s:35:\"Advanced search page for locations.\";s:4:\"core\";s:3:\"6.x\";s:12:\"dependencies\";a:3:{i:0;s:6:\"search\";i:1;s:8:\"location\";i:2;s:4:\"gmap\";}s:7:\"version\";s:7:\"6.x-3.1\";s:7:\"project\";s:8:\"location\";s:9:\"datestamp\";s:10:\"1278427508\";s:10:\"dependents\";a:0:{}s:3:\"php\";s:5:\"4.3.5\";}');
INSERT INTO `system` VALUES ('sites/all/modules/location/contrib/location_taxonomy/location_taxonomy.module','location_taxonomy','module','',0,0,0,-1,0,'a:10:{s:4:\"name\";s:17:\"Location Taxonomy\";s:11:\"description\";s:40:\"Associate locations with taxonomy terms.\";s:12:\"dependencies\";a:2:{i:0;s:8:\"location\";i:1;s:8:\"taxonomy\";}s:7:\"package\";s:8:\"Location\";s:4:\"core\";s:3:\"6.x\";s:7:\"version\";s:7:\"6.x-3.1\";s:7:\"project\";s:8:\"location\";s:9:\"datestamp\";s:10:\"1278427508\";s:10:\"dependents\";a:0:{}s:3:\"php\";s:5:\"4.3.5\";}');
INSERT INTO `system` VALUES ('sites/all/modules/location/location.module','location','module','',0,0,0,-1,0,'a:10:{s:4:\"name\";s:8:\"Location\";s:7:\"package\";s:8:\"Location\";s:11:\"description\";s:213:\"The location module allows you to associate a geographic location with content and users. Users can do proximity searches by postal code.  This is useful for organizing communities that have a geographic presence.\";s:4:\"core\";s:3:\"6.x\";s:7:\"version\";s:7:\"6.x-3.1\";s:7:\"project\";s:8:\"location\";s:9:\"datestamp\";s:10:\"1278427508\";s:12:\"dependencies\";a:0:{}s:10:\"dependents\";a:0:{}s:3:\"php\";s:5:\"4.3.5\";}');
INSERT INTO `system` VALUES ('sites/all/modules/location/location_node.module','location_node','module','',0,0,0,-1,0,'a:10:{s:4:\"name\";s:14:\"Node Locations\";s:11:\"description\";s:31:\"Associate locations with nodes.\";s:12:\"dependencies\";a:1:{i:0;s:8:\"location\";}s:7:\"package\";s:8:\"Location\";s:4:\"core\";s:3:\"6.x\";s:7:\"version\";s:7:\"6.x-3.1\";s:7:\"project\";s:8:\"location\";s:9:\"datestamp\";s:10:\"1278427508\";s:10:\"dependents\";a:0:{}s:3:\"php\";s:5:\"4.3.5\";}');
INSERT INTO `system` VALUES ('sites/all/modules/location/location_user.module','location_user','module','',0,0,0,-1,0,'a:10:{s:4:\"name\";s:14:\"User Locations\";s:11:\"description\";s:31:\"Associate locations with users.\";s:12:\"dependencies\";a:1:{i:0;s:8:\"location\";}s:7:\"package\";s:8:\"Location\";s:4:\"core\";s:3:\"6.x\";s:7:\"version\";s:7:\"6.x-3.1\";s:7:\"project\";s:8:\"location\";s:9:\"datestamp\";s:10:\"1278427508\";s:10:\"dependents\";a:0:{}s:3:\"php\";s:5:\"4.3.5\";}');
INSERT INTO `system` VALUES ('sites/all/modules/module_builder/module_builder.module','module_builder','module','',1,0,0,0,0,'a:10:{s:4:\"name\";s:14:\"Module Builder\";s:11:\"description\";s:38:\"Builds scaffolding for custom modules.\";s:7:\"package\";s:11:\"Development\";s:4:\"core\";s:3:\"6.x\";s:7:\"version\";s:11:\"6.x-2.x-dev\";s:7:\"project\";s:14:\"module_builder\";s:9:\"datestamp\";s:10:\"1287922352\";s:12:\"dependencies\";a:0:{}s:10:\"dependents\";a:0:{}s:3:\"php\";s:5:\"4.3.5\";}');
INSERT INTO `system` VALUES ('sites/all/modules/nodereference_url/nodereference_url.module','nodereference_url','module','',1,0,0,6100,0,'a:10:{s:4:\"name\";s:25:\"Node Reference URL Widget\";s:11:\"description\";s:99:\"Adds an additional widget to the CCK Node Reference field that prepopulates a reference by the URL.\";s:12:\"dependencies\";a:1:{i:0;s:13:\"nodereference\";}s:7:\"package\";s:3:\"CCK\";s:4:\"core\";s:3:\"6.x\";s:7:\"version\";s:7:\"6.x-1.6\";s:7:\"project\";s:17:\"nodereference_url\";s:9:\"datestamp\";s:10:\"1270624508\";s:10:\"dependents\";a:0:{}s:3:\"php\";s:5:\"4.3.5\";}');
INSERT INTO `system` VALUES ('sites/all/modules/oauth/oauth.module','oauth','module','',1,0,0,0,0,'a:9:{s:4:\"core\";s:3:\"6.x\";s:11:\"description\";s:56:\"Enable the world wide standard OAuth for authentication.\";s:4:\"name\";s:5:\"OAuth\";s:7:\"version\";s:8:\"6.x-2.02\";s:7:\"project\";s:5:\"oauth\";s:9:\"datestamp\";s:10:\"1243624550\";s:12:\"dependencies\";a:0:{}s:10:\"dependents\";a:0:{}s:3:\"php\";s:5:\"4.3.5\";}');
INSERT INTO `system` VALUES ('sites/all/modules/oauth/oauth_common.module','oauth_common','module','',0,0,0,-1,0,'a:10:{s:4:\"name\";s:5:\"OAuth\";s:11:\"description\";s:28:\"Provides OAuth functionality\";s:7:\"package\";s:5:\"OAuth\";s:12:\"dependencies\";a:3:{i:0;s:8:\"autoload\";i:1;s:11:\"inputstream\";i:2;s:6:\"ctools\";}s:4:\"core\";s:3:\"6.x\";s:3:\"php\";s:3:\"5.2\";s:7:\"version\";s:13:\"6.x-3.0-beta2\";s:7:\"project\";s:5:\"oauth\";s:9:\"datestamp\";s:10:\"1279474507\";s:10:\"dependents\";a:0:{}}');
INSERT INTO `system` VALUES ('sites/all/modules/oauth/oauth_common_consumerui.module','oauth_common_consumerui','module','',0,0,0,0,0,'a:10:{s:4:\"name\";s:17:\"OAuth Consumer UI\";s:11:\"description\";s:53:\"Provides a UI for when OAuth is acting as a consumer.\";s:7:\"package\";s:5:\"OAuth\";s:12:\"dependencies\";a:1:{i:0;s:12:\"oauth_common\";}s:4:\"core\";s:3:\"6.x\";s:3:\"php\";s:3:\"5.2\";s:7:\"version\";s:13:\"6.x-3.0-beta2\";s:7:\"project\";s:5:\"oauth\";s:9:\"datestamp\";s:10:\"1279474507\";s:10:\"dependents\";a:0:{}}');
INSERT INTO `system` VALUES ('sites/all/modules/oauth/oauth_common_providerui.module','oauth_common_providerui','module','',0,0,0,-1,0,'a:10:{s:4:\"name\";s:17:\"OAuth Provider UI\";s:11:\"description\";s:53:\"Provides a UI for when OAuth is acting as a provider.\";s:7:\"package\";s:5:\"OAuth\";s:12:\"dependencies\";a:1:{i:0;s:12:\"oauth_common\";}s:4:\"core\";s:3:\"6.x\";s:3:\"php\";s:3:\"5.2\";s:7:\"version\";s:13:\"6.x-3.0-beta2\";s:7:\"project\";s:5:\"oauth\";s:9:\"datestamp\";s:10:\"1279474507\";s:10:\"dependents\";a:0:{}}');
INSERT INTO `system` VALUES ('sites/all/modules/oauth/oauth_test/oauth_test.module','oauth_test','module','',0,0,0,-1,0,'a:9:{s:4:\"core\";s:3:\"6.x\";s:11:\"description\";s:98:\"A generic client that might be used by developers that want to integrate their modules with OAuth.\";s:4:\"name\";s:17:\"OAuth Client Test\";s:7:\"version\";s:8:\"6.x-2.02\";s:7:\"project\";s:5:\"oauth\";s:9:\"datestamp\";s:10:\"1243624550\";s:12:\"dependencies\";a:0:{}s:10:\"dependents\";a:0:{}s:3:\"php\";s:5:\"4.3.5\";}');
INSERT INTO `system` VALUES ('sites/all/modules/panels/panels.module','panels','module','',1,0,0,6310,0,'a:10:{s:4:\"name\";s:6:\"Panels\";s:11:\"description\";s:107:\"Core Panels display functions; provides no external UI, at least one other Panels module should be enabled.\";s:4:\"core\";s:3:\"6.x\";s:7:\"package\";s:6:\"Panels\";s:12:\"dependencies\";a:1:{i:0;s:6:\"ctools\";}s:7:\"version\";s:7:\"6.x-3.8\";s:7:\"project\";s:6:\"panels\";s:9:\"datestamp\";s:10:\"1288393847\";s:10:\"dependents\";a:0:{}s:3:\"php\";s:5:\"4.3.5\";}');
INSERT INTO `system` VALUES ('sites/all/modules/panels/panels_ipe/panels_ipe.module','panels_ipe','module','',0,0,0,-1,0,'a:10:{s:4:\"name\";s:22:\"Panels In-Place Editor\";s:11:\"description\";s:101:\"Provide a UI for managing some Panels directly on the frontend, instead of having to use the backend.\";s:7:\"package\";s:6:\"Panels\";s:12:\"dependencies\";a:2:{i:0;s:6:\"panels\";i:1;s:9:\"jquery_ui\";}s:4:\"core\";s:3:\"6.x\";s:7:\"version\";s:7:\"6.x-3.8\";s:7:\"project\";s:6:\"panels\";s:9:\"datestamp\";s:10:\"1288393847\";s:10:\"dependents\";a:0:{}s:3:\"php\";s:5:\"4.3.5\";}');
INSERT INTO `system` VALUES ('sites/all/modules/panels/panels_mini/panels_mini.module','panels_mini','module','',0,0,0,-1,0,'a:10:{s:4:\"name\";s:11:\"Mini panels\";s:11:\"description\";s:89:\"Create mini panels that can be used as blocks by Drupal and panes by other panel modules.\";s:7:\"package\";s:6:\"Panels\";s:12:\"dependencies\";a:1:{i:0;s:6:\"panels\";}s:4:\"core\";s:3:\"6.x\";s:7:\"version\";s:7:\"6.x-3.8\";s:7:\"project\";s:6:\"panels\";s:9:\"datestamp\";s:10:\"1288393847\";s:10:\"dependents\";a:0:{}s:3:\"php\";s:5:\"4.3.5\";}');
INSERT INTO `system` VALUES ('sites/all/modules/panels/panels_node/panels_node.module','panels_node','module','',1,0,0,6001,11,'a:10:{s:4:\"name\";s:11:\"Panel nodes\";s:11:\"description\";s:65:\"Create nodes that are divided into areas with selectable content.\";s:7:\"package\";s:6:\"Panels\";s:12:\"dependencies\";a:1:{i:0;s:6:\"panels\";}s:4:\"core\";s:3:\"6.x\";s:7:\"version\";s:7:\"6.x-3.8\";s:7:\"project\";s:6:\"panels\";s:9:\"datestamp\";s:10:\"1288393847\";s:10:\"dependents\";a:0:{}s:3:\"php\";s:5:\"4.3.5\";}');
INSERT INTO `system` VALUES ('sites/all/modules/privatemsg/pm_block_user/pm_block_user.module','pm_block_user','module','',0,0,0,-1,0,'a:10:{s:4:\"name\";s:19:\"Block user messages\";s:11:\"description\";s:61:\"Allows users to block other users from sending them messages.\";s:7:\"package\";s:4:\"Mail\";s:4:\"core\";s:3:\"6.x\";s:12:\"dependencies\";a:1:{i:0;s:10:\"privatemsg\";}s:7:\"version\";s:7:\"6.x-1.3\";s:7:\"project\";s:10:\"privatemsg\";s:9:\"datestamp\";s:10:\"1281533792\";s:10:\"dependents\";a:0:{}s:3:\"php\";s:5:\"4.3.5\";}');
INSERT INTO `system` VALUES ('sites/all/modules/privatemsg/pm_email_notify/pm_email_notify.module','pm_email_notify','module','',1,0,0,0,0,'a:10:{s:4:\"name\";s:29:\"Privatemsg Email Notification\";s:11:\"description\";s:52:\"Notifies users about new Private Messages via Email.\";s:7:\"package\";s:4:\"Mail\";s:4:\"core\";s:3:\"6.x\";s:12:\"dependencies\";a:1:{i:0;s:10:\"privatemsg\";}s:7:\"version\";s:7:\"6.x-1.3\";s:7:\"project\";s:10:\"privatemsg\";s:9:\"datestamp\";s:10:\"1281533792\";s:10:\"dependents\";a:0:{}s:3:\"php\";s:5:\"4.3.5\";}');
INSERT INTO `system` VALUES ('sites/all/modules/privatemsg/privatemsg.module','privatemsg','module','',1,0,0,6007,0,'a:10:{s:4:\"name\";s:16:\"Private messages\";s:11:\"description\";s:37:\"Allow private messages between users.\";s:7:\"package\";s:4:\"Mail\";s:4:\"core\";s:3:\"6.x\";s:7:\"version\";s:7:\"6.x-1.3\";s:7:\"project\";s:10:\"privatemsg\";s:9:\"datestamp\";s:10:\"1281533792\";s:12:\"dependencies\";a:0:{}s:10:\"dependents\";a:0:{}s:3:\"php\";s:5:\"4.3.5\";}');
INSERT INTO `system` VALUES ('sites/all/modules/privatemsg/privatemsg_filter/privatemsg_filter.module','privatemsg_filter','module','',1,0,0,6003,0,'a:10:{s:4:\"name\";s:17:\"Privatemsg filter\";s:11:\"description\";s:60:\"Allow users to filter messages using tags or other criteria.\";s:7:\"package\";s:4:\"Mail\";s:4:\"core\";s:3:\"6.x\";s:12:\"dependencies\";a:1:{i:0;s:10:\"privatemsg\";}s:7:\"version\";s:7:\"6.x-1.3\";s:7:\"project\";s:10:\"privatemsg\";s:9:\"datestamp\";s:10:\"1281533792\";s:10:\"dependents\";a:0:{}s:3:\"php\";s:5:\"4.3.5\";}');
INSERT INTO `system` VALUES ('sites/all/modules/rules/rules/rules.module','rules','module','',1,0,0,6005,20,'a:10:{s:4:\"name\";s:5:\"Rules\";s:11:\"description\";s:73:\"Lets you define conditionally executed actions based on occurring events.\";s:7:\"package\";s:5:\"Rules\";s:4:\"core\";s:3:\"6.x\";s:3:\"php\";s:3:\"5.1\";s:7:\"version\";s:7:\"6.x-1.3\";s:7:\"project\";s:5:\"rules\";s:9:\"datestamp\";s:10:\"1283439108\";s:12:\"dependencies\";a:0:{}s:10:\"dependents\";a:0:{}}');
INSERT INTO `system` VALUES ('sites/all/modules/rules/rules_admin/rules_admin.module','rules_admin','module','',1,0,0,6002,0,'a:10:{s:4:\"name\";s:23:\"Rules Administration UI\";s:11:\"description\";s:41:\"Provides the administration UI for rules.\";s:12:\"dependencies\";a:1:{i:0;s:5:\"rules\";}s:7:\"package\";s:5:\"Rules\";s:4:\"core\";s:3:\"6.x\";s:7:\"version\";s:7:\"6.x-1.3\";s:7:\"project\";s:5:\"rules\";s:9:\"datestamp\";s:10:\"1283439108\";s:10:\"dependents\";a:0:{}s:3:\"php\";s:5:\"4.3.5\";}');
INSERT INTO `system` VALUES ('sites/all/modules/rules/rules_forms/rules_forms.module','rules_forms','module','',0,0,0,-1,0,'a:10:{s:4:\"name\";s:19:\"Rules Forms support\";s:11:\"description\";s:74:\"Provides events, conditions and actions for rule-based form customization.\";s:12:\"dependencies\";a:1:{i:0;s:5:\"rules\";}s:7:\"package\";s:5:\"Rules\";s:4:\"core\";s:3:\"6.x\";s:7:\"version\";s:7:\"6.x-1.3\";s:7:\"project\";s:5:\"rules\";s:9:\"datestamp\";s:10:\"1283439108\";s:10:\"dependents\";a:0:{}s:3:\"php\";s:5:\"4.3.5\";}');
INSERT INTO `system` VALUES ('sites/all/modules/rules/rules_scheduler/rules_scheduler.module','rules_scheduler','module','',0,0,0,-1,0,'a:10:{s:4:\"name\";s:15:\"Rules Scheduler\";s:11:\"description\";s:36:\"Schedule the execution of rule sets.\";s:12:\"dependencies\";a:1:{i:0;s:5:\"rules\";}s:7:\"package\";s:5:\"Rules\";s:4:\"core\";s:3:\"6.x\";s:7:\"version\";s:7:\"6.x-1.3\";s:7:\"project\";s:5:\"rules\";s:9:\"datestamp\";s:10:\"1283439108\";s:10:\"dependents\";a:0:{}s:3:\"php\";s:5:\"4.3.5\";}');
INSERT INTO `system` VALUES ('sites/all/modules/rules/rules_test/rules_test.module','rules_test','module','',1,0,0,0,0,'a:10:{s:4:\"name\";s:16:\"Rules Simpletest\";s:11:\"description\";s:42:\"Tests the functionality of the rule engine\";s:7:\"package\";s:5:\"Rules\";s:12:\"dependencies\";a:2:{i:0;s:10:\"simpletest\";i:1;s:5:\"rules\";}s:4:\"core\";s:3:\"6.x\";s:7:\"version\";s:7:\"6.x-1.3\";s:7:\"project\";s:5:\"rules\";s:9:\"datestamp\";s:10:\"1283439108\";s:10:\"dependents\";a:0:{}s:3:\"php\";s:5:\"4.3.5\";}');
INSERT INTO `system` VALUES ('sites/all/modules/simplemenu/simplemenu.module','simplemenu','module','',1,0,0,6004,0,'a:10:{s:4:\"name\";s:10:\"SimpleMenu\";s:11:\"description\";s:114:\"Displays a menu bar with drop down items. By default it appears at the top of the screen with the Navigation menu.\";s:4:\"core\";s:3:\"6.x\";s:7:\"package\";s:4:\"Menu\";s:7:\"version\";s:8:\"6.x-1.13\";s:7:\"project\";s:10:\"simplemenu\";s:9:\"datestamp\";s:10:\"1283140912\";s:12:\"dependencies\";a:0:{}s:10:\"dependents\";a:0:{}s:3:\"php\";s:5:\"4.3.5\";}');
INSERT INTO `system` VALUES ('sites/all/modules/simplemenu/simplemenu_devel.module','simplemenu_devel','module','',0,0,0,-1,0,'a:10:{s:4:\"name\";s:21:\"SimpleMenu Devel Menu\";s:11:\"description\";s:50:\"Include the developer menu in the simplemenu tree.\";s:12:\"dependencies\";a:2:{i:0;s:10:\"simplemenu\";i:1;s:5:\"devel\";}s:4:\"core\";s:3:\"6.x\";s:7:\"package\";s:4:\"Menu\";s:7:\"project\";s:10:\"simplemenu\";s:7:\"version\";s:8:\"6.x-1.13\";s:9:\"datestamp\";s:10:\"1283140912\";s:10:\"dependents\";a:0:{}s:3:\"php\";s:5:\"4.3.5\";}');
INSERT INTO `system` VALUES ('sites/all/modules/simplemenu/simplemenu_inactive_parents.module','simplemenu_inactive_parents','module','',0,0,0,-1,0,'a:10:{s:4:\"name\";s:31:\"SimpleMenu Inactive Parent Menu\";s:11:\"description\";s:79:\"Make all the parent menus inactive so users cannot click on them inadvertendly.\";s:12:\"dependencies\";a:1:{i:0;s:10:\"simplemenu\";}s:4:\"core\";s:3:\"6.x\";s:7:\"package\";s:4:\"Menu\";s:7:\"project\";s:10:\"simplemenu\";s:7:\"version\";s:8:\"6.x-1.13\";s:9:\"datestamp\";s:10:\"1283140912\";s:10:\"dependents\";a:0:{}s:3:\"php\";s:5:\"4.3.5\";}');
INSERT INTO `system` VALUES ('sites/all/modules/simplemenu/simplemenu_multi_menu.module','simplemenu_multi_menu','module','',1,0,0,0,0,'a:10:{s:4:\"name\";s:29:\"SimpleMenu Multi-Menu support\";s:11:\"description\";s:53:\"Give support to display multiple menu in the top row.\";s:12:\"dependencies\";a:2:{i:0;s:10:\"simplemenu\";i:1;s:4:\"menu\";}s:4:\"core\";s:3:\"6.x\";s:7:\"package\";s:4:\"Menu\";s:7:\"project\";s:10:\"simplemenu\";s:7:\"version\";s:8:\"6.x-1.13\";s:9:\"datestamp\";s:10:\"1283140912\";s:10:\"dependents\";a:0:{}s:3:\"php\";s:5:\"4.3.5\";}');
INSERT INTO `system` VALUES ('sites/all/modules/simpletest/simpletest.module','simpletest','module','',1,0,0,6200,0,'a:11:{s:4:\"name\";s:10:\"SimpleTest\";s:11:\"description\";s:53:\"Provides a framework for unit and functional testing.\";s:7:\"package\";s:11:\"Development\";s:4:\"core\";s:3:\"6.x\";s:3:\"php\";s:14:\"5.2 ; Drupal 6\";s:5:\"files\";a:6:{i:0;s:17:\"simpletest.module\";i:1;s:20:\"simpletest.pages.inc\";i:2;s:18:\"simpletest.install\";i:3;s:15:\"simpletest.test\";i:4;s:24:\"drupal_web_test_case.php\";i:5;s:16:\"tests/block.test\";}s:7:\"version\";s:8:\"6.x-2.11\";s:7:\"project\";s:10:\"simpletest\";s:9:\"datestamp\";s:10:\"1286493665\";s:12:\"dependencies\";a:0:{}s:10:\"dependents\";a:0:{}}');
INSERT INTO `system` VALUES ('sites/all/modules/token/token.module','token','module','',1,0,0,1,10,'a:9:{s:4:\"name\";s:5:\"Token\";s:11:\"description\";s:79:\"Provides a shared API for replacement of textual placeholders with actual data.\";s:4:\"core\";s:3:\"6.x\";s:7:\"version\";s:8:\"6.x-1.15\";s:7:\"project\";s:5:\"token\";s:9:\"datestamp\";s:10:\"1286469963\";s:12:\"dependencies\";a:0:{}s:10:\"dependents\";a:0:{}s:3:\"php\";s:5:\"4.3.5\";}');
INSERT INTO `system` VALUES ('sites/all/modules/token/tokenSTARTER.module','tokenSTARTER','module','',0,0,0,-1,0,'a:9:{s:4:\"name\";s:12:\"TokenSTARTER\";s:11:\"description\";s:72:\"Provides additional tokens and a base on which to build your own tokens.\";s:12:\"dependencies\";a:1:{i:0;s:5:\"token\";}s:4:\"core\";s:3:\"6.x\";s:7:\"version\";s:8:\"6.x-1.15\";s:7:\"project\";s:5:\"token\";s:9:\"datestamp\";s:10:\"1286469963\";s:10:\"dependents\";a:0:{}s:3:\"php\";s:5:\"4.3.5\";}');
INSERT INTO `system` VALUES ('sites/all/modules/token/token_actions.module','token_actions','module','',0,0,0,-1,0,'a:9:{s:4:\"name\";s:13:\"Token actions\";s:11:\"description\";s:73:\"Provides enhanced versions of core Drupal actions using the Token module.\";s:12:\"dependencies\";a:1:{i:0;s:5:\"token\";}s:4:\"core\";s:3:\"6.x\";s:7:\"version\";s:8:\"6.x-1.15\";s:7:\"project\";s:5:\"token\";s:9:\"datestamp\";s:10:\"1286469963\";s:10:\"dependents\";a:0:{}s:3:\"php\";s:5:\"4.3.5\";}');
INSERT INTO `system` VALUES ('sites/all/modules/twitter/twitter.module','twitter','module','',1,0,0,6300,3,'a:9:{s:4:\"name\";s:7:\"Twitter\";s:11:\"description\";s:56:\"Adds integration with the Twitter microblogging service.\";s:3:\"php\";s:3:\"5.1\";s:4:\"core\";s:3:\"6.x\";s:7:\"version\";s:13:\"6.x-3.0-beta3\";s:7:\"project\";s:7:\"twitter\";s:9:\"datestamp\";s:10:\"1287594086\";s:12:\"dependencies\";a:0:{}s:10:\"dependents\";a:0:{}}');
INSERT INTO `system` VALUES ('sites/all/modules/twitter/twitter_actions/twitter_actions.module','twitter_actions','module','',0,0,0,-1,0,'a:9:{s:4:\"name\";s:15:\"Twitter actions\";s:11:\"description\";s:48:\"Exposes Drupal actions to send Twitter messages.\";s:4:\"core\";s:3:\"6.x\";s:12:\"dependencies\";a:2:{i:0;s:7:\"twitter\";i:1;s:5:\"oauth\";}s:7:\"version\";s:13:\"6.x-3.0-beta3\";s:7:\"project\";s:7:\"twitter\";s:9:\"datestamp\";s:10:\"1287594086\";s:10:\"dependents\";a:0:{}s:3:\"php\";s:5:\"4.3.5\";}');
INSERT INTO `system` VALUES ('sites/all/modules/twitter/twitter_post/twitter_post.module','twitter_post','module','',0,0,0,-1,0,'a:9:{s:4:\"name\";s:12:\"Twitter Post\";s:11:\"description\";s:26:\"Enables posting to twitter\";s:4:\"core\";s:3:\"6.x\";s:12:\"dependencies\";a:2:{i:0;s:7:\"twitter\";i:1;s:5:\"oauth\";}s:7:\"version\";s:13:\"6.x-3.0-beta3\";s:7:\"project\";s:7:\"twitter\";s:9:\"datestamp\";s:10:\"1287594086\";s:10:\"dependents\";a:0:{}s:3:\"php\";s:5:\"4.3.5\";}');
INSERT INTO `system` VALUES ('sites/all/modules/twitter/twitter_signin/twitter_signin.module','twitter_signin','module','',1,0,0,0,0,'a:9:{s:4:\"name\";s:14:\"Twitter Signin\";s:11:\"description\";s:39:\"Adds support for \"Sign in with Twitter\"\";s:3:\"php\";s:3:\"5.1\";s:4:\"core\";s:3:\"6.x\";s:12:\"dependencies\";a:2:{i:0;s:7:\"twitter\";i:1;s:5:\"oauth\";}s:7:\"version\";s:13:\"6.x-3.0-beta3\";s:7:\"project\";s:7:\"twitter\";s:9:\"datestamp\";s:10:\"1287594086\";s:10:\"dependents\";a:0:{}}');
INSERT INTO `system` VALUES ('sites/all/modules/urlfill/urlfill.module','urlfill','module','',0,0,0,0,5,'a:9:{s:4:\"name\";s:8:\"URL Fill\";s:11:\"description\";s:45:\"Auto-fill node forms using data from the URL.\";s:4:\"core\";s:3:\"6.x\";s:7:\"version\";s:7:\"6.x-1.0\";s:7:\"project\";s:7:\"urlfill\";s:9:\"datestamp\";s:10:\"1276557011\";s:12:\"dependencies\";a:0:{}s:10:\"dependents\";a:0:{}s:3:\"php\";s:5:\"4.3.5\";}');
INSERT INTO `system` VALUES ('sites/all/modules/views/views.module','views','module','',1,0,0,6009,10,'a:10:{s:4:\"name\";s:5:\"Views\";s:11:\"description\";s:55:\"Create customized lists and queries from your database.\";s:7:\"package\";s:5:\"Views\";s:4:\"core\";s:3:\"6.x\";s:7:\"version\";s:8:\"6.x-2.11\";s:7:\"project\";s:5:\"views\";s:9:\"datestamp\";s:10:\"1276743614\";s:12:\"dependencies\";a:0:{}s:10:\"dependents\";a:0:{}s:3:\"php\";s:5:\"4.3.5\";}');
INSERT INTO `system` VALUES ('sites/all/modules/views/views_export/views_export.module','views_export','module','',0,0,0,-1,0,'a:10:{s:4:\"name\";s:14:\"Views exporter\";s:11:\"description\";s:40:\"Allows exporting multiple views at once.\";s:7:\"package\";s:5:\"Views\";s:12:\"dependencies\";a:1:{i:0;s:5:\"views\";}s:4:\"core\";s:3:\"6.x\";s:7:\"version\";s:8:\"6.x-2.11\";s:7:\"project\";s:5:\"views\";s:9:\"datestamp\";s:10:\"1276743614\";s:10:\"dependents\";a:0:{}s:3:\"php\";s:5:\"4.3.5\";}');
INSERT INTO `system` VALUES ('sites/all/modules/views/views_ui.module','views_ui','module','',1,0,0,0,0,'a:10:{s:4:\"name\";s:8:\"Views UI\";s:11:\"description\";s:93:\"Administrative interface to views. Without this module, you cannot create or edit your views.\";s:7:\"package\";s:5:\"Views\";s:4:\"core\";s:3:\"6.x\";s:12:\"dependencies\";a:1:{i:0;s:5:\"views\";}s:7:\"version\";s:8:\"6.x-2.11\";s:7:\"project\";s:5:\"views\";s:9:\"datestamp\";s:10:\"1276743614\";s:10:\"dependents\";a:0:{}s:3:\"php\";s:5:\"4.3.5\";}');
INSERT INTO `system` VALUES ('sites/all/themes/zen/zen.info','zen','theme','themes/engines/phptemplate/phptemplate.engine',0,0,0,-1,0,'a:15:{s:4:\"name\";s:3:\"Zen\";s:11:\"description\";s:189:\"Zen sub-themes are the ultimate starting themes for Drupal 6. Read the <a href=\"http://drupal.org/node/226507\">online docs</a> or the included README-FIRST.txt on how to create a sub-theme.\";s:10:\"screenshot\";s:49:\"sites/all/themes/zen/zen-internals/screenshot.png\";s:4:\"core\";s:3:\"6.x\";s:6:\"engine\";s:11:\"phptemplate\";s:7:\"regions\";a:9:{s:13:\"sidebar_first\";s:13:\"First sidebar\";s:14:\"sidebar_second\";s:14:\"Second sidebar\";s:10:\"navigation\";s:14:\"Navigation bar\";s:9:\"highlight\";s:19:\"Highlighted content\";s:11:\"content_top\";s:11:\"Content top\";s:14:\"content_bottom\";s:14:\"Content bottom\";s:6:\"header\";s:6:\"Header\";s:6:\"footer\";s:6:\"Footer\";s:12:\"page_closure\";s:12:\"Page closure\";}s:8:\"features\";a:10:{i:0;s:4:\"logo\";i:1;s:4:\"name\";i:2;s:6:\"slogan\";i:3;s:7:\"mission\";i:4;s:17:\"node_user_picture\";i:5;s:20:\"comment_user_picture\";i:6;s:6:\"search\";i:7;s:7:\"favicon\";i:8;s:13:\"primary_links\";i:9;s:15:\"secondary_links\";}s:8:\"settings\";a:9:{s:17:\"zen_block_editing\";s:1:\"1\";s:14:\"zen_breadcrumb\";s:3:\"yes\";s:24:\"zen_breadcrumb_separator\";s:5:\" › \";s:19:\"zen_breadcrumb_home\";s:1:\"1\";s:23:\"zen_breadcrumb_trailing\";s:1:\"1\";s:20:\"zen_breadcrumb_title\";s:1:\"0\";s:10:\"zen_layout\";s:18:\"zen-columns-liquid\";s:20:\"zen_rebuild_registry\";s:1:\"0\";s:14:\"zen_wireframes\";s:1:\"0\";}s:7:\"plugins\";a:1:{s:6:\"panels\";a:1:{s:7:\"layouts\";s:7:\"layouts\";}}s:7:\"version\";s:7:\"6.x-2.0\";s:7:\"project\";s:3:\"zen\";s:9:\"datestamp\";s:10:\"1277583313\";s:7:\"scripts\";a:1:{s:33:\"scripts/jquery.superSimpleTabs.js\";s:54:\"sites/all/themes/zen/scripts/jquery.superSimpleTabs.js\";}s:11:\"stylesheets\";a:1:{s:3:\"all\";a:1:{s:17:\"styles/styles.css\";s:38:\"sites/all/themes/zen/styles/styles.css\";}}s:3:\"php\";s:5:\"4.3.5\";}');
INSERT INTO `system` VALUES ('themes/bluemarine/bluemarine.info','bluemarine','theme','themes/engines/phptemplate/phptemplate.engine',0,0,0,-1,0,'a:13:{s:4:\"name\";s:10:\"Bluemarine\";s:11:\"description\";s:66:\"Table-based multi-column theme with a marine and ash color scheme.\";s:7:\"version\";s:4:\"6.19\";s:4:\"core\";s:3:\"6.x\";s:6:\"engine\";s:11:\"phptemplate\";s:7:\"project\";s:6:\"drupal\";s:9:\"datestamp\";s:10:\"1281559292\";s:7:\"regions\";a:5:{s:4:\"left\";s:12:\"Left sidebar\";s:5:\"right\";s:13:\"Right sidebar\";s:7:\"content\";s:7:\"Content\";s:6:\"header\";s:6:\"Header\";s:6:\"footer\";s:6:\"Footer\";}s:8:\"features\";a:10:{i:0;s:20:\"comment_user_picture\";i:1;s:7:\"favicon\";i:2;s:7:\"mission\";i:3;s:4:\"logo\";i:4;s:4:\"name\";i:5;s:17:\"node_user_picture\";i:6;s:6:\"search\";i:7;s:6:\"slogan\";i:8;s:13:\"primary_links\";i:9;s:15:\"secondary_links\";}s:11:\"stylesheets\";a:1:{s:3:\"all\";a:1:{s:9:\"style.css\";s:27:\"themes/bluemarine/style.css\";}}s:7:\"scripts\";a:1:{s:9:\"script.js\";s:27:\"themes/bluemarine/script.js\";}s:10:\"screenshot\";s:32:\"themes/bluemarine/screenshot.png\";s:3:\"php\";s:5:\"4.3.5\";}');
INSERT INTO `system` VALUES ('themes/chameleon/chameleon.info','chameleon','theme','themes/chameleon/chameleon.theme',0,0,0,-1,0,'a:12:{s:4:\"name\";s:9:\"Chameleon\";s:11:\"description\";s:42:\"Minimalist tabled theme with light colors.\";s:7:\"regions\";a:2:{s:4:\"left\";s:12:\"Left sidebar\";s:5:\"right\";s:13:\"Right sidebar\";}s:8:\"features\";a:4:{i:0;s:4:\"logo\";i:1;s:7:\"favicon\";i:2;s:4:\"name\";i:3;s:6:\"slogan\";}s:11:\"stylesheets\";a:1:{s:3:\"all\";a:2:{s:9:\"style.css\";s:26:\"themes/chameleon/style.css\";s:10:\"common.css\";s:27:\"themes/chameleon/common.css\";}}s:7:\"version\";s:4:\"6.19\";s:4:\"core\";s:3:\"6.x\";s:7:\"project\";s:6:\"drupal\";s:9:\"datestamp\";s:10:\"1281559292\";s:7:\"scripts\";a:1:{s:9:\"script.js\";s:26:\"themes/chameleon/script.js\";}s:10:\"screenshot\";s:31:\"themes/chameleon/screenshot.png\";s:3:\"php\";s:5:\"4.3.5\";}');
INSERT INTO `system` VALUES ('themes/chameleon/marvin/marvin.info','marvin','theme','',0,0,0,-1,0,'a:13:{s:4:\"name\";s:6:\"Marvin\";s:11:\"description\";s:31:\"Boxy tabled theme in all grays.\";s:7:\"regions\";a:2:{s:4:\"left\";s:12:\"Left sidebar\";s:5:\"right\";s:13:\"Right sidebar\";}s:7:\"version\";s:4:\"6.19\";s:4:\"core\";s:3:\"6.x\";s:10:\"base theme\";s:9:\"chameleon\";s:7:\"project\";s:6:\"drupal\";s:9:\"datestamp\";s:10:\"1281559292\";s:8:\"features\";a:10:{i:0;s:20:\"comment_user_picture\";i:1;s:7:\"favicon\";i:2;s:7:\"mission\";i:3;s:4:\"logo\";i:4;s:4:\"name\";i:5;s:17:\"node_user_picture\";i:6;s:6:\"search\";i:7;s:6:\"slogan\";i:8;s:13:\"primary_links\";i:9;s:15:\"secondary_links\";}s:11:\"stylesheets\";a:1:{s:3:\"all\";a:1:{s:9:\"style.css\";s:33:\"themes/chameleon/marvin/style.css\";}}s:7:\"scripts\";a:1:{s:9:\"script.js\";s:33:\"themes/chameleon/marvin/script.js\";}s:10:\"screenshot\";s:38:\"themes/chameleon/marvin/screenshot.png\";s:3:\"php\";s:5:\"4.3.5\";}');
INSERT INTO `system` VALUES ('themes/garland/garland.info','garland','theme','themes/engines/phptemplate/phptemplate.engine',0,0,0,-1,0,'a:13:{s:4:\"name\";s:7:\"Garland\";s:11:\"description\";s:66:\"Tableless, recolorable, multi-column, fluid width theme (default).\";s:7:\"version\";s:4:\"6.19\";s:4:\"core\";s:3:\"6.x\";s:6:\"engine\";s:11:\"phptemplate\";s:11:\"stylesheets\";a:2:{s:3:\"all\";a:1:{s:9:\"style.css\";s:24:\"themes/garland/style.css\";}s:5:\"print\";a:1:{s:9:\"print.css\";s:24:\"themes/garland/print.css\";}}s:7:\"project\";s:6:\"drupal\";s:9:\"datestamp\";s:10:\"1281559292\";s:7:\"regions\";a:5:{s:4:\"left\";s:12:\"Left sidebar\";s:5:\"right\";s:13:\"Right sidebar\";s:7:\"content\";s:7:\"Content\";s:6:\"header\";s:6:\"Header\";s:6:\"footer\";s:6:\"Footer\";}s:8:\"features\";a:10:{i:0;s:20:\"comment_user_picture\";i:1;s:7:\"favicon\";i:2;s:7:\"mission\";i:3;s:4:\"logo\";i:4;s:4:\"name\";i:5;s:17:\"node_user_picture\";i:6;s:6:\"search\";i:7;s:6:\"slogan\";i:8;s:13:\"primary_links\";i:9;s:15:\"secondary_links\";}s:7:\"scripts\";a:1:{s:9:\"script.js\";s:24:\"themes/garland/script.js\";}s:10:\"screenshot\";s:29:\"themes/garland/screenshot.png\";s:3:\"php\";s:5:\"4.3.5\";}');
INSERT INTO `system` VALUES ('themes/garland/minnelli/minnelli.info','minnelli','theme','themes/engines/phptemplate/phptemplate.engine',0,0,0,-1,0,'a:14:{s:4:\"name\";s:8:\"Minnelli\";s:11:\"description\";s:56:\"Tableless, recolorable, multi-column, fixed width theme.\";s:7:\"version\";s:4:\"6.19\";s:4:\"core\";s:3:\"6.x\";s:10:\"base theme\";s:7:\"garland\";s:11:\"stylesheets\";a:1:{s:3:\"all\";a:1:{s:12:\"minnelli.css\";s:36:\"themes/garland/minnelli/minnelli.css\";}}s:7:\"project\";s:6:\"drupal\";s:9:\"datestamp\";s:10:\"1281559292\";s:7:\"regions\";a:5:{s:4:\"left\";s:12:\"Left sidebar\";s:5:\"right\";s:13:\"Right sidebar\";s:7:\"content\";s:7:\"Content\";s:6:\"header\";s:6:\"Header\";s:6:\"footer\";s:6:\"Footer\";}s:8:\"features\";a:10:{i:0;s:20:\"comment_user_picture\";i:1;s:7:\"favicon\";i:2;s:7:\"mission\";i:3;s:4:\"logo\";i:4;s:4:\"name\";i:5;s:17:\"node_user_picture\";i:6;s:6:\"search\";i:7;s:6:\"slogan\";i:8;s:13:\"primary_links\";i:9;s:15:\"secondary_links\";}s:7:\"scripts\";a:1:{s:9:\"script.js\";s:33:\"themes/garland/minnelli/script.js\";}s:10:\"screenshot\";s:38:\"themes/garland/minnelli/screenshot.png\";s:3:\"php\";s:5:\"4.3.5\";s:6:\"engine\";s:11:\"phptemplate\";}');
INSERT INTO `system` VALUES ('themes/pushbutton/pushbutton.info','pushbutton','theme','themes/engines/phptemplate/phptemplate.engine',0,0,0,-1,0,'a:13:{s:4:\"name\";s:10:\"Pushbutton\";s:11:\"description\";s:52:\"Tabled, multi-column theme in blue and orange tones.\";s:7:\"version\";s:4:\"6.19\";s:4:\"core\";s:3:\"6.x\";s:6:\"engine\";s:11:\"phptemplate\";s:7:\"project\";s:6:\"drupal\";s:9:\"datestamp\";s:10:\"1281559292\";s:7:\"regions\";a:5:{s:4:\"left\";s:12:\"Left sidebar\";s:5:\"right\";s:13:\"Right sidebar\";s:7:\"content\";s:7:\"Content\";s:6:\"header\";s:6:\"Header\";s:6:\"footer\";s:6:\"Footer\";}s:8:\"features\";a:10:{i:0;s:20:\"comment_user_picture\";i:1;s:7:\"favicon\";i:2;s:7:\"mission\";i:3;s:4:\"logo\";i:4;s:4:\"name\";i:5;s:17:\"node_user_picture\";i:6;s:6:\"search\";i:7;s:6:\"slogan\";i:8;s:13:\"primary_links\";i:9;s:15:\"secondary_links\";}s:11:\"stylesheets\";a:1:{s:3:\"all\";a:1:{s:9:\"style.css\";s:27:\"themes/pushbutton/style.css\";}}s:7:\"scripts\";a:1:{s:9:\"script.js\";s:27:\"themes/pushbutton/script.js\";}s:10:\"screenshot\";s:32:\"themes/pushbutton/screenshot.png\";s:3:\"php\";s:5:\"4.3.5\";}');
/*!40000 ALTER TABLE `system` ENABLE KEYS */;
UNLOCK TABLES;

DROP TABLE IF EXISTS `trigger_assignments`;
CREATE TABLE `trigger_assignments` (
  `hook` varchar(32) NOT NULL DEFAULT '',
  `op` varchar(32) NOT NULL DEFAULT '',
  `aid` varchar(255) NOT NULL DEFAULT '',
  `weight` int(11) NOT NULL DEFAULT '0',
  PRIMARY KEY (`hook`,`op`,`aid`)
) ENGINE=InnoDB DEFAULT CHARSET=utf8;

LOCK TABLES `trigger_assignments` WRITE;
/*!40000 ALTER TABLE `trigger_assignments` DISABLE KEYS */;
/*!40000 ALTER TABLE `trigger_assignments` ENABLE KEYS */;
UNLOCK TABLES;

DROP TABLE IF EXISTS `variable`;
CREATE TABLE `variable` (
  `name` varchar(128) NOT NULL DEFAULT '',
  `value` longtext NOT NULL,
  PRIMARY KEY (`name`)
) ENGINE=InnoDB DEFAULT CHARSET=utf8;

LOCK TABLES `variable` WRITE;
/*!40000 ALTER TABLE `variable` DISABLE KEYS */;
INSERT INTO `variable` VALUES ('addresses_field_weight','a:8:{s:10:\"is_primary\";a:1:{s:6:\"weight\";s:1:\"0\";}s:5:\"aname\";a:1:{s:6:\"weight\";s:1:\"0\";}s:7:\"country\";a:1:{s:6:\"weight\";s:1:\"0\";}s:8:\"province\";a:1:{s:6:\"weight\";s:1:\"0\";}s:4:\"city\";a:1:{s:6:\"weight\";s:1:\"0\";}s:6:\"street\";a:1:{s:6:\"weight\";s:1:\"0\";}s:10:\"additional\";a:1:{s:6:\"weight\";s:1:\"0\";}s:11:\"postal_code\";a:1:{s:6:\"weight\";s:1:\"0\";}}');
INSERT INTO `variable` VALUES ('addresses_top_countries','a:1:{s:2:\"ru\";s:2:\"ru\";}');
INSERT INTO `variable` VALUES ('admin_theme','s:7:\"garland\";');
INSERT INTO `variable` VALUES ('anonymous','s:9:\"Anonymous\";');
INSERT INTO `variable` VALUES ('clean_url','s:1:\"1\";');
INSERT INTO `variable` VALUES ('clear_geocode_cache','s:19:\"Clear geocode cache\";');
INSERT INTO `variable` VALUES ('comment_anonymous_guide','i:0;');
INSERT INTO `variable` VALUES ('comment_anonymous_news','i:0;');
INSERT INTO `variable` VALUES ('comment_anonymous_testimonial','i:0;');
INSERT INTO `variable` VALUES ('comment_controls_guide','s:1:\"3\";');
INSERT INTO `variable` VALUES ('comment_controls_news','s:1:\"3\";');
INSERT INTO `variable` VALUES ('comment_controls_testimonial','s:1:\"3\";');
INSERT INTO `variable` VALUES ('comment_default_mode_guide','s:1:\"4\";');
INSERT INTO `variable` VALUES ('comment_default_mode_news','s:1:\"4\";');
INSERT INTO `variable` VALUES ('comment_default_mode_testimonial','s:1:\"4\";');
INSERT INTO `variable` VALUES ('comment_default_order_guide','s:1:\"1\";');
INSERT INTO `variable` VALUES ('comment_default_order_news','s:1:\"2\";');
INSERT INTO `variable` VALUES ('comment_default_order_testimonial','s:1:\"2\";');
INSERT INTO `variable` VALUES ('comment_default_per_page_guide','s:2:\"50\";');
INSERT INTO `variable` VALUES ('comment_default_per_page_news','s:2:\"50\";');
INSERT INTO `variable` VALUES ('comment_default_per_page_testimonial','s:2:\"50\";');
INSERT INTO `variable` VALUES ('comment_form_location_guide','s:1:\"0\";');
INSERT INTO `variable` VALUES ('comment_form_location_news','s:1:\"1\";');
INSERT INTO `variable` VALUES ('comment_form_location_testimonial','s:1:\"1\";');
INSERT INTO `variable` VALUES ('comment_guide','s:1:\"0\";');
INSERT INTO `variable` VALUES ('comment_news','s:1:\"2\";');
INSERT INTO `variable` VALUES ('comment_page','i:0;');
INSERT INTO `variable` VALUES ('comment_preview_guide','s:1:\"1\";');
INSERT INTO `variable` VALUES ('comment_preview_news','s:1:\"0\";');
INSERT INTO `variable` VALUES ('comment_preview_testimonial','s:1:\"0\";');
INSERT INTO `variable` VALUES ('comment_subject_field_guide','s:1:\"1\";');
INSERT INTO `variable` VALUES ('comment_subject_field_news','s:1:\"0\";');
INSERT INTO `variable` VALUES ('comment_subject_field_testimonial','s:1:\"0\";');
INSERT INTO `variable` VALUES ('comment_testimonial','s:1:\"2\";');
INSERT INTO `variable` VALUES ('content_extra_weights_guide','a:7:{s:5:\"title\";s:2:\"-5\";s:10:\"body_field\";s:2:\"-2\";s:20:\"revision_information\";s:1:\"1\";s:6:\"author\";s:1:\"2\";s:7:\"options\";s:1:\"3\";s:16:\"comment_settings\";s:1:\"4\";s:4:\"menu\";s:2:\"-4\";}');
INSERT INTO `variable` VALUES ('content_extra_weights_testimonial','a:7:{s:5:\"title\";s:2:\"32\";s:10:\"body_field\";s:2:\"34\";s:20:\"revision_information\";s:2:\"35\";s:6:\"author\";s:2:\"36\";s:7:\"options\";s:2:\"37\";s:16:\"comment_settings\";s:2:\"38\";s:4:\"menu\";s:2:\"33\";}');
INSERT INTO `variable` VALUES ('content_profile_profile','a:0:{}');
INSERT INTO `variable` VALUES ('content_schema_version','i:6009;');
INSERT INTO `variable` VALUES ('cron_last','i:1290019697;');
INSERT INTO `variable` VALUES ('css_js_query_string','s:20:\"fsE2ATQ9jb4krBcSWGIv\";');
INSERT INTO `variable` VALUES ('ctools_last_cron','i:1290019675;');
INSERT INTO `variable` VALUES ('date_default_timezone','s:5:\"14400\";');
INSERT INTO `variable` VALUES ('drupal_http_request_fails','b:0;');
INSERT INTO `variable` VALUES ('drupal_private_key','s:64:\"c2de31e6b30e052b9fdaa27bead33ef3f97f4561edcc9c5e383a58d80bf09100\";');
INSERT INTO `variable` VALUES ('features_codecache','a:2:{s:11:\"guides_news\";a:4:{s:10:\"menu_links\";s:32:\"f042e8c64b0d58b9ac94278ceecbf7f7\";s:12:\"dependencies\";s:32:\"55dc16964475aa1555e9a46e4a45ce7d\";s:4:\"node\";s:32:\"42c1a9ee9a8a512b574beb8e5881e3cc\";s:5:\"views\";s:32:\"45440e687c32270ea731594a4e010bd5\";}s:20:\"guides_card_workflow\";a:9:{s:10:\"menu_links\";s:32:\"7f303f687936bba515d28387c6c5ca04\";s:15:\"user_permission\";s:32:\"99ffbefe5babf68705e009af6e9252fd\";s:7:\"content\";s:32:\"f243c4e0fa410b946ce0d5b80066b518\";s:10:\"fieldgroup\";s:32:\"d969630792df6a3892a655b930b7c2b2\";s:12:\"dependencies\";s:32:\"4022373eb26a6a6214c37233477245e2\";s:4:\"node\";s:32:\"3b20adab0eb85164ea84030b01fef4cd\";s:10:\"imagecache\";s:32:\"f30a904b61bdc8cc958cab55d09322e2\";s:5:\"views\";s:32:\"c8e8d678d86c13edcc1c058a650fd0d6\";s:16:\"rules_categories\";s:32:\"a7913b6b629ed45a1ceddd9bd49f39bf\";}}');
INSERT INTO `variable` VALUES ('features_ignored_orphans','a:8:{s:10:\"fieldgroup\";s:10:\"fieldgroup\";s:5:\"email\";s:5:\"email\";s:4:\"flag\";s:4:\"flag\";s:13:\"gmaps_content\";s:13:\"gmaps_content\";s:14:\"guides_helpers\";s:14:\"guides_helpers\";s:10:\"imagefield\";s:10:\"imagefield\";s:19:\"inline_registration\";s:19:\"inline_registration\";s:17:\"nodereference_url\";s:17:\"nodereference_url\";}');
INSERT INTO `variable` VALUES ('features_semaphore','a:0:{}');
INSERT INTO `variable` VALUES ('fieldgroup_schema_version','i:6000;');
INSERT INTO `variable` VALUES ('filter_html_1','i:1;');
INSERT INTO `variable` VALUES ('flag_bookmarks_default_guide','i:0;');
INSERT INTO `variable` VALUES ('form_build_id_guide','s:37:\"form-4f9f98205bbfa1b8e3f0897c04166294\";');
INSERT INTO `variable` VALUES ('form_build_id_news','s:37:\"form-6a0a79dde59efca53ab74368c0adad93\";');
INSERT INTO `variable` VALUES ('form_build_id_testimonial','s:37:\"form-c5740ed7f1af1987ab74b313405c9cbc\";');
INSERT INTO `variable` VALUES ('geonames_cache','s:1:\"1\";');
INSERT INTO `variable` VALUES ('geonames_cache_limit','s:2:\"14\";');
INSERT INTO `variable` VALUES ('geonames_commercial_active','s:1:\"0\";');
INSERT INTO `variable` VALUES ('geonames_commercial_active_copy','i:0;');
INSERT INTO `variable` VALUES ('geonames_commercial_server','s:22:\"http://ws.geonames.net\";');
INSERT INTO `variable` VALUES ('geonames_commercial_server_copy','s:22:\"http://ws.geonames.net\";');
INSERT INTO `variable` VALUES ('geonames_commercial_username','s:0:\"\";');
INSERT INTO `variable` VALUES ('geonames_commercial_username_copy','s:0:\"\";');
INSERT INTO `variable` VALUES ('geonames_docs_path','s:13:\"geonames/docs\";');
INSERT INTO `variable` VALUES ('geonames_metadata_updated','i:1290019697;');
INSERT INTO `variable` VALUES ('geonames_reveal_cache','s:1:\"1\";');
INSERT INTO `variable` VALUES ('gmaps_address_allowed_countries','a:248:{s:2:\"AF\";s:2:\"AF\";s:2:\"AX\";s:2:\"AX\";s:2:\"AL\";s:2:\"AL\";s:2:\"DZ\";s:2:\"DZ\";s:2:\"AS\";s:2:\"AS\";s:2:\"AD\";s:2:\"AD\";s:2:\"AO\";s:2:\"AO\";s:2:\"AI\";s:2:\"AI\";s:2:\"AQ\";s:2:\"AQ\";s:2:\"AG\";s:2:\"AG\";s:2:\"AR\";s:2:\"AR\";s:2:\"AM\";s:2:\"AM\";s:2:\"AW\";s:2:\"AW\";s:2:\"AU\";s:2:\"AU\";s:2:\"AT\";s:2:\"AT\";s:2:\"AZ\";s:2:\"AZ\";s:2:\"BS\";s:2:\"BS\";s:2:\"BH\";s:2:\"BH\";s:2:\"BD\";s:2:\"BD\";s:2:\"BB\";s:2:\"BB\";s:2:\"BY\";s:2:\"BY\";s:2:\"BE\";s:2:\"BE\";s:2:\"BZ\";s:2:\"BZ\";s:2:\"BJ\";s:2:\"BJ\";s:2:\"BM\";s:2:\"BM\";s:2:\"BT\";s:2:\"BT\";s:2:\"BO\";s:2:\"BO\";s:2:\"BA\";s:2:\"BA\";s:2:\"BW\";s:2:\"BW\";s:2:\"BV\";s:2:\"BV\";s:2:\"BR\";s:2:\"BR\";s:2:\"IO\";s:2:\"IO\";s:2:\"VG\";s:2:\"VG\";s:2:\"BN\";s:2:\"BN\";s:2:\"BG\";s:2:\"BG\";s:2:\"BF\";s:2:\"BF\";s:2:\"BI\";s:2:\"BI\";s:2:\"KH\";s:2:\"KH\";s:2:\"CM\";s:2:\"CM\";s:2:\"CA\";s:2:\"CA\";s:2:\"CV\";s:2:\"CV\";s:2:\"KY\";s:2:\"KY\";s:2:\"CF\";s:2:\"CF\";s:2:\"TD\";s:2:\"TD\";s:2:\"CL\";s:2:\"CL\";s:2:\"CN\";s:2:\"CN\";s:2:\"CX\";s:2:\"CX\";s:2:\"CC\";s:2:\"CC\";s:2:\"CO\";s:2:\"CO\";s:2:\"KM\";s:2:\"KM\";s:2:\"CK\";s:2:\"CK\";s:2:\"CR\";s:2:\"CR\";s:2:\"HR\";s:2:\"HR\";s:2:\"CU\";s:2:\"CU\";s:2:\"CY\";s:2:\"CY\";s:2:\"CZ\";s:2:\"CZ\";s:2:\"CD\";s:2:\"CD\";s:2:\"DK\";s:2:\"DK\";s:2:\"DJ\";s:2:\"DJ\";s:2:\"DM\";s:2:\"DM\";s:2:\"DO\";s:2:\"DO\";s:2:\"TL\";s:2:\"TL\";s:2:\"EC\";s:2:\"EC\";s:2:\"EG\";s:2:\"EG\";s:2:\"SV\";s:2:\"SV\";s:2:\"GQ\";s:2:\"GQ\";s:2:\"ER\";s:2:\"ER\";s:2:\"EE\";s:2:\"EE\";s:2:\"ET\";s:2:\"ET\";s:2:\"FK\";s:2:\"FK\";s:2:\"FO\";s:2:\"FO\";s:2:\"FJ\";s:2:\"FJ\";s:2:\"FI\";s:2:\"FI\";s:2:\"FR\";s:2:\"FR\";s:2:\"GF\";s:2:\"GF\";s:2:\"PF\";s:2:\"PF\";s:2:\"TF\";s:2:\"TF\";s:2:\"GA\";s:2:\"GA\";s:2:\"GM\";s:2:\"GM\";s:2:\"GE\";s:2:\"GE\";s:2:\"DE\";s:2:\"DE\";s:2:\"GH\";s:2:\"GH\";s:2:\"GI\";s:2:\"GI\";s:2:\"GR\";s:2:\"GR\";s:2:\"GL\";s:2:\"GL\";s:2:\"GD\";s:2:\"GD\";s:2:\"GP\";s:2:\"GP\";s:2:\"GU\";s:2:\"GU\";s:2:\"GT\";s:2:\"GT\";s:2:\"GG\";s:2:\"GG\";s:2:\"GN\";s:2:\"GN\";s:2:\"GW\";s:2:\"GW\";s:2:\"GY\";s:2:\"GY\";s:2:\"HT\";s:2:\"HT\";s:2:\"HM\";s:2:\"HM\";s:2:\"HN\";s:2:\"HN\";s:2:\"HK\";s:2:\"HK\";s:2:\"HU\";s:2:\"HU\";s:2:\"IS\";s:2:\"IS\";s:2:\"IN\";s:2:\"IN\";s:2:\"ID\";s:2:\"ID\";s:2:\"IR\";s:2:\"IR\";s:2:\"IQ\";s:2:\"IQ\";s:2:\"IE\";s:2:\"IE\";s:2:\"IM\";s:2:\"IM\";s:2:\"IL\";s:2:\"IL\";s:2:\"IT\";s:2:\"IT\";s:2:\"CI\";s:2:\"CI\";s:2:\"JM\";s:2:\"JM\";s:2:\"JP\";s:2:\"JP\";s:2:\"JE\";s:2:\"JE\";s:2:\"JO\";s:2:\"JO\";s:2:\"KZ\";s:2:\"KZ\";s:2:\"KE\";s:2:\"KE\";s:2:\"KI\";s:2:\"KI\";s:2:\"XK\";s:2:\"XK\";s:2:\"KW\";s:2:\"KW\";s:2:\"KG\";s:2:\"KG\";s:2:\"LA\";s:2:\"LA\";s:2:\"LV\";s:2:\"LV\";s:2:\"LB\";s:2:\"LB\";s:2:\"LS\";s:2:\"LS\";s:2:\"LR\";s:2:\"LR\";s:2:\"LY\";s:2:\"LY\";s:2:\"LI\";s:2:\"LI\";s:2:\"LT\";s:2:\"LT\";s:2:\"LU\";s:2:\"LU\";s:2:\"MO\";s:2:\"MO\";s:2:\"MK\";s:2:\"MK\";s:2:\"MG\";s:2:\"MG\";s:2:\"MW\";s:2:\"MW\";s:2:\"MY\";s:2:\"MY\";s:2:\"MV\";s:2:\"MV\";s:2:\"ML\";s:2:\"ML\";s:2:\"MT\";s:2:\"MT\";s:2:\"MH\";s:2:\"MH\";s:2:\"MQ\";s:2:\"MQ\";s:2:\"MR\";s:2:\"MR\";s:2:\"MU\";s:2:\"MU\";s:2:\"YT\";s:2:\"YT\";s:2:\"MX\";s:2:\"MX\";s:2:\"FM\";s:2:\"FM\";s:2:\"MD\";s:2:\"MD\";s:2:\"MC\";s:2:\"MC\";s:2:\"MN\";s:2:\"MN\";s:2:\"ME\";s:2:\"ME\";s:2:\"MS\";s:2:\"MS\";s:2:\"MA\";s:2:\"MA\";s:2:\"MZ\";s:2:\"MZ\";s:2:\"MM\";s:2:\"MM\";s:2:\"NA\";s:2:\"NA\";s:2:\"NR\";s:2:\"NR\";s:2:\"NP\";s:2:\"NP\";s:2:\"NL\";s:2:\"NL\";s:2:\"AN\";s:2:\"AN\";s:2:\"NC\";s:2:\"NC\";s:2:\"NZ\";s:2:\"NZ\";s:2:\"NI\";s:2:\"NI\";s:2:\"NE\";s:2:\"NE\";s:2:\"NG\";s:2:\"NG\";s:2:\"NU\";s:2:\"NU\";s:2:\"NF\";s:2:\"NF\";s:2:\"KP\";s:2:\"KP\";s:2:\"MP\";s:2:\"MP\";s:2:\"NO\";s:2:\"NO\";s:2:\"OM\";s:2:\"OM\";s:2:\"PK\";s:2:\"PK\";s:2:\"PW\";s:2:\"PW\";s:2:\"PS\";s:2:\"PS\";s:2:\"PA\";s:2:\"PA\";s:2:\"PG\";s:2:\"PG\";s:2:\"PY\";s:2:\"PY\";s:2:\"PE\";s:2:\"PE\";s:2:\"PH\";s:2:\"PH\";s:2:\"PN\";s:2:\"PN\";s:2:\"PL\";s:2:\"PL\";s:2:\"PT\";s:2:\"PT\";s:2:\"PR\";s:2:\"PR\";s:2:\"QA\";s:2:\"QA\";s:2:\"CG\";s:2:\"CG\";s:2:\"RE\";s:2:\"RE\";s:2:\"RO\";s:2:\"RO\";s:2:\"RU\";s:2:\"RU\";s:2:\"RW\";s:2:\"RW\";s:2:\"BL\";s:2:\"BL\";s:2:\"SH\";s:2:\"SH\";s:2:\"KN\";s:2:\"KN\";s:2:\"LC\";s:2:\"LC\";s:2:\"MF\";s:2:\"MF\";s:2:\"PM\";s:2:\"PM\";s:2:\"VC\";s:2:\"VC\";s:2:\"WS\";s:2:\"WS\";s:2:\"SM\";s:2:\"SM\";s:2:\"ST\";s:2:\"ST\";s:2:\"SA\";s:2:\"SA\";s:2:\"SN\";s:2:\"SN\";s:2:\"RS\";s:2:\"RS\";s:2:\"CS\";s:2:\"CS\";s:2:\"SC\";s:2:\"SC\";s:2:\"SL\";s:2:\"SL\";s:2:\"SG\";s:2:\"SG\";s:2:\"SK\";s:2:\"SK\";s:2:\"SI\";s:2:\"SI\";s:2:\"SB\";s:2:\"SB\";s:2:\"SO\";s:2:\"SO\";s:2:\"ZA\";s:2:\"ZA\";s:2:\"GS\";s:2:\"GS\";s:2:\"KR\";s:2:\"KR\";s:2:\"ES\";s:2:\"ES\";s:2:\"LK\";s:2:\"LK\";s:2:\"SD\";s:2:\"SD\";s:2:\"SR\";s:2:\"SR\";s:2:\"SJ\";s:2:\"SJ\";s:2:\"SZ\";s:2:\"SZ\";s:2:\"SE\";s:2:\"SE\";s:2:\"CH\";s:2:\"CH\";s:2:\"SY\";s:2:\"SY\";s:2:\"TW\";s:2:\"TW\";s:2:\"TJ\";s:2:\"TJ\";s:2:\"TZ\";s:2:\"TZ\";s:2:\"TH\";s:2:\"TH\";s:2:\"TG\";s:2:\"TG\";s:2:\"TK\";s:2:\"TK\";s:2:\"TO\";s:2:\"TO\";s:2:\"TT\";s:2:\"TT\";s:2:\"TN\";s:2:\"TN\";s:2:\"TR\";s:2:\"TR\";s:2:\"TM\";s:2:\"TM\";s:2:\"TC\";s:2:\"TC\";s:2:\"TV\";s:2:\"TV\";s:2:\"VI\";s:2:\"VI\";s:2:\"UG\";s:2:\"UG\";s:2:\"UA\";s:2:\"UA\";s:2:\"AE\";s:2:\"AE\";s:2:\"GB\";s:2:\"GB\";s:2:\"US\";s:2:\"US\";s:2:\"UM\";s:2:\"UM\";s:2:\"UY\";s:2:\"UY\";s:2:\"UZ\";s:2:\"UZ\";s:2:\"VU\";s:2:\"VU\";s:2:\"VA\";s:2:\"VA\";s:2:\"VE\";s:2:\"VE\";s:2:\"VN\";s:2:\"VN\";s:2:\"WF\";s:2:\"WF\";s:2:\"EH\";s:2:\"EH\";s:2:\"YE\";s:2:\"YE\";s:2:\"ZM\";s:2:\"ZM\";s:2:\"ZW\";s:2:\"ZW\";}');
INSERT INTO `variable` VALUES ('gmaps_address_part_labels','a:0:{}');
INSERT INTO `variable` VALUES ('gmaps_address_settings','a:5:{s:9:\"formatter\";s:5:\"plain\";s:7:\"country\";s:4:\"name\";s:5:\"state\";s:0:\"\";s:4:\"flag\";s:0:\"\";s:14:\"taxonomy_links\";i:0;}');
INSERT INTO `variable` VALUES ('gmaps_api_autoload','a:3:{s:7:\"enabled\";s:1:\"0\";s:4:\"mode\";s:1:\"0\";s:5:\"pages\";s:0:\"\";}');
INSERT INTO `variable` VALUES ('gmaps_api_key','s:86:\"ABQIAAAA1X11hvI7YorXTI4-AUcvGBR9mkhJA-Nc4mMNgMaWxx-Vf6LOGxSrDwhkBne-r45uqXXgoQqnaBmRFw\";');
INSERT INTO `variable` VALUES ('gmaps_api_settings','a:3:{s:6:\"domain\";s:2:\"ru\";s:13:\"site_language\";s:1:\"1\";s:16:\"geocode_lifetime\";s:7:\"7257600\";}');
INSERT INTO `variable` VALUES ('gmaps_coordinate_settings','a:7:{s:9:\"formatter\";s:5:\"plain\";s:6:\"format\";s:2:\"dd\";s:9:\"elevation\";s:1:\"1\";s:7:\"dd_prec\";s:1:\"6\";s:8:\"dms_prec\";s:1:\"0\";s:9:\"cart_prec\";s:1:\"2\";s:14:\"elevation_prec\";s:1:\"0\";}');
INSERT INTO `variable` VALUES ('gmaps_elevation_service','s:0:\"\";');
INSERT INTO `variable` VALUES ('gmaps_enable_user_settings','i:0;');
INSERT INTO `variable` VALUES ('gmaps_external_js_compression','i:1;');
INSERT INTO `variable` VALUES ('gmaps_icon_settings','a:5:{s:8:\"min_size\";a:2:{i:0;d:8;i:1;d:8;}s:8:\"max_size\";a:2:{i:0;d:150;i:1;d:150;}s:9:\"file_size\";s:2:\"50\";s:12:\"preview_size\";a:2:{i:0;d:48;i:1;d:48;}s:19:\"inline_preview_size\";a:2:{i:0;d:16;i:1;d:16;}}');
INSERT INTO `variable` VALUES ('gmaps_length_settings','a:6:{s:4:\"unit\";s:5:\"meter\";s:7:\"optmode\";s:1:\"0\";s:9:\"precision\";s:1:\"2\";s:9:\"formatter\";s:5:\"plain\";s:5:\"input\";s:14:\"gmaps_distance\";s:9:\"multipart\";i:0;}');
INSERT INTO `variable` VALUES ('gmaps_map_cache','i:1;');
INSERT INTO `variable` VALUES ('gmaps_path_settings','a:4:{s:4:\"base\";s:5:\"gmaps\";s:4:\"icon\";s:5:\"icons\";s:7:\"library\";s:9:\"libraries\";s:7:\"smcache\";s:7:\"smcache\";}');
INSERT INTO `variable` VALUES ('gmaps_se_cache_lifetime','s:7:\"2419200\";');
INSERT INTO `variable` VALUES ('gmaps_se_track_access','i:1;');
INSERT INTO `variable` VALUES ('gmaps_static_map_cache','i:1;');
INSERT INTO `variable` VALUES ('gmaps_static_map_cache_image','i:1;');
INSERT INTO `variable` VALUES ('gmaps_throttle_support','i:0;');
INSERT INTO `variable` VALUES ('imageapi_image_toolkit','s:11:\"imageapi_gd\";');
INSERT INTO `variable` VALUES ('imageapi_jpeg_quality','s:3:\"100\";');
INSERT INTO `variable` VALUES ('image_jpeg_quality','s:3:\"100\";');
INSERT INTO `variable` VALUES ('image_toolkit','s:2:\"gd\";');
INSERT INTO `variable` VALUES ('inline_registration_guide','i:1;');
INSERT INTO `variable` VALUES ('inline_registration_weight_guide','s:3:\"-10\";');
INSERT INTO `variable` VALUES ('install_profile','s:7:\"default\";');
INSERT INTO `variable` VALUES ('install_task','s:4:\"done\";');
INSERT INTO `variable` VALUES ('install_time','i:1283717177;');
INSERT INTO `variable` VALUES ('javascript_parsed','a:42:{i:0;s:14:\"misc/jquery.js\";i:1;s:14:\"misc/drupal.js\";i:2;s:47:\"sites/all/modules/l10n_client/jquery.hotkeys.js\";i:3;s:46:\"sites/all/modules/l10n_client/jquery.cookie.js\";i:4;s:44:\"sites/all/modules/l10n_client/l10n_client.js\";i:5;s:16:\"misc/textarea.js\";i:6;s:42:\"sites/all/modules/lightbox2/js/lightbox.js\";i:7;s:37:\"sites/all/modules/panels/js/panels.js\";i:8;s:42:\"sites/all/modules/simplemenu/simplemenu.js\";i:9;s:47:\"sites/all/modules/simplemenu/superfish-1.4.1.js\";i:10;s:42:\"sites/all/modules/simpletest/simpletest.js\";i:11;s:19:\"misc/tableselect.js\";i:12;s:19:\"misc/tableheader.js\";i:13;s:69:\"sites/default/files/js/simplemenu-b4b66a7cdc7af73032872dc3b12ae384.js\";i:14;s:16:\"misc/progress.js\";i:15;s:13:\"misc/batch.js\";i:16;s:54:\"sites/all/themes/zen/scripts/jquery.superSimpleTabs.js\";i:17;s:69:\"sites/default/files/js/simplemenu-3c6b061a4148e783137c07a051d232b4.js\";i:18;s:16:\"misc/collapse.js\";i:19;s:17:\"misc/tabledrag.js\";i:20;s:40:\"sites/all/modules/filefield/filefield.js\";i:21;s:19:\"misc/jquery.form.js\";i:22;s:12:\"misc/ahah.js\";i:23;s:20:\"misc/autocomplete.js\";i:24;s:14:\"misc/teaser.js\";i:25;s:59:\"sites/all/modules/gmaps/resources/external-js/jquery.md5.js\";i:26;s:37:\"sites/all/modules/gmaps/misc/gmaps.js\";i:27;s:41:\"sites/all/modules/gmaps/misc/gmaps-map.js\";i:28;s:44:\"sites/all/modules/gmaps/misc/gmaps-marker.js\";i:29;s:69:\"sites/all/modules/gmaps/resources/external-js/markertracker_packed.js\";i:30;s:42:\"sites/all/modules/gmaps/misc/gmaps-icon.js\";i:31;s:53:\"sites/all/modules/gmaps/misc/gmaps-address-element.js\";i:32;s:54:\"sites/all/modules/gmaps/misc/gmaps-geocoder-element.js\";i:33;s:69:\"sites/default/files/js/simplemenu-991f6beda1c7146d443f91064f3b4720.js\";i:34;s:36:\"sites/all/modules/flag/theme/flag.js\";i:35;s:69:\"sites/default/files/js/simplemenu-7e308dd1649e470b93c0d13cb3696a81.js\";i:36;s:69:\"sites/default/files/js/simplemenu-5bee1f5dbf6f637c6fb5e19c5f1891f9.js\";i:37;s:69:\"sites/default/files/js/simplemenu-fbed253ac3c88b279b0f1e70514362f9.js\";i:38;s:69:\"sites/default/files/js/simplemenu-51bcfed247e67a9be8ff6f11e6e5500a.js\";i:39;s:48:\"sites/all/modules/lightbox2/js/lightbox_modal.js\";i:40;s:20:\"modules/user/user.js\";i:41;s:32:\"sites/all/modules/cck/content.js\";}');
INSERT INTO `variable` VALUES ('lightbox2_border_size','s:2:\"10\";');
INSERT INTO `variable` VALUES ('lightbox2_box_color','s:3:\"fff\";');
INSERT INTO `variable` VALUES ('lightbox2_disable_close_click','i:1;');
INSERT INTO `variable` VALUES ('lightbox2_disable_resize','i:0;');
INSERT INTO `variable` VALUES ('lightbox2_disable_zoom','i:0;');
INSERT INTO `variable` VALUES ('lightbox2_download_link_text','s:17:\"Download Original\";');
INSERT INTO `variable` VALUES ('lightbox2_enable_contact','i:0;');
INSERT INTO `variable` VALUES ('lightbox2_enable_login','i:1;');
INSERT INTO `variable` VALUES ('lightbox2_enable_video','i:0;');
INSERT INTO `variable` VALUES ('lightbox2_fadein_speed','s:3:\"0.4\";');
INSERT INTO `variable` VALUES ('lightbox2_filter_xss_allowed_tags','s:56:\"p, br, a, em, strong, cite, code, ul, ol, li, dl, dt, dd\";');
INSERT INTO `variable` VALUES ('lightbox2_flv_player_flashvars','s:0:\"\";');
INSERT INTO `variable` VALUES ('lightbox2_flv_player_path','s:13:\"flvplayer.swf\";');
INSERT INTO `variable` VALUES ('lightbox2_font_color','s:3:\"000\";');
INSERT INTO `variable` VALUES ('lightbox2_force_show_nav','i:0;');
INSERT INTO `variable` VALUES ('lightbox2_imagefield_group_node_id','s:1:\"1\";');
INSERT INTO `variable` VALUES ('lightbox2_imagefield_use_node_title','i:0;');
INSERT INTO `variable` VALUES ('lightbox2_image_count_str','s:24:\"Image !current of !total\";');
INSERT INTO `variable` VALUES ('lightbox2_js_location','s:6:\"header\";');
INSERT INTO `variable` VALUES ('lightbox2_keys_close','s:6:\"c x 27\";');
INSERT INTO `variable` VALUES ('lightbox2_keys_next','s:4:\"n 39\";');
INSERT INTO `variable` VALUES ('lightbox2_keys_play_pause','s:2:\"32\";');
INSERT INTO `variable` VALUES ('lightbox2_keys_previous','s:4:\"p 37\";');
INSERT INTO `variable` VALUES ('lightbox2_keys_zoom','s:1:\"z\";');
INSERT INTO `variable` VALUES ('lightbox2_lite','i:0;');
INSERT INTO `variable` VALUES ('lightbox2_loop_items','i:0;');
INSERT INTO `variable` VALUES ('lightbox2_node_link_target','i:0;');
INSERT INTO `variable` VALUES ('lightbox2_node_link_text','s:18:\"View Image Details\";');
INSERT INTO `variable` VALUES ('lightbox2_overlay_color','s:3:\"000\";');
INSERT INTO `variable` VALUES ('lightbox2_overlay_opacity','s:3:\"0.8\";');
INSERT INTO `variable` VALUES ('lightbox2_page_count_str','s:23:\"Page !current of !total\";');
INSERT INTO `variable` VALUES ('lightbox2_page_init_action','s:12:\"page_disable\";');
INSERT INTO `variable` VALUES ('lightbox2_page_list','s:0:\"\";');
INSERT INTO `variable` VALUES ('lightbox2_resize_sequence','s:1:\"0\";');
INSERT INTO `variable` VALUES ('lightbox2_resize_speed','s:3:\"0.4\";');
INSERT INTO `variable` VALUES ('lightbox2_show_caption','i:1;');
INSERT INTO `variable` VALUES ('lightbox2_slidedown_speed','s:3:\"0.6\";');
INSERT INTO `variable` VALUES ('lightbox2_top_position','s:0:\"\";');
INSERT INTO `variable` VALUES ('lightbox2_use_alt_layout','i:0;');
INSERT INTO `variable` VALUES ('lightbox2_video_count_str','s:24:\"Video !current of !total\";');
INSERT INTO `variable` VALUES ('lightbox2_view_image_text','s:10:\"View image\";');
INSERT INTO `variable` VALUES ('location_general_geocoders_in_use','a:1:{s:6:\"google\";s:6:\"google\";}');
INSERT INTO `variable` VALUES ('location_jit_geocoding','i:0;');
INSERT INTO `variable` VALUES ('location_maplink_external','i:0;');
INSERT INTO `variable` VALUES ('location_maplink_external_method','s:15:\"target=\"_blank\"\";');
INSERT INTO `variable` VALUES ('location_use_province_abbreviation','s:1:\"1\";');
INSERT INTO `variable` VALUES ('menu_expanded','a:0:{}');
INSERT INTO `variable` VALUES ('menu_masks','a:29:{i:0;i:127;i:1;i:125;i:2;i:63;i:3;i:62;i:4;i:61;i:5;i:59;i:6;i:58;i:7;i:57;i:8;i:56;i:9;i:46;i:10;i:44;i:11;i:31;i:12;i:30;i:13;i:29;i:14;i:28;i:15;i:24;i:16;i:23;i:17;i:21;i:18;i:15;i:19;i:14;i:20;i:12;i:21;i:11;i:22;i:7;i:23;i:6;i:24;i:5;i:25;i:4;i:26;i:3;i:27;i:2;i:28;i:1;}');
INSERT INTO `variable` VALUES ('metadata_refresh','s:34:\"Refresh metadata from geonames.org\";');
INSERT INTO `variable` VALUES ('node_admin_theme','i:0;');
INSERT INTO `variable` VALUES ('node_cron_comments_scale','d:1;');
INSERT INTO `variable` VALUES ('node_cron_last','s:10:\"1289916638\";');
INSERT INTO `variable` VALUES ('node_cron_views_scale','d:1;');
INSERT INTO `variable` VALUES ('node_options_forum','a:1:{i:0;s:6:\"status\";}');
INSERT INTO `variable` VALUES ('node_options_guide','a:2:{i:0;s:6:\"status\";i:1;s:7:\"promote\";}');
INSERT INTO `variable` VALUES ('node_options_news','a:2:{i:0;s:6:\"status\";i:1;s:7:\"promote\";}');
INSERT INTO `variable` VALUES ('node_options_page','a:1:{i:0;s:6:\"status\";}');
INSERT INTO `variable` VALUES ('node_options_testimonial','a:2:{i:0;s:6:\"status\";i:1;s:7:\"promote\";}');
INSERT INTO `variable` VALUES ('panels_legacy_rendering_mode','b:0;');
INSERT INTO `variable` VALUES ('privatemsg_display_fields','a:4:{s:12:\"participants\";s:12:\"participants\";s:14:\"thread_started\";i:0;s:5:\"count\";i:0;s:4:\"tags\";i:0;}');
INSERT INTO `variable` VALUES ('privatemsg_display_loginmessage','i:1;');
INSERT INTO `variable` VALUES ('privatemsg_filter_default_list','s:1:\"0\";');
INSERT INTO `variable` VALUES ('privatemsg_flush_days','s:2:\"30\";');
INSERT INTO `variable` VALUES ('privatemsg_flush_enabled','i:1;');
INSERT INTO `variable` VALUES ('privatemsg_flush_max','s:3:\"200\";');
INSERT INTO `variable` VALUES ('privatemsg_per_page','s:2:\"25\";');
INSERT INTO `variable` VALUES ('privatemsg_view_default_amount','s:2:\"10\";');
INSERT INTO `variable` VALUES ('privatemsg_view_max_amount','s:2:\"20\";');
INSERT INTO `variable` VALUES ('privatemsg_view_use_max_as_default','i:0;');
INSERT INTO `variable` VALUES ('private_message_view_template','s:15:\"privatemsg-view\";');
INSERT INTO `variable` VALUES ('rebuild_length_unit_cache','s:26:\"Re-build length unit cache\";');
INSERT INTO `variable` VALUES ('rebuild_marker_js','s:10:\"Regenerate\";');
INSERT INTO `variable` VALUES ('rebuild_search_engine_cache','s:28:\"Re-build search engine cache\";');
INSERT INTO `variable` VALUES ('rules_counter','i:4;');
INSERT INTO `variable` VALUES ('rules_inactive_sets','a:22:{i:0;s:20:\"event_comment_insert\";i:1;s:20:\"event_comment_update\";i:2;s:20:\"event_comment_delete\";i:3;s:18:\"event_comment_view\";i:4;s:21:\"event_comment_publish\";i:5;s:23:\"event_comment_unpublish\";i:7;s:17:\"event_node_update\";i:8;s:18:\"event_node_presave\";i:9;s:15:\"event_node_view\";i:10;s:17:\"event_node_delete\";i:11;s:10:\"event_init\";i:12;s:10:\"event_cron\";i:13;s:26:\"event_taxonomy_term_insert\";i:14;s:26:\"event_taxonomy_term_update\";i:15;s:17:\"event_user_insert\";i:16;s:17:\"event_user_update\";i:17;s:15:\"event_user_view\";i:18;s:17:\"event_user_delete\";i:20;s:17:\"event_user_logout\";i:21;s:28:\"event_flag_flagged_bookmarks\";i:22;s:30:\"event_flag_unflagged_bookmarks\";i:24;s:11:\"rules_set_1\";}');
INSERT INTO `variable` VALUES ('simplemenu_cache_menu','i:1;');
INSERT INTO `variable` VALUES ('simplemenu_call_theme','i:0;');
INSERT INTO `variable` VALUES ('simplemenu_css_filename','s:71:\"sites/default/files/css/simplemenu-50bb780fc61779592ead83ac882e2323.css\";');
INSERT INTO `variable` VALUES ('simplemenu_detect_popup','i:1;');
INSERT INTO `variable` VALUES ('simplemenu_dropdown_zindex','s:4:\"9999\";');
INSERT INTO `variable` VALUES ('simplemenu_effect','s:7:\"opacity\";');
INSERT INTO `variable` VALUES ('simplemenu_effect_speed','s:4:\"fast\";');
INSERT INTO `variable` VALUES ('simplemenu_element','s:4:\"body\";');
INSERT INTO `variable` VALUES ('simplemenu_element_method','s:7:\"prepend\";');
INSERT INTO `variable` VALUES ('simplemenu_exclusions','a:6:{s:10:\"bluemarine\";i:0;s:9:\"chameleon\";i:0;s:6:\"marvin\";i:0;s:8:\"minnelli\";i:0;s:10:\"pushbutton\";i:0;s:7:\"garland\";i:0;}');
INSERT INTO `variable` VALUES ('simplemenu_fix','s:6:\"scroll\";');
INSERT INTO `variable` VALUES ('simplemenu_hide_delay','s:3:\"800\";');
INSERT INTO `variable` VALUES ('simplemenu_hide_when_empty','i:0;');
INSERT INTO `variable` VALUES ('simplemenu_menubar_zindex','s:4:\"9999\";');
INSERT INTO `variable` VALUES ('simplemenu_menus','a:1:{s:12:\"navigation:0\";s:12:\"navigation:0\";}');
INSERT INTO `variable` VALUES ('simplemenu_menu_scope','s:6:\"footer\";');
INSERT INTO `variable` VALUES ('simplemenu_multi_menu_theme_function','a:3:{s:7:\"garland\";s:20:\"theme_menu_item_link\";s:8:\"minnelli\";s:20:\"theme_menu_item_link\";s:3:\"zen\";s:18:\"zen_menu_item_link\";}');
INSERT INTO `variable` VALUES ('simplemenu_running','b:0;');
INSERT INTO `variable` VALUES ('simplemenu_superfish_version','s:18:\"superfish-1.4.1.js\";');
INSERT INTO `variable` VALUES ('simplemenu_theme','s:11:\"simpleblack\";');
INSERT INTO `variable` VALUES ('simplemenu_uid1','i:1;');
INSERT INTO `variable` VALUES ('simplemenu_visibility_operator','s:1:\"0\";');
INSERT INTO `variable` VALUES ('simplemenu_visibility_pages','s:7:\"imce*\r\n\";');
INSERT INTO `variable` VALUES ('site_footer','s:0:\"\";');
INSERT INTO `variable` VALUES ('site_frontpage','s:6:\"node/6\";');
INSERT INTO `variable` VALUES ('site_mail','s:18:\"afedoruk@gmail.com\";');
INSERT INTO `variable` VALUES ('site_mission','s:0:\"\";');
INSERT INTO `variable` VALUES ('site_name','s:12:\"guides.local\";');
INSERT INTO `variable` VALUES ('site_slogan','s:0:\"\";');
INSERT INTO `variable` VALUES ('theme_default','s:3:\"zen\";');
INSERT INTO `variable` VALUES ('theme_settings','a:21:{s:11:\"toggle_logo\";i:1;s:11:\"toggle_name\";i:1;s:13:\"toggle_slogan\";i:0;s:14:\"toggle_mission\";i:1;s:24:\"toggle_node_user_picture\";i:0;s:27:\"toggle_comment_user_picture\";i:0;s:13:\"toggle_search\";i:1;s:14:\"toggle_favicon\";i:1;s:20:\"toggle_primary_links\";i:1;s:22:\"toggle_secondary_links\";i:1;s:21:\"toggle_node_info_page\";i:0;s:22:\"toggle_node_info_story\";i:0;s:22:\"toggle_node_info_guide\";i:0;s:21:\"toggle_node_info_news\";i:0;s:28:\"toggle_node_info_testimonial\";i:1;s:12:\"default_logo\";i:1;s:9:\"logo_path\";s:0:\"\";s:11:\"logo_upload\";s:0:\"\";s:15:\"default_favicon\";i:1;s:12:\"favicon_path\";s:0:\"\";s:14:\"favicon_upload\";s:0:\"\";}');
INSERT INTO `variable` VALUES ('theme_zen_settings','a:9:{s:17:\"zen_block_editing\";s:1:\"1\";s:14:\"zen_breadcrumb\";s:3:\"yes\";s:24:\"zen_breadcrumb_separator\";s:5:\" › \";s:19:\"zen_breadcrumb_home\";s:1:\"1\";s:23:\"zen_breadcrumb_trailing\";s:1:\"1\";s:20:\"zen_breadcrumb_title\";s:1:\"0\";s:10:\"zen_layout\";s:18:\"zen-columns-liquid\";s:20:\"zen_rebuild_registry\";s:1:\"0\";s:14:\"zen_wireframes\";s:1:\"0\";}');
INSERT INTO `variable` VALUES ('twitter_consumer_key','s:22:\"Tg6tIT4zAY17rlzvXmBFUA\";');
INSERT INTO `variable` VALUES ('twitter_consumer_secret','s:40:\"afpWj6sbiJHssAVmqFXF7oMecGqhMzYl5AjcxPvo\";');
INSERT INTO `variable` VALUES ('twitter_expire','s:1:\"0\";');
INSERT INTO `variable` VALUES ('twitter_import','i:0;');
INSERT INTO `variable` VALUES ('twitter_signin_button','s:32:\"Sign-in-with-Twitter-lighter.png\";');
INSERT INTO `variable` VALUES ('twitter_signin_register','s:1:\"1\";');
INSERT INTO `variable` VALUES ('update_last_check','i:1290422422;');
INSERT INTO `variable` VALUES ('user_email_verification','b:1;');
/*!40000 ALTER TABLE `variable` ENABLE KEYS */;
UNLOCK TABLES;

DROP TABLE IF EXISTS `views_display`;
CREATE TABLE `views_display` (
  `vid` int(10) unsigned NOT NULL DEFAULT '0',
  `id` varchar(64) NOT NULL DEFAULT '',
  `display_title` varchar(64) NOT NULL DEFAULT '',
  `display_plugin` varchar(64) NOT NULL DEFAULT '',
  `position` int(11) DEFAULT '0',
  `display_options` longtext,
  PRIMARY KEY (`vid`,`id`),
  KEY `vid` (`vid`,`position`)
) ENGINE=InnoDB DEFAULT CHARSET=utf8;

LOCK TABLES `views_display` WRITE;
/*!40000 ALTER TABLE `views_display` DISABLE KEYS */;
INSERT INTO `views_display` VALUES (1,'block_1','Новые гиды','block',2,'a:7:{s:12:\"style_plugin\";s:7:\"default\";s:8:\"defaults\";a:6:{s:12:\"style_plugin\";b:0;s:13:\"style_options\";b:0;s:10:\"row_plugin\";b:0;s:11:\"row_options\";b:0;s:6:\"fields\";b:0;s:5:\"title\";b:0;}s:13:\"style_options\";a:0:{}s:10:\"row_plugin\";s:6:\"fields\";s:11:\"row_options\";a:3:{s:6:\"inline\";a:0:{}s:9:\"separator\";s:0:\"\";s:10:\"hide_empty\";i:0;}s:6:\"fields\";a:1:{s:5:\"title\";a:12:{s:5:\"label\";s:0:\"\";s:5:\"alter\";a:16:{s:10:\"alter_text\";i:0;s:4:\"text\";s:0:\"\";s:9:\"make_link\";i:0;s:4:\"path\";s:0:\"\";s:10:\"link_class\";s:0:\"\";s:3:\"alt\";s:0:\"\";s:6:\"prefix\";s:0:\"\";s:6:\"suffix\";s:0:\"\";s:6:\"target\";s:0:\"\";s:4:\"help\";s:0:\"\";s:4:\"trim\";i:0;s:10:\"max_length\";s:0:\"\";s:13:\"word_boundary\";i:1;s:8:\"ellipsis\";i:1;s:4:\"html\";i:0;s:10:\"strip_tags\";i:0;}s:5:\"empty\";s:0:\"\";s:10:\"hide_empty\";i:0;s:10:\"empty_zero\";i:0;s:12:\"link_to_node\";i:1;s:7:\"exclude\";i:0;s:2:\"id\";s:5:\"title\";s:5:\"table\";s:4:\"node\";s:5:\"field\";s:5:\"title\";s:8:\"override\";a:1:{s:6:\"button\";s:11:\"Use default\";}s:12:\"relationship\";s:4:\"none\";}}s:5:\"title\";s:19:\"Новые гиды\";}');
INSERT INTO `views_display` VALUES (1,'block_2','Один из гидов','block',3,'a:12:{s:5:\"sorts\";a:1:{s:6:\"random\";a:6:{s:5:\"order\";s:3:\"ASC\";s:2:\"id\";s:6:\"random\";s:5:\"table\";s:5:\"views\";s:5:\"field\";s:6:\"random\";s:8:\"override\";a:1:{s:6:\"button\";s:11:\"Use default\";}s:12:\"relationship\";s:4:\"none\";}}s:8:\"defaults\";a:11:{s:5:\"sorts\";b:0;s:14:\"items_per_page\";b:0;s:6:\"offset\";b:0;s:9:\"use_pager\";b:0;s:13:\"pager_element\";b:0;s:12:\"style_plugin\";b:0;s:13:\"style_options\";b:0;s:10:\"row_plugin\";b:0;s:11:\"row_options\";b:0;s:6:\"fields\";b:0;s:5:\"title\";b:0;}s:14:\"items_per_page\";i:1;s:6:\"offset\";i:0;s:9:\"use_pager\";b:0;s:13:\"pager_element\";i:0;s:12:\"style_plugin\";s:7:\"default\";s:13:\"style_options\";a:0:{}s:10:\"row_plugin\";s:6:\"fields\";s:11:\"row_options\";a:3:{s:6:\"inline\";a:2:{s:5:\"title\";s:5:\"title\";s:15:\"field_photo_fid\";s:15:\"field_photo_fid\";}s:9:\"separator\";s:0:\"\";s:10:\"hide_empty\";i:1;}s:6:\"fields\";a:2:{s:15:\"field_photo_fid\";a:15:{s:5:\"label\";s:0:\"\";s:5:\"alter\";a:16:{s:10:\"alter_text\";i:0;s:4:\"text\";s:0:\"\";s:9:\"make_link\";i:0;s:4:\"path\";s:0:\"\";s:10:\"link_class\";s:0:\"\";s:3:\"alt\";s:0:\"\";s:6:\"prefix\";s:0:\"\";s:6:\"suffix\";s:0:\"\";s:6:\"target\";s:0:\"\";s:4:\"help\";s:0:\"\";s:4:\"trim\";i:0;s:10:\"max_length\";s:0:\"\";s:13:\"word_boundary\";i:1;s:8:\"ellipsis\";i:1;s:4:\"html\";i:0;s:10:\"strip_tags\";i:0;}s:5:\"empty\";s:0:\"\";s:10:\"hide_empty\";i:0;s:10:\"empty_zero\";i:0;s:12:\"link_to_node\";i:1;s:10:\"label_type\";s:4:\"none\";s:6:\"format\";s:14:\"userpic_linked\";s:8:\"multiple\";a:4:{s:5:\"group\";b:1;s:15:\"multiple_number\";s:0:\"\";s:13:\"multiple_from\";s:0:\"\";s:17:\"multiple_reversed\";b:0;}s:7:\"exclude\";i:0;s:2:\"id\";s:15:\"field_photo_fid\";s:5:\"table\";s:21:\"node_data_field_photo\";s:5:\"field\";s:15:\"field_photo_fid\";s:8:\"override\";a:1:{s:6:\"button\";s:11:\"Use default\";}s:12:\"relationship\";s:4:\"none\";}s:5:\"title\";a:12:{s:5:\"label\";s:0:\"\";s:5:\"alter\";a:16:{s:10:\"alter_text\";i:0;s:4:\"text\";s:0:\"\";s:9:\"make_link\";i:0;s:4:\"path\";s:0:\"\";s:10:\"link_class\";s:0:\"\";s:3:\"alt\";s:0:\"\";s:6:\"prefix\";s:0:\"\";s:6:\"suffix\";s:0:\"\";s:6:\"target\";s:0:\"\";s:4:\"help\";s:0:\"\";s:4:\"trim\";i:0;s:10:\"max_length\";s:0:\"\";s:13:\"word_boundary\";i:1;s:8:\"ellipsis\";i:1;s:4:\"html\";i:0;s:10:\"strip_tags\";i:0;}s:5:\"empty\";s:0:\"\";s:10:\"hide_empty\";i:0;s:10:\"empty_zero\";i:0;s:12:\"link_to_node\";i:1;s:7:\"exclude\";i:0;s:2:\"id\";s:5:\"title\";s:5:\"table\";s:4:\"node\";s:5:\"field\";s:5:\"title\";s:8:\"override\";a:1:{s:6:\"button\";s:11:\"Use default\";}s:12:\"relationship\";s:4:\"none\";}}s:5:\"title\";s:24:\"Один из гидов\";}');
INSERT INTO `views_display` VALUES (1,'default','Defaults','default',1,'a:6:{s:7:\"filters\";a:2:{s:6:\"status\";a:9:{s:8:\"operator\";s:1:\"=\";s:5:\"value\";s:1:\"1\";s:5:\"group\";s:1:\"0\";s:7:\"exposed\";b:0;s:6:\"expose\";a:2:{s:8:\"operator\";b:0;s:5:\"label\";s:0:\"\";}s:2:\"id\";s:6:\"status\";s:5:\"table\";s:4:\"node\";s:5:\"field\";s:6:\"status\";s:12:\"relationship\";s:4:\"none\";}s:4:\"type\";a:9:{s:8:\"operator\";s:2:\"in\";s:5:\"value\";a:1:{s:5:\"guide\";s:5:\"guide\";}s:5:\"group\";s:1:\"0\";s:7:\"exposed\";b:0;s:6:\"expose\";a:2:{s:8:\"operator\";b:0;s:5:\"label\";s:0:\"\";}s:2:\"id\";s:4:\"type\";s:5:\"table\";s:4:\"node\";s:5:\"field\";s:4:\"type\";s:12:\"relationship\";s:4:\"none\";}}s:10:\"row_plugin\";s:4:\"node\";s:11:\"row_options\";a:4:{s:12:\"relationship\";s:4:\"none\";s:10:\"build_mode\";s:6:\"teaser\";s:5:\"links\";i:1;s:8:\"comments\";i:0;}s:5:\"sorts\";a:1:{s:7:\"created\";a:7:{s:5:\"order\";s:4:\"DESC\";s:11:\"granularity\";s:6:\"second\";s:2:\"id\";s:7:\"created\";s:5:\"table\";s:4:\"node\";s:5:\"field\";s:7:\"created\";s:8:\"override\";a:1:{s:6:\"button\";s:8:\"Override\";}s:12:\"relationship\";s:4:\"none\";}}s:6:\"fields\";a:2:{s:5:\"title\";a:12:{s:5:\"label\";s:5:\"Title\";s:5:\"alter\";a:16:{s:10:\"alter_text\";i:0;s:4:\"text\";s:0:\"\";s:9:\"make_link\";i:0;s:4:\"path\";s:0:\"\";s:10:\"link_class\";s:0:\"\";s:3:\"alt\";s:0:\"\";s:6:\"prefix\";s:0:\"\";s:6:\"suffix\";s:0:\"\";s:6:\"target\";s:0:\"\";s:4:\"help\";s:0:\"\";s:4:\"trim\";i:0;s:10:\"max_length\";s:0:\"\";s:13:\"word_boundary\";i:1;s:8:\"ellipsis\";i:1;s:4:\"html\";i:0;s:10:\"strip_tags\";i:0;}s:5:\"empty\";s:0:\"\";s:10:\"hide_empty\";i:0;s:10:\"empty_zero\";i:0;s:12:\"link_to_node\";i:1;s:7:\"exclude\";i:0;s:2:\"id\";s:5:\"title\";s:5:\"table\";s:4:\"node\";s:5:\"field\";s:5:\"title\";s:8:\"override\";a:1:{s:6:\"button\";s:8:\"Override\";}s:12:\"relationship\";s:4:\"none\";}s:15:\"field_photo_fid\";a:3:{s:2:\"id\";s:15:\"field_photo_fid\";s:5:\"table\";s:21:\"node_data_field_photo\";s:5:\"field\";s:15:\"field_photo_fid\";}}s:5:\"title\";s:0:\"\";}');
INSERT INTO `views_display` VALUES (1,'page_1','Page','page',4,'a:3:{s:4:\"path\";s:6:\"guides\";s:5:\"title\";s:15:\"Все гиды\";s:8:\"defaults\";a:1:{s:5:\"title\";b:0;}}');
INSERT INTO `views_display` VALUES (2,'block_1','Block','block',3,'a:5:{s:14:\"items_per_page\";i:10;s:8:\"defaults\";a:4:{s:14:\"items_per_page\";b:0;s:6:\"offset\";b:0;s:9:\"use_pager\";b:0;s:13:\"pager_element\";b:0;}s:6:\"offset\";i:0;s:9:\"use_pager\";s:1:\"0\";s:13:\"pager_element\";i:0;}');
INSERT INTO `views_display` VALUES (2,'default','Defaults','default',1,'a:10:{s:7:\"filters\";a:2:{s:6:\"status\";a:9:{s:8:\"operator\";s:1:\"=\";s:5:\"value\";s:1:\"1\";s:5:\"group\";s:1:\"0\";s:7:\"exposed\";b:0;s:6:\"expose\";a:2:{s:8:\"operator\";b:0;s:5:\"label\";s:0:\"\";}s:2:\"id\";s:6:\"status\";s:5:\"table\";s:4:\"node\";s:5:\"field\";s:6:\"status\";s:12:\"relationship\";s:4:\"none\";}s:4:\"type\";a:9:{s:8:\"operator\";s:2:\"in\";s:5:\"value\";a:1:{s:4:\"news\";s:4:\"news\";}s:5:\"group\";s:1:\"0\";s:7:\"exposed\";b:0;s:6:\"expose\";a:2:{s:8:\"operator\";b:0;s:5:\"label\";s:0:\"\";}s:2:\"id\";s:4:\"type\";s:5:\"table\";s:4:\"node\";s:5:\"field\";s:4:\"type\";s:12:\"relationship\";s:4:\"none\";}}s:5:\"sorts\";a:1:{s:7:\"created\";a:6:{s:5:\"order\";s:4:\"DESC\";s:11:\"granularity\";s:6:\"second\";s:2:\"id\";s:7:\"created\";s:5:\"table\";s:4:\"node\";s:5:\"field\";s:7:\"created\";s:12:\"relationship\";s:4:\"none\";}}s:10:\"row_plugin\";s:4:\"node\";s:11:\"row_options\";a:4:{s:12:\"relationship\";s:4:\"none\";s:10:\"build_mode\";s:6:\"teaser\";s:5:\"links\";i:1;s:8:\"comments\";i:0;}s:9:\"use_pager\";s:1:\"1\";s:13:\"pager_element\";i:0;s:5:\"title\";s:14:\"Новости\";s:8:\"use_more\";i:1;s:15:\"use_more_always\";i:0;s:13:\"use_more_text\";s:21:\"все новости\";}');
INSERT INTO `views_display` VALUES (2,'page_1','Page','page',2,'a:2:{s:4:\"path\";s:4:\"news\";s:4:\"menu\";a:5:{s:4:\"type\";s:6:\"normal\";s:5:\"title\";s:14:\"Новости\";s:11:\"description\";s:0:\"\";s:4:\"name\";s:13:\"primary-links\";s:6:\"weight\";s:1:\"0\";}}');
INSERT INTO `views_display` VALUES (3,'default','Defaults','default',1,'a:16:{s:13:\"relationships\";a:1:{s:16:\"flag_content_rel\";a:9:{s:5:\"label\";s:9:\"bookmarks\";s:8:\"required\";i:1;s:4:\"flag\";s:9:\"bookmarks\";s:10:\"user_scope\";s:7:\"current\";s:2:\"id\";s:16:\"flag_content_rel\";s:5:\"table\";s:4:\"node\";s:5:\"field\";s:16:\"flag_content_rel\";s:12:\"relationship\";s:4:\"none\";s:8:\"override\";a:1:{s:6:\"button\";s:8:\"Override\";}}}s:8:\"defaults\";a:15:{s:13:\"relationships\";b:0;s:6:\"fields\";b:0;s:7:\"filters\";b:0;s:6:\"access\";b:0;s:5:\"title\";b:0;s:14:\"items_per_page\";b:0;s:6:\"offset\";b:0;s:9:\"use_pager\";b:0;s:13:\"pager_element\";b:0;s:5:\"empty\";b:0;s:12:\"empty_format\";b:0;s:12:\"style_plugin\";b:0;s:13:\"style_options\";b:0;s:10:\"row_plugin\";b:0;s:11:\"row_options\";b:0;}s:6:\"fields\";a:6:{s:4:\"type\";a:4:{s:2:\"id\";s:4:\"type\";s:5:\"table\";s:4:\"node\";s:5:\"field\";s:4:\"type\";s:5:\"label\";s:4:\"Type\";}s:5:\"title\";a:5:{s:2:\"id\";s:5:\"title\";s:5:\"table\";s:4:\"node\";s:5:\"field\";s:5:\"title\";s:5:\"label\";s:5:\"Title\";s:12:\"link_to_node\";i:1;}s:4:\"name\";a:5:{s:5:\"label\";s:6:\"Author\";s:12:\"link_to_user\";i:1;s:2:\"id\";s:4:\"name\";s:5:\"table\";s:5:\"users\";s:5:\"field\";s:4:\"name\";}s:13:\"comment_count\";a:4:{s:2:\"id\";s:13:\"comment_count\";s:5:\"table\";s:23:\"node_comment_statistics\";s:5:\"field\";s:13:\"comment_count\";s:5:\"label\";s:7:\"Replies\";}s:22:\"last_comment_timestamp\";a:4:{s:2:\"id\";s:22:\"last_comment_timestamp\";s:5:\"table\";s:23:\"node_comment_statistics\";s:5:\"field\";s:22:\"last_comment_timestamp\";s:5:\"label\";s:9:\"Last Post\";}s:3:\"ops\";a:5:{s:5:\"label\";s:3:\"Ops\";s:2:\"id\";s:3:\"ops\";s:5:\"table\";s:12:\"flag_content\";s:5:\"field\";s:3:\"ops\";s:12:\"relationship\";s:16:\"flag_content_rel\";}}s:7:\"filters\";a:1:{s:6:\"status\";a:9:{s:8:\"operator\";s:1:\"=\";s:5:\"value\";i:1;s:5:\"group\";s:1:\"0\";s:7:\"exposed\";b:0;s:6:\"expose\";a:2:{s:8:\"operator\";b:0;s:5:\"label\";s:0:\"\";}s:2:\"id\";s:6:\"status\";s:5:\"table\";s:4:\"node\";s:5:\"field\";s:6:\"status\";s:12:\"relationship\";s:4:\"none\";}}s:6:\"access\";a:3:{s:4:\"type\";s:4:\"role\";s:4:\"role\";a:1:{i:2;s:1:\"2\";}s:4:\"perm\";s:0:\"\";}s:5:\"title\";s:12:\"My bookmarks\";s:14:\"items_per_page\";s:2:\"25\";s:6:\"offset\";i:0;s:9:\"use_pager\";b:1;s:13:\"pager_element\";i:0;s:5:\"empty\";s:132:\"You have not yet bookmarked any content. Click the \"Запомнить\" link when viewing a piece of content to add it to this list.\";s:12:\"empty_format\";i:0;s:12:\"style_plugin\";s:7:\"default\";s:13:\"style_options\";a:0:{}s:10:\"row_plugin\";s:4:\"node\";s:11:\"row_options\";a:4:{s:12:\"relationship\";s:4:\"none\";s:10:\"build_mode\";s:6:\"teaser\";s:5:\"links\";i:1;s:8:\"comments\";i:0;}}');
INSERT INTO `views_display` VALUES (3,'page','Page','page',2,'a:3:{s:4:\"path\";s:9:\"bookmarks\";s:4:\"menu\";a:3:{s:4:\"type\";s:6:\"normal\";s:5:\"title\";s:12:\"My bookmarks\";s:6:\"weight\";s:1:\"0\";}s:11:\"tab_options\";a:3:{s:4:\"type\";s:4:\"none\";s:5:\"title\";N;s:6:\"weight\";N;}}');
INSERT INTO `views_display` VALUES (4,'block_1','Block','block',2,'a:6:{s:14:\"items_per_page\";i:5;s:8:\"defaults\";a:5:{s:14:\"items_per_page\";b:0;s:6:\"offset\";b:0;s:9:\"use_pager\";b:0;s:13:\"pager_element\";b:0;s:6:\"fields\";b:0;}s:6:\"offset\";i:0;s:9:\"use_pager\";b:0;s:13:\"pager_element\";i:0;s:6:\"fields\";a:2:{s:5:\"title\";a:12:{s:5:\"label\";s:0:\"\";s:5:\"alter\";a:16:{s:10:\"alter_text\";i:0;s:4:\"text\";s:0:\"\";s:9:\"make_link\";i:0;s:4:\"path\";s:0:\"\";s:10:\"link_class\";s:0:\"\";s:3:\"alt\";s:0:\"\";s:6:\"prefix\";s:0:\"\";s:6:\"suffix\";s:0:\"\";s:6:\"target\";s:0:\"\";s:4:\"help\";s:0:\"\";s:4:\"trim\";i:0;s:10:\"max_length\";s:0:\"\";s:13:\"word_boundary\";i:1;s:8:\"ellipsis\";i:1;s:4:\"html\";i:0;s:10:\"strip_tags\";i:0;}s:5:\"empty\";s:0:\"\";s:10:\"hide_empty\";i:0;s:10:\"empty_zero\";i:0;s:12:\"link_to_node\";i:1;s:7:\"exclude\";i:0;s:2:\"id\";s:5:\"title\";s:5:\"table\";s:4:\"node\";s:5:\"field\";s:5:\"title\";s:8:\"override\";a:1:{s:6:\"button\";s:11:\"Use default\";}s:12:\"relationship\";s:4:\"none\";}s:15:\"field_guide_nid\";a:15:{s:5:\"label\";s:0:\"\";s:5:\"alter\";a:16:{s:10:\"alter_text\";i:0;s:4:\"text\";s:7:\"[title]\";s:9:\"make_link\";i:1;s:4:\"path\";s:22:\"node/[field_guide_nid]\";s:10:\"link_class\";s:0:\"\";s:3:\"alt\";s:0:\"\";s:6:\"prefix\";s:12:\"о гиде \";s:6:\"suffix\";s:0:\"\";s:6:\"target\";s:0:\"\";s:4:\"help\";s:0:\"\";s:4:\"trim\";i:0;s:10:\"max_length\";s:0:\"\";s:13:\"word_boundary\";i:1;s:8:\"ellipsis\";i:1;s:4:\"html\";i:0;s:10:\"strip_tags\";i:0;}s:5:\"empty\";s:0:\"\";s:10:\"hide_empty\";i:0;s:10:\"empty_zero\";i:0;s:12:\"link_to_node\";i:1;s:10:\"label_type\";s:4:\"none\";s:6:\"format\";s:7:\"default\";s:8:\"multiple\";a:4:{s:5:\"group\";b:1;s:15:\"multiple_number\";s:0:\"\";s:13:\"multiple_from\";s:0:\"\";s:17:\"multiple_reversed\";b:0;}s:7:\"exclude\";i:0;s:2:\"id\";s:15:\"field_guide_nid\";s:5:\"table\";s:21:\"node_data_field_guide\";s:5:\"field\";s:15:\"field_guide_nid\";s:8:\"override\";a:1:{s:6:\"button\";s:11:\"Use default\";}s:12:\"relationship\";s:4:\"none\";}}}');
INSERT INTO `views_display` VALUES (4,'default','Defaults','default',1,'a:5:{s:7:\"filters\";a:2:{s:6:\"status\";a:9:{s:8:\"operator\";s:1:\"=\";s:5:\"value\";s:1:\"1\";s:5:\"group\";s:1:\"0\";s:7:\"exposed\";b:0;s:6:\"expose\";a:2:{s:8:\"operator\";b:0;s:5:\"label\";s:0:\"\";}s:2:\"id\";s:6:\"status\";s:5:\"table\";s:4:\"node\";s:5:\"field\";s:6:\"status\";s:12:\"relationship\";s:4:\"none\";}s:4:\"type\";a:9:{s:8:\"operator\";s:2:\"in\";s:5:\"value\";a:1:{s:11:\"testimonial\";s:11:\"testimonial\";}s:5:\"group\";s:1:\"0\";s:7:\"exposed\";b:0;s:6:\"expose\";a:2:{s:8:\"operator\";b:0;s:5:\"label\";s:0:\"\";}s:2:\"id\";s:4:\"type\";s:5:\"table\";s:4:\"node\";s:5:\"field\";s:4:\"type\";s:12:\"relationship\";s:4:\"none\";}}s:5:\"sorts\";a:1:{s:6:\"status\";a:5:{s:5:\"order\";s:4:\"DESC\";s:2:\"id\";s:6:\"status\";s:5:\"table\";s:4:\"node\";s:5:\"field\";s:6:\"status\";s:12:\"relationship\";s:4:\"none\";}}s:6:\"fields\";a:2:{s:5:\"title\";a:12:{s:5:\"label\";s:0:\"\";s:5:\"alter\";a:16:{s:10:\"alter_text\";i:0;s:4:\"text\";s:0:\"\";s:9:\"make_link\";i:0;s:4:\"path\";s:0:\"\";s:10:\"link_class\";s:0:\"\";s:3:\"alt\";s:0:\"\";s:6:\"prefix\";s:0:\"\";s:6:\"suffix\";s:0:\"\";s:6:\"target\";s:0:\"\";s:4:\"help\";s:0:\"\";s:4:\"trim\";i:0;s:10:\"max_length\";s:0:\"\";s:13:\"word_boundary\";i:1;s:8:\"ellipsis\";i:1;s:4:\"html\";i:0;s:10:\"strip_tags\";i:0;}s:5:\"empty\";s:0:\"\";s:10:\"hide_empty\";i:0;s:10:\"empty_zero\";i:0;s:12:\"link_to_node\";i:1;s:7:\"exclude\";i:0;s:2:\"id\";s:5:\"title\";s:5:\"table\";s:4:\"node\";s:5:\"field\";s:5:\"title\";s:8:\"override\";a:1:{s:6:\"button\";s:8:\"Override\";}s:12:\"relationship\";s:4:\"none\";}s:15:\"field_guide_nid\";a:3:{s:2:\"id\";s:15:\"field_guide_nid\";s:5:\"table\";s:21:\"node_data_field_guide\";s:5:\"field\";s:15:\"field_guide_nid\";}}s:5:\"title\";s:23:\"Новые отзывы\";s:9:\"arguments\";a:0:{}}');
INSERT INTO `views_display` VALUES (4,'page_1','per_guide','page',3,'a:11:{s:9:\"arguments\";a:1:{s:15:\"field_guide_nid\";a:38:{s:14:\"default_action\";s:6:\"ignore\";s:12:\"style_plugin\";s:15:\"default_summary\";s:13:\"style_options\";a:0:{}s:8:\"wildcard\";s:3:\"all\";s:21:\"wildcard_substitution\";s:3:\"All\";s:5:\"title\";s:0:\"\";s:10:\"breadcrumb\";s:0:\"\";s:21:\"default_argument_type\";s:5:\"fixed\";s:16:\"default_argument\";s:0:\"\";s:13:\"validate_type\";s:4:\"node\";s:13:\"validate_fail\";s:9:\"not found\";s:12:\"break_phrase\";i:0;s:3:\"not\";i:0;s:2:\"id\";s:15:\"field_guide_nid\";s:5:\"table\";s:21:\"node_data_field_guide\";s:5:\"field\";s:15:\"field_guide_nid\";s:27:\"validate_user_argument_type\";s:3:\"uid\";s:19:\"validate_user_roles\";a:1:{i:2;i:0;}s:8:\"override\";a:1:{s:6:\"button\";s:11:\"Use default\";}s:12:\"relationship\";s:4:\"none\";s:26:\"default_options_div_prefix\";s:0:\"\";s:22:\"default_argument_fixed\";s:0:\"\";s:21:\"default_argument_user\";i:0;s:20:\"default_argument_php\";s:0:\"\";s:27:\"validate_argument_node_type\";a:6:{s:5:\"guide\";s:5:\"guide\";s:5:\"panel\";i:0;s:4:\"news\";i:0;s:4:\"page\";i:0;s:5:\"story\";i:0;s:11:\"testimonial\";i:0;}s:29:\"validate_argument_node_access\";i:0;s:26:\"validate_argument_nid_type\";s:3:\"nid\";s:28:\"validate_argument_vocabulary\";a:1:{i:1;i:0;}s:22:\"validate_argument_type\";s:3:\"tid\";s:27:\"validate_argument_transform\";i:0;s:28:\"validate_user_restrict_roles\";i:0;s:32:\"validate_argument_node_flag_name\";s:14:\"*relationship*\";s:32:\"validate_argument_node_flag_test\";s:9:\"flaggable\";s:35:\"validate_argument_node_flag_id_type\";s:2:\"id\";s:32:\"validate_argument_user_flag_name\";s:14:\"*relationship*\";s:32:\"validate_argument_user_flag_test\";s:9:\"flaggable\";s:35:\"validate_argument_user_flag_id_type\";s:2:\"id\";s:21:\"validate_argument_php\";s:0:\"\";}}s:8:\"defaults\";a:9:{s:9:\"arguments\";b:0;s:14:\"items_per_page\";b:0;s:6:\"offset\";b:0;s:9:\"use_pager\";b:0;s:13:\"pager_element\";b:0;s:12:\"style_plugin\";b:0;s:13:\"style_options\";b:0;s:10:\"row_plugin\";b:0;s:11:\"row_options\";b:0;}s:4:\"path\";s:18:\"testimonials/guide\";s:14:\"items_per_page\";i:0;s:6:\"offset\";i:0;s:9:\"use_pager\";b:0;s:13:\"pager_element\";i:0;s:12:\"style_plugin\";s:7:\"default\";s:13:\"style_options\";a:0:{}s:10:\"row_plugin\";s:4:\"node\";s:11:\"row_options\";a:4:{s:12:\"relationship\";s:4:\"none\";s:10:\"build_mode\";s:6:\"teaser\";s:5:\"links\";i:1;s:8:\"comments\";i:0;}}');
/*!40000 ALTER TABLE `views_display` ENABLE KEYS */;
UNLOCK TABLES;

DROP TABLE IF EXISTS `views_view`;
CREATE TABLE `views_view` (
  `vid` int(10) unsigned NOT NULL AUTO_INCREMENT,
  `name` varchar(32) NOT NULL DEFAULT '',
  `description` varchar(255) DEFAULT '',
  `tag` varchar(255) DEFAULT '',
  `view_php` blob,
  `base_table` varchar(64) NOT NULL DEFAULT '',
  `is_cacheable` tinyint(4) DEFAULT '0',
  PRIMARY KEY (`vid`),
  UNIQUE KEY `name` (`name`)
) ENGINE=InnoDB DEFAULT CHARSET=utf8;

LOCK TABLES `views_view` WRITE;
/*!40000 ALTER TABLE `views_view` DISABLE KEYS */;
INSERT INTO `views_view` VALUES (1,'guides','','','','node',0);
INSERT INTO `views_view` VALUES (2,'news','','','','node',0);
INSERT INTO `views_view` VALUES (3,'flag_bookmarks','A page listing the current user\'s bookmarks at /bookmarks.','flag','','node',0);
INSERT INTO `views_view` VALUES (4,'testimonials','','','','node',0);
/*!40000 ALTER TABLE `views_view` ENABLE KEYS */;
UNLOCK TABLES;

DROP TABLE IF EXISTS `vocabulary`;
CREATE TABLE `vocabulary` (
  `vid` int(10) unsigned NOT NULL AUTO_INCREMENT,
  `name` varchar(255) NOT NULL DEFAULT '',
  `description` longtext,
  `help` varchar(255) NOT NULL DEFAULT '',
  `relations` tinyint(3) unsigned NOT NULL DEFAULT '0',
  `hierarchy` tinyint(3) unsigned NOT NULL DEFAULT '0',
  `multiple` tinyint(3) unsigned NOT NULL DEFAULT '0',
  `required` tinyint(3) unsigned NOT NULL DEFAULT '0',
  `tags` tinyint(3) unsigned NOT NULL DEFAULT '0',
  `module` varchar(255) NOT NULL DEFAULT '',
  `weight` tinyint(4) NOT NULL DEFAULT '0',
  PRIMARY KEY (`vid`),
  KEY `list` (`weight`,`name`)
) ENGINE=InnoDB DEFAULT CHARSET=utf8;

LOCK TABLES `vocabulary` WRITE;
/*!40000 ALTER TABLE `vocabulary` DISABLE KEYS */;
INSERT INTO `vocabulary` VALUES (1,'Услуги','','',1,1,1,1,0,'taxonomy',0);
/*!40000 ALTER TABLE `vocabulary` ENABLE KEYS */;
UNLOCK TABLES;

DROP TABLE IF EXISTS `vocabulary_node_types`;
CREATE TABLE `vocabulary_node_types` (
  `vid` int(10) unsigned NOT NULL DEFAULT '0',
  `type` varchar(32) NOT NULL DEFAULT '',
  PRIMARY KEY (`type`,`vid`),
  KEY `vid` (`vid`)
) ENGINE=InnoDB DEFAULT CHARSET=utf8;

LOCK TABLES `vocabulary_node_types` WRITE;
/*!40000 ALTER TABLE `vocabulary_node_types` DISABLE KEYS */;
INSERT INTO `vocabulary_node_types` VALUES (1,'guide');
/*!40000 ALTER TABLE `vocabulary_node_types` ENABLE KEYS */;
UNLOCK TABLES;
/*!40103 SET TIME_ZONE=@OLD_TIME_ZONE */;

/*!40101 SET SQL_MODE=@OLD_SQL_MODE */;
/*!40014 SET FOREIGN_KEY_CHECKS=@OLD_FOREIGN_KEY_CHECKS */;
/*!40014 SET UNIQUE_CHECKS=@OLD_UNIQUE_CHECKS */;
/*!40111 SET SQL_NOTES=@OLD_SQL_NOTES */;

